Multiple size <= 100
OK
Multiple size <= 500
TEST 1 ARG:143 -203 83 158 154 -158 -117 -76 -127 97 -169 135 -130 -235 -243 81 75 -10 218 6 -244 -134 233 -178 -181 -25 -47 -172 113 -106 -100 -142 -128 204 87 -245 102 37 -214 12 -70 -62 -184 -211 -231 -33 -238 21 -194 -99 -61 -183 197 117 129 144 -86 89 -148 -14 -209 51 163 -233 86 124 -119 67 -225 192 184 -136 -141 -240 -206 68 -120 183 -157 128 -189 -168 49 84 224 231 -50 -68 153 -175 66 43 -91 -79 103 -213 29 -92 -242 58 -132 -163 38 13 72 139 136 149 -201 243 108 99 -97 -167 195 226 -116 -155 -226 109 -102 191 -170 -2 52 24 178 198 -82 -30 61 -234 -80 -145 -165 -250 -6 -42 225 36 30 -101 39 -159 194 -198 -24 176 -21 -140 91 -28 34 27 105 -190 -232 120 189 76 -3 -93 -204 -36 60 46 4 -15 -138 -217 -104 219 -177 173 53 35 -223 -105 177 90 -49 123 65 -60 222 249 246 14 73 -173 95 18 121 -1 32 230 -241 -215 126 202 -230 -7 -162 -150 156 -195 -210 56 59 201 -144 -113 -228 -125 54 146 -41 -222 94 63 190 -139 33 -59 -220 -23 -137 240 -154 28 -199 -74 92 -73 -48 47 127 -185 100 -94 133 -188 223 0 -219 -87 40 228 -202 -115 -43 -200 55 159 69 -13 137 -124 -89 -96 -205 -8 -152 175 212 -16 -179 -216 -66 141 93 -75 -17 104 23 -35 1 186 -239 167 199 248 145 -31 -186 -65 -38 217 3 200 -247 155 -135 -57 -45 -246 45 2 44 147 241 -224 185 227 -153 -29 -196 -197 172 114 -20 -64 9 -122 -77 -52 125 151 15 213 138 152 22 -180 -193 -146 70 -69 -212 -37 221 193 -54 220 236 115 -58 101 171 118 77 245 71 208 -108 -129 -110 78 -107 -207 -12 82 85 -133 181 -237 -67 48 -171 -191 -85 -111 -84 80 209 20 -53 161 211 5 50 41 -98 238 -174 79 -131 170 -156 26 235 187 96 -5 157 162 -72 -221 -118 -56 237 17 131 -46 -187 206 74 182 -121 179 203 -63 -27 8 -143 -26 -40 196 -249 -95 242 -109 116 -123 7 112 42 168 106 -34 10 -18 31 232 -103 -164 -19 -182 111 229 57 122 207 107 -83 -4 -44 19 119 -236 16 -160 247 64 174 164 -126 166 25 -218 -166 234 214 205 150 98 -161 -151 -227 210 140 62 -112 -88 11 -90 -51 239 180 130 -78 148 -32 244 -81 188 216 -71 134 165 215 -192 -9 132 88 -11 -114 -39 160 -229 169 -149 142 -176 -147 -248 -55 110 -22 -208 
TEST 2 ARG:194 132 -236 -210 189 -174 222 -65 -168 106 240 -11 61 16 -116 -4 -105 -125 184 -3 101 213 -111 -218 131 -48 174 -219 -77 137 -64 -45 14 248 -113 8 -231 -91 -69 243 32 18 -34 211 152 56 -83 164 -14 206 207 -72 244 -138 -39 -226 236 -248 185 4 124 242 205 29 149 -143 -181 22 179 35 -144 5 -227 -242 -55 48 228 -183 215 -68 -208 47 86 113 140 -157 -237 -121 173 -159 116 128 -140 17 234 -184 130 -127 -70 -216 104 43 52 105 95 217 27 109 69 -171 -38 153 224 21 -147 -223 -62 70 120 -214 -26 64 139 -27 -191 -6 -47 -176 2 155 -250 -163 -61 -29 -84 114 126 -40 -57 -221 -213 -177 -249 -126 -10 210 -93 -98 99 74 42 119 197 118 -134 -215 191 -1 129 145 83 96 112 -41 54 92 183 -212 133 77 -107 37 -241 -235 -33 166 -112 -50 10 -148 -139 -133 -220 150 249 78 223 44 208 147 -244 -185 -142 -129 -15 -76 -196 -141 -104 -24 167 24 171 -20 221 36 196 -188 -13 -165 158 -9 -37 -2 53 89 159 151 127 7 -197 161 -146 12 202 -66 80 -56 -101 65 143 121 20 -130 238 -178 -205 -234 212 76 125 -119 -145 107 66 -78 -149 91 -114 -203 -99 199 -123 -136 -224 0 -19 -190 227 146 203 1 186 -59 11 -207 -53 -239 -169 -79 -179 -81 -162 -82 94 26 -243 -16 -28 -167 232 -151 -35 -122 -95 41 45 229 -71 160 181 162 -86 -131 13 188 -211 110 57 -25 247 -137 -87 198 117 87 -115 30 168 245 -222 -198 -135 93 6 -90 31 134 63 165 144 -74 -110 138 -245 -88 15 62 -54 219 -124 97 218 -175 -102 -36 -18 -206 -166 -232 38 -63 -152 -44 -75 51 -85 -225 81 -80 -180 108 123 -17 -182 178 -164 201 111 -229 50 176 -187 -228 -21 -202 -200 141 170 209 -49 25 -108 135 103 -199 -7 190 3 102 -120 -73 -103 214 -233 230 -154 -170 55 142 -43 -238 -52 -30 9 -204 -150 182 39 100 88 49 235 216 -155 241 204 -89 -209 187 -42 -118 -117 72 -217 58 -132 -109 -12 192 -230 172 82 23 73 -32 -172 136 -240 -22 60 -186 148 -94 68 -153 -96 169 195 180 154 231 71 -189 33 34 -100 46 40 -194 90 -173 200 157 226 177 19 156 115 237 122 -128 75 225 -51 220 -247 59 -67 -246 -60 67 -106 -97 175 84 -8 -195 -31 -161 193 -5 -201 163 85 -23 -156 -58 28 246 -160 -46 79 233 239 98 -158 -192 -92 -193 
TEST 3 ARG:124 -40 71 -223 -155 194 -184 -158 240 -55 87 -240 -145 -85 106 85 135 -105 192 -63 -102 -65 -181 -28 -101 -211 -131 -47 -138 -195 -7 236 -9 235 62 159 -151 -186 -172 -206 -167 -104 -161 -14 196 21 65 -118 -174 -205 -56 -11 226 -70 152 -243 -2 154 49 0 -146 129 39 -222 174 -21 207 97 -127 248 223 -248 60 -5 203 111 145 140 -73 137 19 120 -231 -124 208 179 68 -92 -76 -90 73 167 -122 200 244 50 -200 80 -13 -67 -80 -35 -8 -193 42 -123 133 -142 -49 -29 149 -139 -68 48 -150 8 -53 229 195 -149 206 115 239 109 67 100 216 77 57 -125 -15 -218 -213 220 -210 142 41 -220 -228 10 16 -110 -247 243 -97 26 164 -96 -108 -116 -192 -43 96 -74 150 63 -27 -157 -183 -119 190 134 -182 -229 -82 76 82 182 -137 122 157 107 227 -197 74 210 18 44 -19 172 99 31 -226 -6 40 78 151 -136 -173 12 -134 13 162 168 24 14 -72 -170 51 130 6 247 -83 79 -57 -216 221 -236 -120 173 -77 -31 117 -163 -44 3 -23 184 75 144 -78 66 201 238 136 -91 176 54 -187 94 -217 -214 -32 -244 -224 -50 249 52 197 53 141 -71 -37 -88 105 -62 232 4 -52 -241 81 171 143 234 -129 110 241 -54 2 189 -148 -250 112 245 -143 131 -48 -234 -147 -203 9 32 225 -159 -239 -41 132 237 187 -1 147 5 104 89 84 -176 169 -156 -130 101 -144 213 20 -106 -238 45 -39 118 128 -128 191 93 -84 231 155 186 148 30 212 33 -180 -30 188 -126 -133 -132 230 160 -12 -107 -154 17 -95 -81 199 90 242 38 -177 46 -115 27 127 -169 -185 -246 55 59 126 -33 102 205 125 -51 161 -16 -87 -20 -22 175 -230 -112 163 -61 -3 -98 -59 -164 -89 -10 -103 153 -219 123 204 -225 91 -215 -245 -24 -69 -198 58 198 95 -237 -140 222 88 -166 -165 -194 181 -25 34 -86 -113 61 103 -168 202 -26 -94 -201 156 -46 43 -4 -208 56 47 -38 -191 224 114 -227 -60 209 233 -42 146 -152 -100 138 211 -160 64 -121 193 -242 -171 7 -99 -153 -204 121 116 214 -179 -114 -75 -117 165 25 69 -190 -232 228 177 29 -212 217 -175 -209 -188 218 -162 139 22 -135 72 11 70 -45 -178 180 -221 -199 83 113 -111 98 86 -109 92 36 -207 119 1 -66 -58 28 178 215 170 -17 219 -189 166 185 108 -36 -249 23 246 183 -141 -196 15 -34 -64 35 -233 -93 -202 -18 158 -235 37 -79 
TEST 4 ARG:15 93 -133 -226 -142 110 -106 234 -249 191 198 -17 156 -127 -229 -139 -61 -25 -174 -69 -119 -198 -65 68 -234 -98 -166 -180 124 -206 184 12 -178 -5 130 -238 32 152 -205 -11 168 86 177 -141 49 36 -70 126 108 7 217 174 145 -188 -83 125 -114 181 40 233 151 214 -202 134 237 113 112 -138 141 -208 79 243 44 91 -244 244 -146 182 -173 55 -143 26 37 -101 84 76 185 11 60 -89 43 8 150 176 -193 149 29 53 18 216 236 -152 -30 -181 210 48 1 -235 -64 41 63 2 147 -242 -109 107 -115 6 -88 82 -169 -97 -77 -158 179 249 -197 -78 167 45 -96 88 57 71 173 -93 47 148 194 109 154 -47 97 -19 -162 231 56 213 20 100 207 -131 -21 21 -201 230 220 228 223 73 158 89 146 19 -214 -240 46 -157 -236 102 157 111 22 -86 14 240 -44 -233 -153 -43 -147 -40 -92 -150 -71 -179 87 -6 169 119 -45 131 -22 24 -42 -74 99 248 77 -102 -121 -112 172 -175 -34 -189 -245 -8 205 3 127 -176 -149 -210 -232 229 -120 64 218 123 75 155 -104 104 133 188 239 -219 140 204 -187 -51 -111 -35 200 246 35 -49 -29 -28 59 201 -54 212 183 103 -223 -9 5 -15 164 117 224 52 39 28 166 -79 98 10 -91 13 153 -80 -192 -163 -122 -185 128 42 -100 74 -4 -53 -186 16 -48 -58 -117 171 193 116 -18 -39 -191 30 180 144 105 -63 38 -7 -82 -108 -103 -32 -165 -73 101 195 142 -199 -23 -50 -3 -200 -130 -129 -243 -183 121 -118 -151 -221 -116 -231 -125 -204 -182 -38 -228 51 -37 -52 -247 -140 137 -59 -31 -227 -68 -241 -154 -87 -27 34 -16 4 -105 238 -184 136 17 178 190 -213 211 227 90 83 215 78 161 -10 65 -207 206 160 -81 -14 187 58 -95 -220 85 92 -159 -1 197 -161 235 -110 -170 -230 -137 66 175 159 163 242 -46 -134 -99 221 -36 165 -250 -212 -57 122 -67 -222 189 -248 -156 135 115 -148 -113 143 61 222 69 -195 62 225 -60 199 -62 50 129 -203 162 114 241 -26 219 209 -66 106 -217 -145 -90 -85 -20 139 -55 25 33 -215 -75 -225 -164 -124 27 -56 226 192 -209 -13 -76 118 -224 -144 -239 80 -12 120 -246 -155 -194 -177 -72 -41 203 -167 208 138 -218 -216 196 -168 -33 9 -107 -136 95 -135 -132 170 247 232 -123 -2 94 -172 0 -196 132 -190 23 31 67 -211 -24 54 -84 245 70 202 81 186 72 -126 -171 -237 -94 96 -160 -128 
TEST 5 ARG:-125 1 -21 64 -188 -37 92 137 -139 4 -194 -237 -159 38 203 48 -238 162 230 -155 -182 -136 191 -43 -137 199 -160 -112 124 -149 -208 158 53 180 65 -186 -168 -58 -121 100 -122 -116 51 -173 -124 -4 -78 -87 -36 20 -91 -71 -217 -221 61 -135 -15 -103 -118 81 238 170 73 169 -176 160 -187 96 -123 151 -212 -126 5 193 39 26 -66 205 -250 223 -243 62 142 186 36 -14 139 118 188 -113 69 -47 152 -206 211 -190 210 -179 91 -213 14 -77 -174 35 37 -146 232 15 114 150 -247 55 95 -67 -142 123 -102 -239 -33 -41 -224 121 161 -128 -134 112 -222 138 28 60 9 -189 216 -154 106 99 168 234 -31 -214 -65 -115 -32 88 -76 -52 -236 -132 16 -177 -131 -16 -165 93 -28 85 175 208 -90 -211 -84 76 71 -158 220 -73 241 233 -232 -192 -129 215 -92 -108 -133 -216 156 -99 -161 11 24 -203 -2 6 117 -55 155 247 94 19 -117 -25 154 83 192 240 -50 140 -107 -156 113 17 -130 174 -181 242 33 -54 127 98 -27 -140 -48 41 -9 198 -227 31 243 -200 -42 -6 197 163 -163 134 -88 -167 -26 236 107 -104 -81 146 -235 -150 -34 45 59 147 204 -204 -35 122 172 129 3 -106 -51 -220 -215 173 -185 -191 -170 13 21 34 42 -230 -40 2 -56 -246 -229 68 -205 -175 -193 -114 -105 -74 229 222 159 -201 -97 -100 -153 -202 195 -143 -69 144 -80 -218 86 -22 -109 47 -94 -46 -219 -38 125 -1 177 80 87 22 -11 -64 -210 -141 -144 -86 -184 184 27 -226 -12 176 -207 97 135 72 248 -17 63 77 -145 109 -234 75 -85 66 -249 166 141 -10 10 103 -120 153 217 40 -223 187 194 -61 224 182 164 145 -244 7 244 43 206 82 74 201 209 -242 -172 49 245 -111 -57 237 -59 -20 -62 213 84 130 54 179 104 18 -148 228 -45 249 -13 212 231 30 157 190 167 -83 -196 50 -79 32 -75 -157 239 -72 101 -138 -209 90 202 70 -89 185 165 -19 -241 136 8 -3 246 -195 58 -240 -39 226 -162 115 -98 120 -127 -8 -95 235 148 57 -101 -183 67 126 -60 -171 105 -169 181 56 -245 189 110 -166 143 -49 -7 102 -119 -18 -70 207 132 227 -180 -152 -231 116 79 -44 44 171 218 -23 23 -68 119 221 -199 -96 -197 -53 -30 108 -29 -233 -5 214 0 133 46 149 -198 29 111 -147 225 219 128 -225 -82 12 200 25 -178 -63 78 52 -110 -151 178 89 -24 131 196 -228 -164 -248 183 -93 
TEST 6 ARG:-189 -206 130 132 161 75 136 -129 -174 -130 -118 -208 200 46 -124 227 13 237 146 187 182 -36 188 90 8 4 -179 -200 247 203 -45 -197 -199 -235 -188 -128 -249 133 134 65 176 210 125 -193 -158 -81 -162 -75 -64 47 -107 162 32 220 -190 -212 -202 -239 -146 -154 86 -204 -243 -181 -119 -32 43 -216 -153 53 -10 57 217 196 232 -71 -241 -52 208 -108 -224 186 -156 105 16 71 -246 226 197 25 -55 -183 41 45 -221 -104 143 -113 80 61 -173 212 -240 -4 123 117 -90 -117 160 1 177 242 166 118 -80 138 26 -30 91 -6 195 15 -106 -209 -7 -225 244 18 171 82 -170 -223 140 -219 -148 -94 120 152 -78 -144 19 107 119 89 102 -93 -28 154 224 -103 -149 -198 -184 198 24 165 -232 214 7 37 0 170 -89 -203 51 -65 -101 -169 -227 108 216 79 -111 59 223 137 -116 -178 -76 213 -168 73 -79 -112 199 -114 167 -91 -214 -88 -213 -86 -122 -35 -37 39 -250 78 -157 -238 181 -56 131 20 -161 -211 84 101 150 145 151 207 34 -165 -20 222 204 -13 -84 -163 81 -19 -2 -41 -234 163 106 -247 -17 23 -24 -160 -72 72 49 -194 -58 -226 230 -95 -151 194 -177 114 -222 193 88 3 -115 98 112 234 -105 231 21 -127 -70 -38 -185 -54 -3 62 -207 215 100 -83 -201 -231 6 -192 -126 -99 -42 28 174 110 -14 205 121 58 -26 113 -186 238 -39 201 29 -195 -12 225 -175 127 148 -123 -135 -77 -143 -62 -187 209 128 76 -176 219 211 178 202 68 168 87 33 -134 -27 -171 -142 64 172 -74 159 -11 -242 9 239 164 -120 -66 158 -49 -25 245 55 221 240 94 -100 70 95 -46 -51 -155 218 -138 192 157 50 -125 -21 44 -98 -152 175 -34 122 12 -87 67 -132 -150 -131 85 156 -139 -233 74 153 -133 -16 115 -22 142 -82 -110 -140 -29 -210 -248 103 -97 248 -44 69 -236 10 -85 241 77 -137 96 -159 243 -8 -167 111 38 -47 -9 249 -69 169 183 5 228 48 229 -229 -5 60 -23 42 -68 246 56 11 147 141 -220 -43 -245 185 -60 99 -92 30 190 109 93 -147 184 104 155 92 -121 -61 52 22 -53 -40 180 14 31 54 -191 191 63 -205 -141 2 139 -172 135 -31 236 -18 97 116 -228 -67 -182 -196 126 -57 -136 -15 235 -50 173 144 124 -217 149 -215 17 35 -59 -48 -96 40 233 129 -73 -1 66 -180 206 27 -63 83 179 36 -109 -102 189 -230 -164 -244 -166 -33 -218 -237 -145 
TEST 7 ARG:-10 32 -66 -63 89 47 75 -218 27 177 -40 176 175 -54 -241 128 -84 -217 -154 103 156 -139 -25 29 219 -36 -215 -102 -41 77 150 126 -230 149 -123 -170 -97 106 -197 -17 8 -31 191 4 12 -89 -164 -52 208 -201 240 97 -51 -50 82 232 -55 -100 -223 243 -180 -247 37 -129 -58 -196 -243 237 222 -57 65 140 249 76 21 -143 -214 231 182 -245 220 104 -144 171 -44 215 100 193 166 55 -127 -56 -161 -151 108 -222 -4 61 114 -137 -120 161 -182 50 -162 -155 11 1 80 187 -184 -72 16 -171 -91 201 22 133 96 86 121 -181 92 127 212 -160 186 -220 69 -86 110 -142 -240 84 10 129 81 123 51 57 -65 242 -183 -111 189 -114 74 0 -239 -119 -224 -98 221 -140 135 -189 -132 9 229 -69 -116 101 83 -3 152 -236 181 188 116 102 5 93 -64 -174 239 -146 227 78 180 -176 203 -206 -149 -18 35 -126 -209 88 58 -115 -221 -157 -168 -229 -163 -13 234 -237 118 -210 238 178 44 -16 -9 233 174 196 -246 56 125 -147 -227 -165 228 207 36 -48 26 18 -233 -232 -108 60 -172 111 -113 241 -34 -112 209 -32 244 -105 -88 148 38 94 46 -198 107 63 40 -158 167 138 -81 -27 -152 147 52 -7 -29 -79 19 -46 -178 -38 155 15 -1 -187 -11 48 117 -20 -141 124 31 139 136 -200 54 3 226 170 153 -71 73 -14 -159 72 -90 169 -204 -150 95 -74 -76 -83 112 146 -24 -109 163 59 -26 -130 245 -179 -87 91 -136 -110 162 -250 200 -103 246 -121 -138 -2 -95 -68 213 87 -85 144 202 -60 105 -61 -195 -226 -5 235 -244 -213 20 39 -211 -156 210 2 113 173 53 247 158 79 122 -8 -208 -67 25 23 -118 64 -30 -190 142 66 115 30 -107 168 41 28 -228 119 -12 -53 230 248 -166 -242 -22 -37 -167 71 -33 -78 -28 6 34 -248 -80 13 62 137 154 -175 164 223 -135 90 -35 -235 68 165 -191 67 -185 143 -23 217 -219 -192 -188 -6 -117 134 -77 -153 24 131 -207 -203 218 -15 132 -125 -104 99 42 194 -238 45 198 -216 -194 -92 192 -45 179 -75 -122 204 -186 -234 -62 172 130 -19 214 -82 70 -59 -225 -249 98 -39 -96 17 -145 14 -47 -193 7 -199 157 -42 -212 -173 49 183 159 -131 206 184 -93 197 205 -128 -21 -231 195 -133 -169 211 190 -134 141 85 33 -94 -148 109 185 225 -49 -177 43 236 145 151 -124 216 160 -101 -205 -43 -202 199 -70 -99 -106 120 224 -73 
TEST 8 ARG:-60 57 -46 201 6 -188 -128 60 -105 136 36 129 111 -148 71 168 234 -202 -208 224 199 -103 166 92 40 -215 -217 -111 13 29 -1 -89 179 -71 242 -161 -203 200 237 -118 -48 102 -36 106 246 238 -53 -30 -191 232 192 231 171 15 144 -200 -158 -17 -160 220 -31 -88 -144 -87 81 -5 49 110 107 -247 159 -86 153 -124 -230 33 -241 241 61 -235 184 -100 -140 -57 -209 -175 28 -162 23 -242 46 163 215 -29 58 62 26 187 183 68 -151 -38 -169 -176 178 -190 -172 137 130 -74 114 -56 193 239 125 119 39 -219 -116 18 64 210 188 146 -15 -109 72 -79 -141 -75 -143 -73 -23 128 247 37 -68 3 -25 -9 -102 16 -147 -20 105 -49 151 248 -98 -195 44 48 -11 -222 217 196 -70 -223 -244 -106 7 160 118 90 -24 -183 -8 -51 186 -115 77 73 161 -131 182 124 243 -249 209 -205 219 -234 12 165 197 -238 185 175 -65 -64 174 -216 9 244 108 121 -122 96 103 195 -95 45 38 -185 218 -233 -152 -33 140 -43 -248 10 -4 207 -3 -129 70 -174 169 -229 8 89 -114 -168 -77 -58 -220 -133 -27 139 116 -164 -211 145 -101 131 0 148 -2 80 -94 -207 -97 -189 214 -121 -206 -37 -76 212 -142 -130 206 55 225 69 -10 -135 -145 -110 97 -214 142 115 233 41 -120 -59 32 162 152 98 -180 -198 202 74 -187 173 -167 141 181 109 157 25 -42 59 -173 -179 -18 -171 86 -181 230 122 101 -126 -6 -92 -225 21 -231 177 82 -243 -34 -157 -21 -90 -165 -246 -41 190 -156 -186 -69 -210 -237 -50 -84 42 -12 -184 -228 104 34 24 -240 -14 -117 228 78 -163 2 14 170 227 66 -35 112 -28 43 216 51 87 83 -119 147 -67 123 -107 -199 204 -39 -218 235 211 -96 100 -62 226 50 -63 22 11 79 -153 -40 -194 229 47 -32 -177 76 35 -81 88 -149 -170 222 -137 -139 213 53 -66 -22 -227 -154 203 -226 154 138 -204 -224 -193 133 -108 85 189 -72 65 52 -91 135 -93 -83 223 149 143 -99 -78 126 -155 -166 -150 -55 -127 27 4 93 5 -44 -213 -85 120 240 -125 150 -123 56 75 176 -104 -221 -138 -245 -80 99 54 -250 -61 194 -182 -201 17 221 127 -26 -19 -136 -192 117 245 95 -52 20 84 172 -196 -54 30 19 208 158 63 -13 236 -112 -132 155 -197 -212 67 94 1 31 -113 113 -232 180 -134 -7 -239 205 132 191 134 -45 -47 198 167 -16 -82 249 164 91 -178 -159 156 -236 -146 
TEST 9 ARG:-159 33 63 -199 -67 -224 174 198 27 171 -7 5 -116 -112 -240 215 133 -234 148 -242 146 201 62 177 181 233 -36 -197 223 -46 206 -162 170 240 81 80 95 191 -108 53 -129 189 -246 111 203 -204 163 -218 -88 -170 -23 -91 -174 -201 48 -237 -33 -119 -29 -62 -203 14 -5 100 -175 125 211 37 88 -236 98 59 246 -22 -114 -50 134 167 -244 -149 -187 -21 -19 30 155 71 237 -53 -225 209 -239 -82 -13 -208 129 -90 -154 118 172 -27 196 220 188 45 87 -70 -125 140 -127 -64 -144 -120 179 135 -182 -6 131 -231 -138 -143 -104 -2 -232 120 -4 -39 -34 193 132 139 40 -212 247 -209 109 54 -68 43 -79 -37 -55 21 -207 -153 153 85 160 -16 169 200 -107 -249 -230 180 -196 -213 -241 103 -51 -95 245 -179 -194 96 -157 94 69 -228 -214 26 -98 60 22 25 -151 -141 6 -137 218 -169 -142 32 114 -186 -49 -205 11 205 -229 82 119 -181 123 210 102 204 143 -69 -11 92 -106 -122 -109 159 -115 97 61 192 -146 185 -140 236 -202 -100 -110 -126 -77 52 -92 -189 156 79 -145 -172 17 0 113 66 -44 235 9 121 -156 231 117 -40 -167 20 105 -85 49 -94 248 99 238 78 -75 -238 190 -42 -76 149 122 -59 -73 194 228 187 161 1 -54 219 225 -48 -158 -147 -173 150 249 157 -61 39 197 -130 -180 195 -190 -243 227 -118 42 34 91 145 138 2 7 -166 8 126 74 -191 -124 222 152 68 13 108 -103 186 -28 -111 226 46 -35 -102 142 -84 -117 -66 -17 47 28 230 202 -161 175 -31 -164 65 244 93 -178 -206 176 10 -152 110 12 221 158 -9 56 224 -113 -227 116 58 -30 151 -184 -26 89 -165 31 -200 173 -235 77 -57 124 106 -148 44 165 214 -86 -250 -134 -96 -52 -193 -20 -38 -195 -1 -78 127 -163 -185 184 166 162 232 -25 3 67 -176 -97 -72 -155 243 -248 141 -136 72 241 -160 130 -105 -60 -150 36 -220 -24 168 70 128 4 -45 57 64 -198 -3 -12 83 -222 -65 213 -93 -226 -8 -131 51 154 -10 -132 19 -41 -56 90 -168 75 -139 -177 18 101 -247 24 -32 -87 207 50 -188 -89 -63 212 137 -245 -83 -219 -233 -128 -221 -71 -171 73 229 -58 -211 183 35 -121 -223 84 23 -81 -43 -183 -217 -74 -210 164 -135 16 -133 107 29 -101 -215 104 147 -18 239 112 216 -47 182 234 41 15 76 38 -192 217 -216 -14 208 115 136 199 -99 -80 242 -123 178 144 -15 86 55 
TEST 10 ARG:147 79 231 92 -118 165 218 216 1 96 36 -67 -72 -33 -227 221 198 60 247 238 -198 -55 65 90 -189 -197 230 -230 -45 -120 -35 -145 175 -225 136 4 -235 61 181 125 -163 104 135 -5 3 -245 -46 -36 -211 86 -108 -43 -223 10 -30 -32 -88 243 -31 -50 -99 120 -174 -186 -143 -102 156 142 180 -179 -188 -113 63 132 207 -135 -221 -49 -90 -224 19 -126 -134 232 -69 15 44 201 -54 69 -222 -169 18 133 -81 176 111 6 -200 76 -22 21 -151 -73 155 -15 -244 -246 45 240 -87 -29 91 -142 68 -121 -132 56 -28 131 33 -166 162 -80 -205 20 196 -23 163 -21 -232 -78 -172 11 99 -57 83 138 23 153 -74 228 -193 -1 -59 194 93 55 -79 217 -248 109 210 101 160 235 -83 -84 128 203 31 -152 112 8 124 -2 178 141 75 94 30 -187 173 84 14 -117 71 117 -234 -52 -103 -141 -238 -243 -24 -213 -177 -146 -92 -9 -3 171 -131 105 140 145 229 -47 -220 129 5 227 188 -249 -203 226 215 -39 214 189 170 206 -129 -82 190 -96 62 -242 -183 -215 -107 87 164 -86 -38 168 -105 -95 202 236 -64 -65 -110 223 -139 39 -154 -75 -168 220 57 -158 -127 37 41 191 64 -138 -167 -94 58 154 -201 -241 48 249 -204 -153 34 -20 -34 -247 -219 -114 -6 118 70 225 151 -26 -236 208 -77 -76 149 59 -7 159 224 51 -164 -199 209 -27 -214 16 -207 -106 245 146 95 -17 248 -162 47 -111 -195 54 211 233 122 -71 -148 166 100 -137 -149 -182 -128 -196 -155 -41 -44 50 246 204 244 -25 13 -101 -112 183 26 -123 -61 234 123 -10 -194 -228 28 -184 167 187 108 7 -209 67 -250 -37 114 -125 -104 -161 -100 -115 -16 102 -237 121 -176 -202 -185 -98 52 -159 152 -68 -109 184 -239 -147 110 -165 -192 174 -11 0 27 107 -171 219 205 134 -175 158 -42 242 -156 -62 -210 150 -160 -190 148 -170 -70 195 -13 89 116 -91 43 -140 -206 -4 212 172 -226 197 179 -130 -58 -180 143 77 -240 -212 139 88 144 32 74 81 73 12 -229 38 49 113 -119 -233 85 222 17 42 72 -181 97 -191 9 185 -18 40 -40 -116 182 106 137 -144 192 -231 25 -157 169 115 -63 -60 -136 35 200 193 199 119 -133 -178 239 -97 -173 -217 66 -66 126 127 -14 53 157 80 -216 177 213 2 -122 82 98 -150 -53 78 24 -51 22 -12 103 29 186 161 237 130 -89 -124 -85 -93 46 241 -56 -48 -208 -218 -8 -19 
TEST 11 ARG:-217 36 47 -139 -199 219 122 196 -94 -244 -2 40 59 18 244 -249 -3 -1 -214 243 76 -4 -241 153 -39 -234 -23 -191 82 109 -107 -197 198 -143 -122 121 -194 -157 -56 -119 -114 -167 136 -147 212 -206 -211 117 -45 -30 134 11 -248 93 -130 118 -68 -174 125 -233 -44 81 -41 233 135 -213 116 64 168 -80 231 180 -50 -60 146 186 -153 137 -131 -250 6 150 -151 -148 -89 46 -42 -240 -225 178 -101 -95 -98 163 -182 241 -10 249 95 -159 -134 -141 -155 202 -21 -218 58 -187 114 -189 -76 -238 -154 -215 -236 -32 132 49 50 -53 87 20 -123 99 25 -78 -19 232 173 -200 -81 103 41 -91 -13 -36 107 193 69 -103 129 144 -212 209 119 -133 5 -229 221 -112 -67 -43 -102 220 165 223 -171 228 85 -221 28 190 97 1 -146 -17 104 22 203 226 113 194 -193 158 128 171 211 89 73 -52 4 115 -12 -118 -105 189 56 199 66 63 10 -172 74 -227 179 175 -113 -145 -204 -29 -71 35 161 -88 -38 0 139 -235 15 235 -125 -58 217 -223 33 -231 170 -64 9 -136 166 60 -90 246 -104 -126 -176 90 83 -181 55 224 45 -93 -110 -156 -116 -33 -62 -162 72 237 -135 -161 -150 -31 216 -27 192 131 242 110 208 -63 -54 -70 61 147 -186 -201 -245 167 -175 102 -15 -108 -35 -216 225 181 188 94 -152 2 -22 -196 -97 13 -237 -228 145 -83 -142 206 204 183 -85 -34 -165 120 -84 96 52 57 141 -100 214 34 152 -69 -144 -6 201 -205 -73 17 -25 -37 -166 -220 -242 38 -7 230 133 240 98 -127 -208 -8 67 -18 191 -124 143 -87 234 236 -65 92 -232 31 248 39 138 210 -59 -219 140 -5 185 77 -137 75 195 -96 -184 -243 205 -77 -20 -11 37 218 156 29 100 71 -46 238 51 -109 -138 65 215 -198 79 222 80 123 -170 -168 182 247 -24 159 68 172 142 -74 -82 30 -173 12 227 43 16 -117 -61 -164 -9 -195 -239 3 -178 24 -111 -169 -106 -209 62 -120 112 -190 84 -203 126 162 -188 53 -132 42 -202 -86 -224 -79 -160 -47 91 -51 200 -40 -48 14 124 27 -57 -66 105 174 -163 -75 78 101 -16 239 245 -183 -192 -246 48 -14 213 176 -72 -92 -129 -185 8 130 19 23 21 151 108 -180 177 184 -149 -26 -210 88 -49 207 -226 127 -247 -158 197 44 -121 -28 164 70 -177 26 169 86 -128 157 54 187 149 -179 7 160 32 154 -140 -99 -115 -207 -55 111 106 229 -230 155 -222 148 
TEST 12 ARG:17 -209 -7 -151 -144 -222 205 -149 -212 -128 98 -202 53 41 -40 -223 -51 -90 170 -16 103 -28 -115 -186 54 35 -105 -121 61 143 149 -196 45 -103 -160 -197 118 189 -159 131 171 -141 -226 -25 -64 -96 -154 203 18 183 153 -116 242 105 182 -249 30 19 -138 134 -136 -86 48 -55 -227 -224 158 -31 146 -78 -29 -66 -30 27 -46 129 -250 56 -211 -233 -97 14 -230 -157 -165 175 234 -146 115 185 -139 43 -241 39 -100 -219 -246 -214 128 32 -142 -164 245 87 -235 -221 -27 -239 239 65 104 210 163 66 166 126 -56 238 -110 -41 225 -193 111 130 -185 233 190 -182 59 -161 227 123 -179 -191 0 69 -134 93 191 -113 11 -132 141 -83 28 -228 -18 2 71 -43 -229 192 -118 -38 -10 -130 31 -204 -65 116 167 101 -58 173 169 201 20 6 155 -98 -84 -177 90 247 -77 15 -150 194 26 -73 -102 148 37 212 220 -71 80 -17 68 -5 193 76 -245 161 214 -234 187 -125 196 152 -53 -26 -106 -206 -91 38 50 86 -135 164 74 -37 -23 1 58 -54 -36 172 62 -171 207 -152 162 180 -148 -80 8 42 110 7 -89 -174 -244 226 -75 96 -201 -167 -170 -123 95 150 -140 -74 9 -199 124 -168 221 209 34 -238 -47 147 83 -153 -21 -81 -122 85 -189 -20 240 -15 -178 -67 100 -217 -9 -44 -42 237 -181 160 -190 60 -50 -210 77 -107 84 127 181 -33 229 -117 -213 47 140 -216 -63 29 186 176 13 199 21 -61 44 -39 73 -237 -35 -137 -19 12 23 145 -143 -158 -114 -22 159 -248 -49 -68 178 -2 -95 137 3 -12 204 114 36 -131 67 177 -225 -184 -243 -240 -62 -79 72 -34 63 208 49 215 217 243 -24 99 -11 -87 -162 82 -48 230 -57 -147 135 25 156 102 5 246 -183 81 91 224 165 -198 -220 -194 -111 -163 -124 -85 89 -93 218 244 -236 -120 -129 -76 -205 -6 122 219 -112 121 222 -247 197 133 -203 10 -1 168 -127 -69 75 211 213 16 92 154 -13 -108 -59 51 88 144 -218 52 97 139 184 -45 -126 4 -119 -207 64 174 231 112 -4 -156 202 117 249 -32 -166 -215 24 40 -176 120 136 248 188 223 70 113 -60 78 -109 179 -133 235 -231 -82 57 138 -52 -70 119 -101 -72 -94 -145 -14 106 -155 142 241 216 55 -180 -99 -192 -242 109 -175 198 157 94 -104 22 195 125 200 -3 79 46 -92 -172 151 232 108 228 -195 -8 33 -88 -188 236 -173 132 -200 206 -232 -208 107 -187 -169 
TEST 13 ARG:-69 192 -188 205 -92 -52 -208 -30 -180 134 114 235 -131 24 -27 186 70 27 -86 -55 -241 -61 -15 -221 -6 85 -203 211 -102 -16 -128 -161 -237 116 -101 -141 -77 -166 196 -129 -59 115 -97 -150 176 -130 45 -85 -209 245 -70 58 106 147 149 -49 -95 -155 -7 -202 -238 -224 80 118 -177 73 -54 242 171 -207 190 153 145 -87 34 -23 22 -181 97 -212 -152 30 -201 137 140 -34 213 146 155 214 -13 191 119 50 123 -71 170 -214 -125 -244 16 -156 -28 -191 43 -187 37 -104 0 195 -220 133 64 77 -186 42 93 173 72 -35 98 183 -47 -217 206 180 51 201 194 6 -109 113 212 -168 -248 -145 179 -218 -5 -115 18 224 165 59 -231 -29 -17 79 -22 233 -11 33 -174 -8 14 -199 47 117 13 87 121 -1 159 124 -136 142 -10 151 -151 40 161 -228 -63 188 9 3 -135 -247 226 156 -56 185 184 -211 -14 237 -51 -118 221 -120 164 -249 -163 31 126 111 -196 120 187 -215 -4 -175 53 248 -81 -88 -176 -62 -41 230 -184 -139 -219 -158 -100 -149 240 -108 -126 -91 23 175 41 -138 -82 102 -223 -60 -75 -42 -222 -18 -80 -162 209 105 108 122 -46 220 -36 -178 -93 -112 -165 -119 -185 -123 -198 25 -111 172 -194 -72 21 219 182 143 -192 28 -89 128 178 -9 54 100 5 223 -153 -134 -154 -12 -227 -124 -78 -113 203 94 207 8 135 -68 174 44 -143 -226 17 -2 -236 -66 217 -239 68 -234 231 38 243 55 246 236 -98 154 225 49 -132 -106 160 239 -159 99 136 78 -99 -64 193 -195 69 232 238 10 -79 -172 74 -117 -121 138 -76 -32 112 -246 -216 -164 163 -148 198 167 88 -167 131 -210 -84 -197 81 -127 -157 -105 -142 66 -58 -133 -67 127 228 4 35 -83 125 57 129 -245 71 -189 -250 -3 -24 -230 -160 -229 92 52 -26 -170 2 -193 -232 76 200 -171 1 -44 -190 86 -48 -96 210 202 168 7 32 -140 -37 -137 61 95 227 -182 56 158 -200 139 103 -73 177 208 241 -40 -204 -242 169 166 -235 -107 -50 67 157 222 162 62 -43 -114 104 249 234 63 26 -206 215 -33 -110 11 -74 -39 132 216 12 204 218 91 39 90 -183 -31 229 144 247 60 -20 101 -146 -65 -21 -147 -57 65 244 75 152 130 181 48 -122 -116 -53 -213 15 36 -90 19 148 141 29 199 107 -45 46 -233 -173 109 -25 -169 -38 -243 89 -94 82 189 -225 20 -144 -240 84 -179 -205 -19 110 83 197 150 96 -103 
TEST 14 ARG:34 -132 -188 -64 212 -243 -152 156 -26 51 -96 97 -66 -71 151 66 138 140 180 56 -202 -182 87 29 -22 -81 47 -249 -143 175 -122 -85 -235 -231 158 94 131 -103 96 207 -106 69 -67 -41 -161 -7 -113 200 -194 234 -140 -216 170 -221 -49 38 144 236 -112 -219 -43 -131 59 6 -197 -37 18 -178 -33 62 245 -121 71 81 106 -12 -245 168 -154 -195 130 40 98 206 164 216 -198 -158 157 -58 -57 -214 -110 193 -208 -70 123 52 148 134 -15 192 150 -59 -39 -156 183 118 185 82 44 -189 -3 31 -11 137 -203 92 -29 68 -134 115 33 223 -128 -50 231 -77 154 141 214 100 10 -118 -98 -34 -184 -84 93 -68 22 -52 -130 -230 35 39 13 -238 132 -153 220 57 152 -79 -139 73 128 -234 238 70 -21 -5 -46 246 217 32 210 -30 -56 67 -89 182 194 -164 226 227 203 -199 -38 124 85 122 142 -120 23 218 88 -75 -190 -60 -101 -171 181 -187 -136 173 169 -27 -51 -236 160 230 147 -212 64 145 -116 176 129 -233 -28 166 -196 -31 -150 -242 46 -2 -240 225 159 104 113 201 136 -210 -90 75 54 79 240 204 -87 -141 -159 89 -78 -166 143 186 232 -176 95 28 37 49 108 102 -174 -114 -48 -40 221 -204 -126 198 -226 -145 41 239 -124 48 105 5 -241 -157 111 -172 -223 196 149 50 60 -6 -25 -91 55 171 -149 99 -160 -95 197 190 -97 -181 -215 187 -138 -18 -42 25 162 8 167 -109 -63 -239 17 -94 -100 -125 -205 -191 -200 -1 -35 42 83 103 63 -162 146 -225 84 119 -163 -13 163 208 -224 -45 1 -147 215 -193 101 -17 3 243 107 -36 -8 219 -72 45 -144 43 114 -19 80 36 -250 26 -65 11 -201 120 19 174 -211 2 -247 4 -170 -102 -183 179 116 191 112 27 242 58 237 -167 -4 228 165 249 -111 -92 -151 -10 247 -209 -74 121 -135 224 -62 -142 -133 248 -248 -73 213 -47 241 76 -115 -93 -206 189 -16 -76 -24 20 0 -173 -220 -169 -232 -175 15 135 -177 -155 16 199 195 30 -80 153 -88 -107 229 -53 -108 -185 -229 244 61 -244 -69 202 -180 -83 126 211 127 7 -23 -20 161 -186 205 117 -105 77 -14 -192 177 65 -119 -246 -82 133 -54 78 -168 -148 184 74 14 9 -55 110 24 86 -32 -227 -207 139 155 -9 -146 -44 -61 -218 91 178 235 109 -117 72 172 -237 -104 -228 53 12 -222 -86 -165 233 125 -127 188 -217 -179 209 -213 21 -137 -129 222 90 -123 -99 
TEST 15 ARG:5 -137 -123 142 -48 -100 18 -180 -53 80 216 -101 -88 -69 -224 -188 191 -111 -233 -42 -93 71 -175 -10 145 -167 -217 192 21 -132 4 -165 -227 -79 -3 -108 201 -197 -162 6 -87 -107 -214 84 67 197 50 -109 89 69 -127 -138 221 -234 214 32 238 -1 243 -229 -200 150 99 -95 121 -19 -248 226 79 161 -31 110 -59 170 165 166 -118 -208 -67 -119 -124 -36 -90 -52 -150 29 232 -98 -103 73 -58 -206 55 211 130 -57 -20 -168 88 114 -153 85 136 48 8 124 -72 144 -151 -205 173 157 188 -2 195 168 -78 125 -164 -47 -74 227 151 -198 160 58 -174 23 3 246 -166 -136 -154 -86 -38 -28 175 -8 -148 -16 189 183 25 -66 41 -46 120 54 38 -191 218 156 176 174 -185 -242 -60 172 86 113 -45 171 -43 87 239 -75 184 10 -84 -76 177 -221 -115 -202 -12 92 -131 204 40 -121 19 115 133 -192 24 -144 -24 210 -201 185 46 -70 -244 -207 -128 28 -65 -145 131 -56 138 101 153 103 -176 -106 -129 -232 -159 -184 139 65 -237 -196 -117 -243 62 109 -80 -17 -21 -83 74 135 -37 -179 140 224 61 63 22 -34 -238 -104 98 122 152 206 90 -223 -61 -122 -235 -105 -222 132 -13 229 9 15 162 143 -186 -130 159 180 -113 45 75 53 -161 194 77 -247 -142 2 181 -147 127 -169 -49 -64 -195 219 -85 212 -77 154 -178 220 -177 108 52 -213 -51 186 42 47 68 198 34 -149 163 -96 82 155 -211 149 31 -204 -181 -140 33 37 -11 57 36 248 95 247 -141 141 -73 -18 -246 -50 -183 -219 -157 -22 30 126 -190 60 -94 81 106 249 -6 233 -133 12 169 -218 119 205 -193 -29 235 -7 93 -33 -62 128 107 -40 96 64 -231 148 -126 -4 17 234 -135 116 72 -44 222 -146 202 -203 129 -228 -54 -152 70 56 -212 217 242 16 27 196 -216 104 66 76 -220 164 231 208 -199 -25 -158 51 -226 190 0 -240 11 14 213 237 241 -187 -172 -155 -26 167 -89 94 102 -35 83 7 -189 -249 -241 100 -230 215 -63 -32 -173 236 179 -236 158 97 105 134 123 26 -97 -102 209 44 43 244 -163 35 240 -91 178 -71 -215 118 13 78 -160 -194 -116 -41 -99 230 -210 -209 223 -156 193 -5 -134 -110 59 -143 146 147 207 -14 245 225 -15 1 -55 -68 -112 91 -125 -81 203 -23 39 111 -245 49 -39 117 200 228 -250 -82 -92 182 -27 -171 -30 187 -120 -114 199 -9 -239 -225 -182 -139 -170 112 137 20 
TEST 16 ARG:166 67 209 103 147 -69 10 140 -240 -190 -130 -177 161 221 159 228 19 -247 105 -201 -229 199 137 -76 104 -163 34 -246 -46 -89 175 156 -155 -235 -77 152 53 -241 243 49 -1 -131 -126 226 -182 22 135 -248 91 218 176 -129 -13 127 92 170 -12 220 -174 3 206 -117 -137 -170 65 -148 83 143 -8 -82 -112 -231 78 227 -159 224 164 184 -125 229 -206 -191 74 -2 89 216 -161 123 -64 -181 -122 -216 173 151 107 -41 23 186 11 -217 52 27 -168 -156 171 -151 158 -36 -146 -97 -101 169 -145 -210 68 -139 -158 230 -88 6 -34 64 43 8 -198 191 168 -203 -249 142 -86 -14 -211 -185 -215 -83 -9 -43 -4 126 196 -128 96 -7 215 231 -106 -179 -196 -55 -51 -58 -243 -42 -193 -5 139 -157 -176 153 -79 29 -24 -54 -114 50 -154 -239 129 114 1 -44 222 9 47 -6 -208 -52 197 -78 -91 -218 117 -116 -111 62 66 134 181 -142 -32 138 132 -26 46 -25 163 162 -98 -40 -204 239 -65 69 179 16 190 36 -33 189 -124 -45 115 -68 21 17 131 146 200 15 121 106 182 203 81 -134 -141 187 245 72 99 -238 -224 -160 -119 -19 -172 -167 -20 172 84 58 118 -207 -56 -173 154 -113 -62 -187 25 238 225 155 119 -72 -162 244 -121 -96 95 7 57 -60 -245 -108 4 -221 241 102 157 219 -232 -47 30 42 247 -104 177 38 59 133 -23 26 55 -102 -197 -226 -115 -99 -228 148 -29 -225 98 -127 -105 246 -140 180 -220 -35 -205 32 122 -189 -109 -153 240 -180 -209 -230 217 24 -132 201 -73 -202 -66 -81 -144 -149 -164 -90 80 -237 160 -61 -48 -100 141 174 35 -234 77 111 -135 -123 120 -171 109 -236 -50 237 -3 -31 -93 130 -18 63 -213 -136 86 -110 48 -15 -178 40 51 210 -120 -194 144 85 100 -80 249 61 -107 -118 -59 -87 87 33 -152 -38 -227 150 -175 -169 97 112 13 194 202 -150 70 207 75 -94 14 -166 -92 205 248 124 71 -186 198 145 -71 -17 39 185 234 -67 233 -233 192 41 236 -244 -184 -219 5 79 2 -22 165 235 108 204 193 125 45 -28 214 211 -143 -53 183 54 128 101 223 -192 213 -199 -200 -188 208 -39 60 -183 113 -103 -147 -222 242 -10 110 90 12 -21 94 -49 -16 195 -138 -85 -63 -133 -30 232 -27 -165 88 178 -74 56 -214 -195 212 116 18 37 -95 31 20 -37 0 28 149 188 82 -57 -70 -84 -223 -75 -250 -11 73 136 -212 -242 167 93 44 76 
TEST 17 ARG:-41 -87 -102 22 182 -118 112 -84 50 -17 45 89 -55 -179 -167 154 -22 -46 -86 149 -16 181 171 -103 -68 -126 -244 -187 124 1 70 145 151 200 -226 -201 20 65 -42 -5 105 3 -246 29 51 -130 76 207 139 85 -218 -161 -219 -139 164 177 -195 189 131 218 19 42 118 -209 53 -221 174 106 109 -144 214 224 -80 -190 -225 161 -235 -156 205 -203 -153 -57 -37 6 63 -236 197 -231 -50 -61 -107 83 175 -146 -215 165 -30 -120 -148 41 -232 126 183 -241 62 -247 30 -151 -216 92 91 167 -56 -90 172 -164 179 170 -112 -105 -169 -193 228 -40 -233 -93 87 -4 -52 107 -147 -99 233 245 82 -110 32 235 122 -230 241 40 -89 148 -113 110 -165 15 -157 13 -228 199 198 43 -207 240 -224 -205 -204 212 220 121 168 -79 64 142 -9 44 -134 -143 11 -188 -83 158 -158 115 226 -125 -171 160 -127 -44 -39 -170 215 135 27 104 173 143 12 -237 133 -8 144 86 -211 -91 -176 -163 246 184 -43 -238 -150 248 60 -54 73 16 -104 -210 -189 -36 249 166 101 -182 -160 155 -88 88 -234 221 -20 39 103 -212 -62 72 210 -47 190 186 108 -124 -122 95 94 -15 127 -166 -65 57 -49 239 -81 74 -21 -121 141 244 -222 185 206 75 146 138 216 97 123 -202 -243 80 247 -29 -191 -38 202 -28 -12 -168 -59 -100 193 17 -76 -31 -13 23 -177 -138 -114 -184 -14 -181 -96 113 -35 -63 -200 102 68 225 -109 -23 69 117 25 -223 -206 -3 194 81 128 -77 153 -132 -123 132 33 66 180 -95 -69 -129 -154 236 -94 -249 0 196 -26 125 176 -53 130 -67 -98 -162 -24 -119 -27 111 49 -101 -229 219 -245 114 21 169 37 -97 -183 136 204 242 -70 78 -174 -178 7 -250 -192 163 201 209 231 77 -108 -48 191 -137 10 -185 234 -11 47 24 99 55 223 -197 -213 -34 213 -60 79 203 208 -145 14 -220 -71 98 -111 48 -135 52 -194 38 137 -242 -180 54 8 -227 116 -72 9 -175 71 35 -66 -117 34 -7 150 -140 56 -173 5 -131 237 129 58 -240 230 -33 90 -25 -18 187 -10 227 -73 -106 229 217 -85 -78 -198 -64 -159 -208 28 -152 -19 -239 -115 162 156 -155 192 -32 147 67 -149 195 157 31 243 159 18 -217 238 26 -186 59 -2 -58 -133 36 -142 -199 -248 140 100 -82 93 152 -75 120 2 61 4 -74 -51 232 134 178 -116 84 -172 96 -1 -214 -141 119 -196 188 211 46 -45 222 -92 -6 -136 -128 
TEST 18 ARG:-38 -33 -140 -75 214 84 50 141 -217 -48 -159 28 43 -206 64 114 -205 -134 -87 74 -142 182 195 167 124 85 236 -127 -157 -78 30 75 -36 155 -172 -40 -101 -65 -55 36 71 171 45 -124 89 146 211 67 -85 169 194 128 -119 221 -149 150 -92 68 -25 103 -31 -146 -91 19 109 -161 96 91 78 -177 202 -3 220 177 8 -86 66 148 -249 -84 -8 -236 -240 -109 24 46 -176 244 -80 0 70 39 -197 118 193 -4 -72 -231 -5 79 184 231 -245 -99 34 2 20 -235 -169 99 233 -151 80 -73 -133 17 -211 241 -221 131 -98 153 -182 -120 -147 21 63 -17 192 -247 113 1 -121 -165 4 -103 111 121 -16 240 154 -250 -183 -74 32 215 164 -160 -232 60 -76 55 14 -209 97 -170 -202 -226 228 -186 47 223 165 234 243 219 44 210 -155 -61 -57 206 -158 -168 -2 -145 116 29 -43 -90 -112 -148 224 137 22 -81 -34 -23 132 142 135 -28 69 -178 208 -50 -175 248 -192 -125 134 138 -110 -238 -198 62 -141 -68 -180 -58 -144 -234 -19 -207 -71 178 188 -70 -30 -47 199 54 237 -210 27 -164 186 -29 26 -89 -163 249 53 151 238 -188 18 -166 100 -52 -137 122 25 -60 88 -201 -237 204 -225 35 -128 -196 61 5 190 175 108 -184 -203 51 176 120 209 -241 -194 203 56 216 -223 -214 106 -26 239 -37 -11 217 98 -143 -129 -154 107 -95 232 -242 -44 -63 147 196 246 -88 94 149 12 -39 -173 92 93 31 -239 -190 -104 -136 -138 -150 145 -222 -93 -228 -189 -135 174 235 -181 127 72 -1 -218 230 -15 212 -167 227 73 -53 168 105 140 10 162 133 -246 -116 -96 -77 -227 112 115 -118 -117 -219 -69 191 65 -111 229 -59 -199 -56 76 -156 198 33 -174 166 -216 83 -171 -230 -22 -83 -67 181 200 -162 3 -113 -32 -66 87 -18 101 -41 23 157 81 37 52 -21 -132 201 160 40 -46 123 11 -108 -14 -54 197 -6 -82 -27 207 16 -215 130 143 110 170 139 -12 -179 119 -122 -195 172 38 158 -107 159 222 -212 180 -187 -94 102 82 -244 -51 95 125 -35 156 173 152 90 -7 -208 247 187 245 86 -130 183 59 -139 48 226 136 144 -45 -126 189 -24 205 -115 -204 -193 15 -153 49 6 41 129 -100 7 -243 -20 117 -10 -131 126 -9 -49 -123 161 -229 -191 -106 -233 13 -105 -64 -62 -200 -79 104 242 57 -114 179 -102 -248 -224 77 -185 42 9 -220 185 58 -213 225 -13 -152 163 213 218 -42 -97 
TEST 19 ARG:-133 199 -46 135 -179 -101 105 102 138 108 223 162 185 157 -102 206 -241 -22 248 63 -57 112 3 173 6 106 -157 16 164 160 -239 212 -154 -19 186 38 -189 247 87 249 -60 -207 152 149 153 -68 151 -190 -82 -105 -29 188 125 -172 -43 -134 88 -56 77 121 118 -233 -25 177 -94 231 -34 75 -109 -182 -121 -117 -88 242 -243 79 -61 -205 -31 218 -15 -80 98 -49 -211 -216 128 -23 -77 -18 243 -24 -160 240 31 -86 42 235 17 238 -28 -85 -206 -35 -198 85 -250 -238 -186 -124 217 216 57 10 -131 187 56 -165 -159 161 -90 35 236 64 134 -116 62 -97 -245 -21 233 154 204 -170 193 94 200 -156 96 224 -236 -152 116 215 -232 -218 18 -75 52 60 -72 47 181 190 71 -194 115 111 -44 49 -213 -204 -53 -199 9 81 -164 33 -9 226 -196 93 20 -158 -39 246 43 68 148 -1 -193 -110 244 147 130 -76 -217 -209 -111 -2 59 -62 69 -214 156 -107 -163 123 -175 -45 -58 -201 176 -81 -155 -55 221 54 25 -173 -235 -223 -224 120 -202 -166 208 4 -130 -203 189 241 165 169 -184 191 84 -93 -141 29 -208 66 -113 -114 -83 -132 170 -231 -42 -73 -142 202 -8 -178 171 -7 73 -38 58 90 131 -177 55 -151 82 132 91 -16 166 -185 -71 124 -6 180 89 41 205 -167 65 67 -180 -27 -20 141 32 28 -26 -138 -139 -168 -221 168 -187 -4 -104 -11 12 -220 192 139 -95 126 36 -115 213 11 143 194 201 -89 -161 179 34 -174 245 -192 103 19 198 -225 101 -145 -30 207 24 -195 -70 -229 -143 -50 -37 45 -67 40 -119 -32 30 95 -249 167 -112 13 -146 209 113 39 -227 76 -248 229 -210 -5 119 -120 37 46 -222 -140 0 -99 136 100 150 -78 -103 26 -128 -10 -234 -162 145 78 -200 -136 230 -47 -237 99 23 -169 -63 -51 -41 -144 214 175 140 -240 -108 14 -197 -215 110 -135 -126 92 -66 159 219 -65 -59 -176 -52 225 239 158 163 203 117 129 107 -64 -149 27 -153 184 -226 -122 -137 -244 142 144 -40 15 234 -228 97 -171 196 80 86 -91 61 228 178 -92 237 104 127 114 48 70 -242 -3 -54 2 172 195 -246 210 7 -183 220 -125 -33 -118 -219 -148 -36 22 8 122 -150 -212 -127 1 -13 -106 51 83 -98 -74 -123 174 21 44 -79 -87 -14 183 -191 -17 137 5 -247 -129 146 227 -181 -48 -230 -12 -84 -69 182 211 -96 232 50 74 -147 155 -100 109 -188 222 72 197 53 133 
TEST 20 ARG:-97 145 155 -105 -110 166 7 67 75 -189 212 -145 -154 -122 -173 -31 141 -68 16 101 157 178 -205 -221 210 -26 -7 -38 -64 -102 -22 -99 -241 182 48 6 -127 201 -248 -87 170 -52 -2 -150 -217 -73 -164 38 -57 -44 -244 -227 205 1 -47 -162 94 -101 -45 -109 184 -28 -181 69 146 -80 87 56 128 -140 -246 -242 99 208 -116 241 -123 148 -111 36 10 -95 -207 29 154 -218 129 -27 -182 22 96 108 -210 249 -176 240 11 39 -8 -78 -35 -134 -71 -212 246 -226 -36 144 -184 26 193 -120 61 149 -220 -201 53 -19 -209 81 -37 172 119 194 74 226 143 73 185 -247 -124 236 47 -10 147 220 84 -121 139 -3 228 195 -126 204 -108 -235 248 112 134 162 158 -222 -74 35 -125 191 161 199 15 -175 -250 40 60 110 -157 -93 -88 33 103 -117 8 -103 218 -55 179 -219 44 24 -129 140 -141 -112 -90 163 -208 46 215 30 43 138 -204 -237 37 -177 192 207 -195 151 -199 242 -136 -86 -230 28 -151 -238 156 109 -1 -180 -33 181 19 153 -115 57 177 120 -15 164 -243 34 -16 64 176 90 -72 -18 114 82 -91 58 -224 -132 -54 -144 -67 168 85 -118 -61 106 -168 -83 27 -152 -229 132 -77 -239 -223 95 243 221 104 -206 50 25 83 17 41 -51 51 -58 245 -50 -216 -56 -155 2 5 52 -128 217 202 232 -32 -119 118 -194 -142 -172 -113 229 -92 70 131 -106 175 -178 55 3 -183 -107 -174 225 -70 -59 123 -148 234 -69 130 117 -159 -147 203 159 -94 233 -63 -197 237 -169 -62 -165 197 -14 -65 169 115 -135 -228 244 -188 -6 32 -24 198 100 213 -187 -84 171 -46 86 224 -153 -98 76 135 -30 -170 -192 59 -213 219 -225 -49 227 4 -41 -81 -236 125 216 121 -234 49 79 -4 -161 174 238 231 180 142 200 -193 -249 42 160 18 -146 92 62 14 222 -240 9 223 150 -96 -21 239 -163 -114 136 65 133 98 -100 -160 31 91 214 111 -29 66 186 137 113 -190 -12 -133 -89 102 -215 -42 235 -231 45 -11 -214 -203 -245 -75 -233 189 78 230 -198 188 -5 -191 -66 -17 -137 173 -82 165 21 -40 152 126 12 190 -104 -25 -131 183 63 -76 -167 -85 -171 167 211 13 124 23 0 -149 -166 -138 116 -143 206 97 -13 -53 -211 196 72 -20 71 187 -202 -139 127 -196 209 -23 88 -79 247 54 107 -60 122 -34 93 105 -185 -200 20 -232 -130 -48 -158 -9 89 -179 80 77 68 -43 -156 -39 -186 
TEST 21 ARG:-144 153 88 -78 53 -14 -105 -70 231 191 148 -64 189 89 7 -186 214 -55 -169 -57 225 46 -22 162 -210 87 -107 68 73 -138 -131 185 249 27 207 81 -250 -29 -84 119 -155 -201 28 -87 -89 -237 206 51 175 -31 161 224 195 -141 -67 132 100 -25 59 -46 157 -128 -20 -73 -196 -174 239 198 -54 82 190 8 217 -173 -5 144 -11 -48 188 226 33 193 183 -2 -24 -21 237 -242 9 105 197 -147 -222 177 -129 102 122 139 60 -160 31 118 196 -139 123 -168 -17 -193 -83 37 -38 -4 -99 13 130 -94 25 -63 211 209 238 -209 -1 -151 36 -134 -50 72 54 -110 -233 -106 -52 75 -113 -7 -190 -225 203 -149 -137 -35 163 176 -152 -15 -228 -249 -184 -175 -18 112 -229 -51 205 126 11 106 110 -58 90 192 129 -223 -172 -104 149 -177 -135 -241 -205 19 -212 30 -3 -32 186 -183 -224 -182 174 -238 -180 -77 -118 204 200 104 212 184 -142 -216 -88 -72 -33 111 67 -90 233 76 5 -204 -221 -12 230 187 -207 -213 97 -82 -215 133 -192 -62 83 49 127 -240 18 169 -60 -102 143 -119 -148 -159 -189 91 -145 120 -199 201 -101 115 66 146 -69 182 32 134 170 -248 -197 -136 107 -19 16 -91 -163 -115 160 -6 -166 86 48 61 210 178 227 63 137 65 -47 -81 229 -208 142 17 202 69 -167 -130 108 -231 -235 45 -153 166 168 -13 29 -23 208 141 152 136 41 80 154 232 -191 56 -37 -179 15 245 180 -108 -39 -120 219 151 117 -97 242 213 228 247 -226 156 84 235 52 77 -150 -40 -181 -143 138 145 -66 -49 39 -65 109 -61 218 -92 -217 -59 -116 -42 -34 -170 -132 -121 -86 42 85 159 131 62 179 -146 -74 -198 248 -76 -171 -123 -43 114 -93 234 -157 34 44 22 93 140 116 -162 -36 -30 0 164 221 -227 -53 167 -28 199 26 -161 -243 -103 125 -206 -154 194 236 95 4 -16 -96 -109 21 -68 -71 158 -27 -9 99 -140 165 215 -125 -234 -245 -230 -200 113 -133 23 240 -211 241 -85 -232 70 -203 -124 -98 -247 220 -79 222 216 -178 172 -195 -185 12 92 -246 78 -114 101 -100 -219 -127 98 -45 3 173 244 55 243 246 -8 -156 64 58 -111 -44 94 -80 124 -75 -187 14 2 -126 -158 -214 -112 6 -244 -176 121 155 47 -122 147 -95 79 -165 57 20 -194 71 74 -188 43 35 40 -164 38 223 -220 96 150 24 -56 181 103 -218 1 -239 50 -41 10 -10 171 135 -117 128 -26 -236 -202 
TEST 22 ARG:202 186 -67 -121 217 35 -172 -189 170 246 -71 -53 -232 45 -13 -233 85 -68 104 -187 -107 -27 -23 -115 54 -43 105 -6 -145 44 -193 11 220 151 -154 237 182 193 234 64 -14 -170 -238 242 -98 10 -33 214 46 3 81 -248 -15 -77 72 -51 -105 -200 -135 209 -19 -117 -99 -30 -166 69 -142 -100 -158 -7 -153 160 -214 -94 -178 174 167 172 116 -195 -73 201 -249 -25 20 198 -234 139 164 -229 -192 -108 243 -201 -97 245 42 56 168 52 70 0 -182 -231 -197 249 -212 -101 218 -196 -102 -93 205 226 -206 -45 215 118 49 -149 91 190 -62 -147 97 -161 -78 53 -227 -213 -20 -112 -95 76 149 -185 93 68 -34 80 159 -80 219 145 -111 213 -222 239 -35 87 143 177 240 23 100 -16 90 -56 -130 -50 -210 -63 -209 -203 -143 -82 -24 155 88 -87 -165 -55 8 62 146 127 5 67 133 65 -36 -148 -159 60 -175 161 107 -131 -228 59 -79 79 111 77 94 -61 175 -28 84 -186 -89 98 -90 61 147 -29 -9 -92 235 -70 125 12 -26 -91 178 -106 -65 -127 -236 -216 -247 78 -205 -58 142 -84 188 -160 -174 34 -10 -239 208 225 6 9 247 -152 -221 31 -224 86 180 -126 -250 -194 108 140 -241 73 166 -1 -96 36 22 152 120 191 55 -235 -31 229 -181 -116 157 -207 -39 -177 -119 -18 -8 -237 210 163 95 -81 66 236 -129 -242 -151 -74 -122 15 183 -57 -180 -66 -141 248 -104 18 112 200 43 103 -88 230 -226 74 -3 148 -137 13 -176 131 144 -38 122 -204 232 197 -17 115 -246 89 171 7 14 194 2 -75 -140 82 -218 -138 199 -167 -245 206 162 37 185 -59 50 156 212 126 227 -103 165 -120 -12 -118 154 121 -85 238 113 224 29 -76 -144 -42 106 173 124 -69 231 -113 123 128 -208 -171 221 33 -150 114 -156 -110 195 -22 -46 -60 -49 40 58 25 -169 119 153 189 -40 -191 17 19 -202 102 -225 -219 -109 -134 -41 -132 -199 -164 192 187 -230 -157 134 176 1 71 75 204 -21 51 211 196 -47 41 -133 228 138 -32 179 110 -217 96 184 -2 -190 -83 38 -54 130 -240 -44 -139 28 136 -128 27 -211 -183 141 158 -244 -184 99 222 181 -37 -5 207 117 -52 137 -179 241 16 132 21 -220 216 135 233 -173 101 -162 -123 -114 129 -198 150 -64 203 -168 26 -155 4 48 -188 -124 -243 223 -72 169 -146 83 32 -48 92 24 -223 -136 -215 -163 244 -125 -86 -4 57 39 109 30 63 47 -11 
TEST 23 ARG:124 -53 103 191 93 -150 -104 -107 41 180 148 -31 119 -169 16 -166 215 179 176 -202 -45 -242 95 -224 169 -126 -50 199 -41 156 142 -43 129 211 -55 -129 57 -158 -102 79 189 147 -72 -10 181 42 20 249 135 227 -113 -106 246 -35 237 -151 -99 122 32 125 -229 -146 235 219 232 126 -148 -29 177 123 -96 216 67 -175 -37 165 11 -247 225 69 151 45 -70 -222 75 160 155 -245 136 -188 -77 202 -149 204 -240 10 183 116 226 -200 -140 33 50 -12 -181 -203 55 -189 166 143 -236 -61 -80 -14 167 115 96 222 -209 82 198 17 238 -170 193 -238 -27 -22 234 -110 -136 -156 -112 108 -122 248 -210 218 140 60 -33 -93 -198 74 65 188 -180 -219 -155 -21 -58 -66 233 12 83 52 91 -56 14 241 107 -142 -78 18 -1 3 146 212 24 239 175 159 110 102 -83 -208 205 31 -34 -225 53 173 -26 -108 -54 -249 -138 171 -87 -19 -226 -239 221 40 -68 6 -40 -137 -212 -131 -57 -51 -144 -92 37 -161 120 13 15 -171 117 -119 25 -85 -227 -28 -134 35 -118 99 -69 -233 -67 -11 -153 -168 -135 200 -177 220 19 80 -248 -88 -221 -97 114 -90 21 186 -89 101 162 92 -250 47 -123 -132 121 -196 -182 -23 -214 -215 -164 172 -206 111 49 85 -173 224 -143 228 -147 -223 58 -6 -127 185 70 100 0 -24 223 157 149 28 -121 -157 -5 208 -197 73 106 182 -103 130 161 38 187 -86 245 213 247 -207 -220 51 -109 -165 229 184 4 -30 76 113 -235 36 210 -231 -9 64 195 29 -42 -47 242 150 8 -186 243 -154 -204 -82 -192 -73 9 170 164 -217 -111 71 89 -32 -46 -244 -63 -79 174 -241 -172 -199 84 -3 134 -185 -98 139 -15 -145 209 236 133 203 5 168 -4 128 -95 43 -213 -184 -159 -71 -120 145 138 78 230 -38 -174 7 1 197 178 -178 194 30 81 63 109 -246 90 131 -48 98 26 61 -25 23 66 105 -187 -234 -243 -60 231 -116 -193 -76 -20 158 -74 190 -64 -105 -205 -130 27 206 -179 -139 -8 -133 -44 94 -124 46 141 -91 -18 62 192 -183 152 -84 59 -65 -167 -101 34 -7 -237 -114 -163 153 39 -176 -115 132 -152 72 -194 44 -201 -191 -141 -13 214 144 -81 154 240 87 -218 -216 86 207 -52 -75 -195 -230 -160 22 54 163 48 -16 137 -211 -17 97 -49 -62 77 -128 -39 -100 -117 -228 -125 2 -59 -232 -162 56 217 104 88 244 -190 127 201 68 118 -2 112 -36 196 -94 
TEST 24 ARG:191 83 -168 95 -188 -33 71 -192 -86 -146 136 -36 237 -238 -213 -70 234 149 -158 -9 174 -46 -31 -206 -242 -142 133 143 211 75 -71 53 76 -122 -121 124 139 -126 -224 111 155 -64 -95 209 199 -223 -132 -135 64 8 -11 -37 -205 -57 -100 -210 112 118 -189 188 -167 160 -77 -103 231 48 102 67 33 -162 -185 22 -6 -235 -173 -240 -187 -119 186 108 183 115 -7 159 -124 -179 -130 218 52 -203 -55 222 18 207 92 -194 -90 45 -114 88 138 219 -65 122 245 -193 -199 -220 28 -137 -68 14 197 230 153 -15 26 114 -227 -74 214 189 208 168 -56 -141 116 54 36 106 65 -69 -98 -161 -139 -115 221 43 9 228 -66 192 -169 21 10 -72 -109 -237 -138 216 77 248 129 46 169 -149 187 -211 -123 -3 -79 32 -150 -19 94 -40 249 175 152 -197 -140 -127 -18 -133 244 146 -52 -78 -148 -222 109 -62 212 242 -14 117 -234 -151 198 238 127 -145 31 205 -190 227 158 -250 86 24 -246 164 -4 -129 -89 -215 -21 -183 202 -208 13 -105 -171 -155 62 -104 -244 -170 -200 184 60 -59 -75 49 -249 130 223 3 5 148 101 47 193 -35 -54 41 225 194 210 -152 107 0 -166 -61 243 -101 57 96 154 -159 -165 -204 23 123 233 51 181 -45 165 -110 145 120 -24 87 125 -154 195 40 -25 59 200 -221 63 -113 -83 -178 -73 -10 -228 58 -16 220 173 -96 -230 177 -245 -231 -157 224 -53 2 229 141 -248 -243 -81 82 -143 217 137 -43 162 -225 -232 73 25 204 66 -163 -177 99 156 -22 79 -60 -29 -87 -91 -2 11 131 105 -1 203 50 -51 240 -82 -175 -134 81 113 -106 29 -144 -41 167 172 178 -48 85 -216 84 241 104 91 -191 -107 -58 -212 110 -209 37 35 -38 42 6 -201 -241 185 -111 239 -198 -120 20 246 176 -102 232 61 157 -136 170 140 -116 34 -80 -76 -17 -47 142 -131 196 80 -28 -233 17 -13 166 147 -34 -67 -147 -118 16 -117 -186 78 126 -217 -164 -112 171 -174 -88 -32 -207 -93 215 182 163 30 -23 12 -85 -219 132 19 27 68 -176 121 -202 -229 97 -94 226 -226 -27 236 -39 201 -50 -182 4 -5 190 -184 150 55 89 103 -84 -128 -214 -30 -195 93 -218 -181 -42 -239 128 -49 -108 -92 -97 -180 7 -8 119 -99 56 235 72 -247 -156 151 135 179 38 -125 15 -196 -20 206 100 180 134 74 1 -160 70 -236 161 213 44 39 -172 69 90 247 -12 -63 -26 98 -44 -153 144 
TEST 25 ARG:239 -61 -62 -105 -79 -26 85 -205 22 -119 219 -171 109 -27 -99 229 -104 66 -1 158 130 -182 93 -250 -204 39 168 95 140 152 114 105 44 -95 72 -107 -66 48 -249 75 45 -148 46 -213 -202 117 -240 208 -216 136 -153 195 -21 -150 157 18 55 184 23 77 -51 35 -120 127 -50 188 -111 144 -160 -195 -241 -85 -122 -137 -168 -143 211 221 27 67 -235 86 212 175 -90 -49 -13 38 -29 -127 98 34 206 249 -221 215 -88 123 -117 -68 199 189 -159 246 233 170 -144 -156 138 69 11 176 207 -78 110 -194 -142 -243 -45 -184 161 -247 -218 -124 47 -230 -15 213 51 -76 -35 -40 15 97 231 145 -89 -237 28 179 -97 -39 80 -33 241 -118 0 58 -69 -201 200 -166 118 149 150 -47 225 122 -229 192 126 204 227 160 9 -84 -115 230 -36 -147 216 -63 -38 78 -231 159 -112 201 1 217 -134 -173 -185 -145 173 -191 -23 30 -154 -20 -169 245 182 -3 -175 40 -219 65 26 190 10 -71 -57 63 89 -56 87 -149 147 68 -129 120 100 -54 -25 -198 -177 -192 135 -93 -193 17 -5 71 -161 203 4 224 -186 16 53 237 131 101 8 -110 -209 -188 -126 83 154 -206 148 5 141 -197 99 238 -87 -19 -77 -58 142 84 31 -53 -214 -164 57 -183 128 236 -64 -152 180 73 92 -8 -130 -100 177 -7 -210 181 165 247 2 88 111 -60 -138 -30 33 243 -94 -14 129 193 163 -179 -101 133 116 186 -6 -52 132 209 218 -59 -215 112 24 13 -102 -232 139 76 21 -172 25 -203 50 -244 -96 113 205 36 -75 -113 125 -17 -55 -187 -162 -92 91 235 169 -165 197 -32 -98 82 210 -132 -242 162 172 103 -72 104 134 151 -43 -16 -12 -135 61 64 -223 -208 -37 156 220 -109 -11 187 7 -196 183 -189 153 -199 -174 -228 3 12 155 60 -31 56 -67 191 -4 -222 37 -190 -217 244 -123 -176 -44 106 20 -157 -238 137 119 164 -108 -131 -9 -146 -178 -212 79 19 -74 -73 -48 -155 42 232 -233 -133 14 -234 -239 94 -211 -246 -34 -121 -151 -82 -140 -114 202 -225 226 124 -248 -224 -128 -70 171 240 115 -2 107 -141 166 74 96 -91 -116 81 -24 -207 198 -181 59 -170 52 174 -81 -227 70 196 -226 -136 -245 43 -163 29 194 -22 6 -46 -103 -139 -41 185 -28 32 -167 178 62 228 54 -125 41 222 234 223 -80 -158 -86 -220 -83 102 90 -65 -200 214 -236 143 167 121 108 242 -180 49 -106 -10 -18 -42 248 146 
TEST 26 ARG:37 -22 137 156 10 -116 -147 -87 -90 -26 -151 -221 55 -208 127 238 -242 248 131 107 83 120 -32 95 6 87 67 222 -133 -212 -239 -197 -137 -200 -105 158 70 64 60 -61 -150 200 231 -111 123 -110 -91 149 -38 73 39 188 -63 -88 191 152 -23 110 -169 82 -42 -99 208 -35 29 124 -135 -153 -176 -163 -213 227 159 -28 -164 201 104 -108 -93 50 -11 172 -191 -100 -33 -45 -174 146 -13 -198 100 -57 214 85 195 57 -103 -232 94 -184 -5 147 22 116 -228 -209 56 112 -149 130 -58 7 -119 -233 -80 187 173 -98 -67 66 193 -142 35 -214 -139 -51 -131 204 2 228 -117 61 44 25 106 -10 -141 -97 133 -196 138 224 92 21 88 -152 -159 -104 216 242 69 0 197 36 -237 -140 19 3 -53 190 150 23 -219 232 -115 181 41 -130 192 -236 145 68 -148 206 -192 155 13 -207 98 -85 -126 -189 72 -40 -136 -9 189 105 -180 -155 162 -78 -161 -245 -204 111 43 -224 176 -16 12 -157 -183 166 -127 -39 -178 -102 129 14 -249 -193 97 -223 -112 167 -27 -86 117 -125 125 220 -138 48 -123 241 212 -160 -218 -30 -216 -15 -145 202 -246 -1 -92 33 118 -64 151 -41 16 -199 -132 53 -46 -215 136 -162 77 108 210 -107 75 -106 103 -84 198 1 -171 -113 165 143 91 -4 -62 164 237 236 17 101 -68 240 -146 144 -175 179 -177 183 -66 -69 -44 -18 -226 -154 -72 27 5 31 -158 -77 174 163 -225 -250 52 63 -244 -60 47 246 26 196 141 42 -82 178 89 -109 113 -182 -124 -144 -231 219 -202 8 -173 28 -75 -95 119 157 -243 51 186 233 46 -166 49 247 79 -210 -172 211 175 243 249 180 -230 80 215 -247 -21 148 226 203 -52 -129 132 170 -20 -194 96 213 194 205 -121 -156 140 65 34 30 -71 -59 -122 45 -48 134 -81 225 -168 184 -94 99 230 -118 142 81 121 38 -29 -2 -206 102 -25 -235 -201 -167 18 160 84 -217 -50 128 -222 -211 -238 182 -55 -34 24 -248 207 245 -3 -76 169 -70 -241 171 -195 185 244 223 161 -43 122 154 -24 -128 -6 -54 -31 11 32 115 -96 -185 15 59 218 -179 71 -186 -74 -114 139 -56 -89 74 -37 -240 -143 -234 -203 -227 -8 168 76 234 90 -170 -205 -181 221 -36 -101 -229 177 20 -79 -19 86 229 126 153 -187 -83 -49 -73 235 199 93 -12 -188 -220 217 78 40 135 -14 -134 239 54 58 -47 -190 109 -65 -7 9 -120 -165 209 -17 62 4 114 
TEST 27 ARG:210 64 -222 202 -136 113 -211 10 224 172 -39 -174 -9 -43 122 248 -149 51 38 141 -202 -162 -134 -249 106 96 -247 133 -156 -144 -64 84 -185 -101 -225 23 86 -243 144 -181 -40 107 -122 128 -38 146 16 226 118 232 211 171 242 -116 67 -166 45 -45 -154 -1 -81 -121 2 120 -4 76 -92 -238 88 -83 11 131 56 -95 -32 18 35 -209 166 -34 227 235 160 145 -236 191 -203 -161 -42 130 -57 -62 -99 158 109 111 14 12 -29 142 -10 -73 -18 33 236 180 0 -37 -118 -142 -198 245 21 -231 55 -208 -69 167 -50 153 -11 -52 135 -22 -218 188 -148 -108 223 -129 97 32 -248 -239 -170 189 117 43 52 -137 29 -111 139 173 177 163 -19 -71 -91 -54 221 -234 17 229 -153 208 -240 197 -106 105 -77 205 -179 -128 72 220 218 -165 170 231 162 -100 58 134 -90 49 -227 -44 -70 26 68 48 174 233 199 244 -246 -94 -51 -233 -159 182 -180 19 79 -237 -5 81 -16 184 -196 -26 28 103 -184 238 209 -182 201 195 50 125 -173 147 44 196 -107 -114 34 -74 165 83 240 89 59 30 190 213 -35 -63 -66 -123 -98 5 169 -164 -183 247 230 -61 -176 -189 -127 62 -224 -49 -192 -158 164 -178 -113 -105 155 13 39 -205 185 119 -120 178 203 -21 104 -138 -206 -3 152 -14 -55 -80 4 -145 94 204 -86 -130 -85 -242 82 65 -200 -219 31 -169 -131 -87 -13 193 -110 -213 127 219 -119 -177 108 225 -60 -235 168 -15 93 -212 70 6 -12 -245 156 212 8 183 -230 -210 -82 234 217 -168 -65 241 71 -30 -155 -241 -27 -188 -126 -117 -187 100 -124 -195 -46 -7 -135 -102 -193 148 -6 -199 92 85 -56 -67 90 20 -72 74 187 -88 -112 112 -25 -220 -58 198 246 -152 -214 1 -229 -201 207 -160 15 53 140 -20 40 243 -151 154 -197 151 -139 98 121 137 -150 63 102 -163 -132 80 -53 78 249 77 -104 -103 -221 -36 -96 216 41 -204 -216 110 37 132 46 123 -48 194 129 222 -175 -47 -143 -215 -250 -140 -133 176 126 -157 36 -2 138 -75 57 47 214 -217 237 -68 -23 200 -89 -41 91 61 186 192 -115 -226 27 -244 60 215 -33 95 116 -93 -76 228 149 -109 181 239 -186 157 -172 -190 54 -207 -125 9 69 87 3 124 115 -59 22 25 150 -194 75 -141 66 -147 7 24 -28 179 -97 -8 -171 -167 -24 -223 175 -191 -84 73 -17 101 206 -228 -232 -79 161 -31 136 -146 159 42 -78 99 114 143 
TEST 28 ARG:-229 26 -88 229 -54 -75 114 -113 49 -41 35 101 -247 70 57 -49 -126 -120 -132 -185 -17 -11 86 -39 105 -245 -138 -25 -186 236 139 -87 203 218 -52 -178 -182 -202 8 -167 103 -65 154 77 28 194 -124 200 -145 -45 -153 224 30 207 -246 -101 -140 -78 84 -122 -104 36 -208 -67 80 -99 18 -146 106 -64 -106 17 247 233 142 118 -58 123 52 -93 -43 -149 132 -20 22 -97 248 -77 109 -21 -115 19 111 -176 113 -156 -7 91 -74 14 67 15 -13 62 -237 -240 195 -170 -221 -194 44 -192 -139 169 -243 7 150 167 116 -8 -84 185 147 -61 -207 -147 -28 -37 79 -23 162 -66 163 140 -107 -29 -90 24 102 -241 88 156 240 -203 -3 -118 76 -196 -210 -105 -165 170 -244 -216 98 -114 -30 -200 61 1 -53 238 249 244 73 -10 32 117 -222 89 -238 -55 143 119 -157 -31 -213 221 -85 228 -38 137 -80 183 16 -150 25 -230 184 179 59 125 131 -174 -211 48 -121 87 160 178 145 146 225 222 -128 58 -180 -173 191 -33 135 -82 51 180 -199 42 226 -181 83 -5 -220 -198 -92 -48 -94 37 -214 -129 -187 -44 -168 -73 161 -137 159 -134 -76 -226 -223 -2 -108 65 -154 6 204 47 -51 -219 193 -96 63 -166 -102 9 230 -250 -125 239 -163 211 212 164 -162 -35 152 -144 -175 -239 174 56 173 -195 -34 -155 -225 144 50 134 -83 66 108 94 148 -123 41 176 2 205 99 95 124 -91 -171 243 -164 235 133 0 -57 -201 -127 -234 231 -63 -14 -197 54 -184 -161 -158 -183 -233 -141 -18 100 188 -9 -206 177 -152 -71 241 -60 -205 -16 199 -119 158 -22 197 -228 192 -98 186 96 -248 189 -231 -179 -130 85 38 12 64 -215 -47 72 -188 -103 215 149 -40 5 245 181 175 21 -50 232 220 187 -72 165 214 216 -1 190 141 155 217 -79 -26 126 -218 -81 -249 201 -242 171 153 -143 -212 198 97 31 138 -27 -172 127 81 -217 -235 121 196 -148 4 -159 -36 3 -169 122 60 -227 208 172 -116 -136 -190 -59 -4 78 107 210 -56 -131 -160 -236 -133 115 -46 219 -32 209 -68 -62 130 -109 46 -42 -111 43 182 23 -189 -193 33 -112 227 -24 71 157 75 -224 112 128 13 104 -86 10 11 -204 -142 39 55 53 27 213 -100 -89 206 -95 68 45 -110 -70 82 136 234 -151 29 -6 246 -209 166 202 -135 69 74 34 129 242 151 -69 20 40 -232 110 -19 -117 -12 93 -15 -191 120 92 223 168 237 90 -177 
TEST 29 ARG:-44 -241 -177 209 227 -185 23 -15 39 -33 -99 133 139 81 -157 -75 -205 -70 100 -162 147 -78 68 -64 -250 37 239 184 203 46 -201 -244 145 -36 -123 123 191 -135 125 142 -182 -129 241 232 -153 20 -134 50 222 -156 -41 21 146 -207 113 -124 -179 -91 -47 127 219 246 170 126 -219 -121 92 -29 -10 -206 -68 95 27 171 -216 212 110 -224 136 -116 10 -94 124 140 -51 -208 -242 -220 15 60 178 115 -245 154 -80 58 -169 61 -52 -213 -181 -42 -74 190 -89 -72 -174 -180 28 -166 -188 -5 231 57 216 -31 7 204 -120 -81 -76 221 105 88 -105 -12 33 64 97 -209 9 135 56 -3 -95 192 16 -130 -238 -195 -128 55 217 180 -30 -21 -7 -56 -143 226 238 -117 87 -65 75 59 -161 224 225 131 207 -155 247 144 -141 220 -223 -37 -24 -204 -115 -229 -139 8 86 -189 162 -22 93 -230 -178 202 -190 -82 -67 189 168 -25 4 65 99 22 24 -228 214 179 -43 -233 -194 -160 -104 29 83 5 122 108 -83 -58 -87 82 -48 -187 -226 -13 -193 11 -243 -125 47 -149 -140 129 151 229 91 -71 111 -53 175 148 206 51 -234 -133 235 159 94 157 185 -6 244 30 -172 156 -237 -118 -102 79 -225 19 31 0 164 -176 -57 84 12 -108 85 249 -211 -79 3 196 -215 -147 53 -138 25 -97 109 34 -186 52 71 -110 -246 -86 67 48 -235 72 -27 -111 -173 62 -20 -50 233 -221 -202 38 -46 -196 230 149 169 116 89 174 74 -1 -249 13 -40 -217 138 -98 -247 120 66 -11 245 153 165 26 -103 -26 -62 -212 76 -92 234 -136 -154 237 98 218 132 215 187 177 2 118 54 -197 103 -145 210 -63 213 -8 173 137 161 -59 -119 70 69 63 18 -164 -240 -34 186 45 -54 -159 158 240 130 -198 -192 182 -39 -109 198 -106 -18 80 102 -131 32 107 205 44 14 228 96 -137 -218 101 -61 -14 43 201 195 -152 41 -93 -84 -19 -9 223 -77 155 -16 -126 243 181 236 117 -112 -168 172 152 -122 -100 40 -23 -150 -199 17 242 160 163 6 -236 211 36 194 193 1 -170 -114 35 -60 -200 -69 -191 197 248 208 167 -165 77 -175 199 -148 -96 73 49 78 -101 -151 42 -144 -231 128 200 176 -183 -107 -210 -163 -184 106 141 119 104 150 -167 -55 -248 -73 90 -232 112 -38 -2 -32 -142 134 -17 114 -146 188 121 -158 -49 -66 -127 -132 -222 -35 -227 -88 -28 -113 -239 -90 -203 -45 -214 -4 183 -85 -171 166 143 
TEST 30 ARG:181 141 -229 71 96 -227 241 -190 144 -245 -117 -65 193 166 157 -168 -243 245 -115 22 76 121 -235 30 -122 225 -212 63 165 214 -97 -37 179 -52 146 -61 67 72 89 -75 156 -200 -44 87 164 243 197 1 219 -15 -223 235 232 237 227 -49 -131 5 74 -123 -118 120 -178 -233 -158 -226 -230 -126 -66 -87 -3 -159 -111 77 126 101 -121 -81 28 47 107 -17 116 -46 129 143 39 147 158 -101 85 -129 19 -8 23 -20 -59 -170 -217 -51 152 -173 52 -175 8 -176 70 -13 -100 244 37 83 104 97 -139 112 33 195 -191 223 -172 -152 -12 36 -143 -180 -110 75 -224 151 211 -237 199 240 51 -6 171 -242 2 -213 -194 215 -205 -214 91 -64 6 48 218 -103 -197 229 -220 202 35 82 -42 55 -127 205 -146 59 183 -210 220 32 -30 176 108 -67 -83 148 -31 -135 49 -11 159 24 -249 73 84 -71 -149 189 130 -209 -169 103 150 -236 -9 105 -189 46 -102 -40 69 -36 200 109 10 -47 -69 -250 -78 -137 246 -167 -238 53 -157 -128 50 -151 79 -26 140 -179 242 -225 -80 149 169 178 -19 119 -138 78 123 -25 -119 29 224 81 131 106 -163 -5 167 95 -27 -113 57 209 -164 41 155 -215 68 233 210 90 4 -221 -14 -96 -94 3 172 -114 -218 -84 86 20 -112 115 -34 175 -132 -58 -171 -142 -192 145 196 239 -53 117 -174 -10 -56 -160 184 -70 190 42 -18 100 -198 -57 12 -43 27 -207 -246 -1 -136 -63 122 -144 138 221 -186 -184 -50 54 -32 102 118 31 212 153 134 -241 114 -162 217 -29 174 -90 38 -156 -240 -141 -55 -35 191 99 -165 -16 -203 94 160 -98 162 -177 -196 -28 9 198 -116 -219 201 -145 194 -99 -21 -124 -33 43 17 -147 133 154 182 -182 192 25 -68 -77 -222 88 236 173 222 64 -148 -107 127 93 34 -72 -82 -154 -22 -60 -76 208 -2 135 -4 -204 21 98 -239 -234 -62 -140 113 248 247 185 161 -125 132 186 61 238 -195 -183 206 110 -187 249 -134 26 -193 139 163 -93 56 213 -120 -216 -74 204 -150 177 226 -109 15 62 111 203 -247 230 -92 -133 -79 187 -153 -38 -208 66 168 -24 136 228 -54 207 -181 14 -104 -130 7 128 -232 -106 188 -185 231 -166 -108 45 -7 180 44 0 -228 170 58 -45 -231 60 -73 -39 -88 80 -199 234 -188 -85 -41 -155 11 -23 137 125 -95 -161 -91 40 92 -202 216 65 16 -244 142 -105 -206 18 13 -201 -211 -86 124 -89 -248 -48 
TEST 31 ARG:184 -131 38 -229 141 210 187 -138 89 -191 -11 77 -106 132 -212 247 227 100 181 -49 128 -227 -25 -232 -112 30 154 -124 129 -72 -168 -148 24 -182 -39 -233 161 147 35 -183 211 -223 -69 -115 -132 44 -93 -111 18 233 -208 -53 68 -158 -100 179 144 -83 145 58 17 -104 -174 12 -80 -79 -35 139 -156 -113 -99 -75 137 47 -38 216 27 -130 -198 -95 201 -57 40 29 -197 163 20 173 -128 170 228 -68 -237 -13 -77 150 191 142 93 48 -102 -109 -149 218 125 160 -155 -76 203 152 94 -143 200 22 -221 193 -201 9 206 223 195 221 -12 215 101 -243 60 -27 182 231 229 -207 -175 -139 50 -116 96 222 0 -63 3 -23 238 168 21 -29 -20 -92 116 -159 -231 65 153 92 -226 83 237 -31 166 -127 108 13 104 244 -177 -5 -193 -37 69 -187 -150 45 85 16 4 -176 6 149 202 32 72 -245 66 -18 91 122 19 -144 -60 41 -240 -161 -238 -98 151 39 157 239 172 -7 -247 -235 -41 36 -134 81 245 156 -34 56 205 -186 -50 15 136 242 -87 -222 -248 -117 -145 -66 133 138 -190 -126 -55 -85 -167 -246 -214 -78 -21 52 8 164 -65 -185 -170 115 -152 -217 -52 208 224 -96 -46 -213 192 -28 59 212 198 54 236 -51 176 63 -210 14 -108 7 -64 175 155 226 -3 148 -249 5 225 171 -188 1 -146 103 -4 61 -74 98 70 -86 234 -120 -10 99 -218 -110 -169 -118 -241 -179 -242 107 143 -122 -56 106 -129 -211 -250 -81 79 -166 87 -173 -141 209 196 -15 26 207 102 177 -44 -119 197 -204 135 -236 189 -17 213 117 -45 97 232 186 -33 -16 73 -205 -171 183 -61 53 -59 71 -14 -196 75 -206 31 -165 64 2 -136 126 194 120 57 118 -97 25 -142 -194 121 -230 -103 46 80 146 49 -189 -9 11 188 240 -239 167 190 -160 219 -178 -140 -42 -32 -137 -184 162 230 -220 204 140 -125 -157 -90 248 -91 -70 -19 -147 -164 -101 -2 -200 -154 -1 -88 -114 -84 -40 -58 119 76 123 -234 -181 -195 174 86 -244 34 220 -36 -203 -121 -163 -48 -199 43 199 28 111 -22 134 67 -153 -24 -71 -89 127 158 124 -8 -107 -82 105 -216 84 -123 78 62 82 95 165 33 185 114 -215 -73 -67 131 88 -135 -133 -151 241 -172 -54 -162 243 180 110 -105 -192 -228 -202 90 112 214 -43 169 -47 -94 249 -209 -224 109 37 23 113 -26 -219 42 217 -30 178 74 55 -62 159 10 246 51 -225 -6 130 235 -180 
TEST 32 ARG:-73 147 139 -35 206 -219 83 124 -110 125 -227 -66 111 38 65 67 -127 -212 91 34 54 246 -70 -237 -247 41 10 137 -3 -24 -142 168 230 -122 226 56 -128 -27 -22 -148 -182 -207 200 -134 133 48 -171 -145 -190 84 238 0 93 247 222 -226 -194 -78 187 112 248 26 -102 -248 -137 -123 -97 190 -217 -208 140 -135 46 -118 216 -160 -42 -211 -86 -196 5 209 -216 240 119 127 -214 3 194 -105 -62 49 -246 -100 231 95 129 -23 -58 66 132 -88 193 90 -16 61 128 -157 -236 73 -108 19 64 204 -19 70 -49 -178 13 -126 -7 21 -111 101 -229 -113 63 28 9 149 8 -133 -144 -235 -71 76 -204 -233 29 131 -166 -80 -89 -170 -224 -131 159 4 92 58 198 -183 183 24 31 228 -205 -130 -243 -192 175 236 88 -4 221 130 -167 -85 -193 151 107 235 -30 51 215 126 -59 -18 -109 -38 -103 -161 -136 -45 -51 -67 14 239 229 249 145 -28 120 223 171 32 -75 1 -203 80 160 72 -81 -55 -76 -34 -121 53 -125 -48 59 -138 -141 -94 152 225 -155 15 185 69 -234 203 35 181 -74 -245 199 197 -91 -41 -26 -206 -189 -43 -159 186 -20 78 -119 87 135 -198 188 75 -186 -154 -115 -249 -79 82 -153 -112 50 218 30 -174 -68 -39 -36 -6 -140 -92 245 122 74 -147 -250 71 -202 -40 -54 36 202 -72 -220 208 -96 114 -176 -64 144 241 -106 52 -60 2 -95 217 -93 177 179 -156 -25 -132 142 212 47 234 -152 -99 -188 27 244 89 103 201 -222 -215 57 219 -150 -53 232 17 170 164 207 118 -187 -32 -225 -107 -14 -61 154 110 60 166 -191 158 136 -199 -15 165 -173 227 211 -104 109 -65 167 -238 94 62 205 -77 180 -223 25 7 20 117 184 -168 -8 45 -210 -44 -197 100 182 108 -184 -200 -69 -164 -117 -179 138 -180 -240 102 -2 -29 -172 -82 -129 134 -56 -177 -213 96 224 156 37 -21 -143 210 113 -98 105 -9 -228 115 -165 -244 146 -151 -50 191 -1 44 97 -5 195 233 -242 -83 77 176 -195 11 43 -90 153 163 -221 -162 -169 162 -181 -12 213 -37 242 -47 -87 68 -201 123 23 189 -232 85 -33 192 -46 86 55 6 173 -101 121 150 16 -120 -63 -239 -31 157 172 161 12 -209 -11 243 81 -139 -175 -84 42 148 104 -124 -57 -163 -218 196 18 33 -17 -13 214 40 220 -52 -146 155 174 116 -230 22 178 39 237 -241 141 79 -185 143 -10 -114 -231 98 -158 169 -149 99 106 -116 
TEST 33 ARG:200 -35 87 152 237 107 -51 -240 -93 206 48 -27 239 -75 -124 -172 57 244 -100 -165 -84 -22 -69 -47 33 54 117 51 -92 235 89 105 -249 -67 132 241 81 47 27 -154 -170 103 -150 -179 192 -49 133 -78 -207 -25 -46 19 112 211 -243 188 -162 234 189 140 36 43 86 -16 208 223 -54 128 85 -135 -98 162 -17 177 131 -18 -174 -155 -60 -85 125 18 -232 136 -216 -245 0 -191 -175 -167 168 -4 -77 -76 17 83 -160 204 159 -169 229 64 146 -151 -70 -44 -62 8 -239 113 -102 -140 101 -218 185 -121 174 -57 202 -141 -81 98 74 -242 215 16 100 127 -164 88 178 102 -10 196 -206 56 134 -125 -56 121 232 77 -246 -248 39 -73 182 226 222 -159 -182 -110 153 -133 249 -13 -104 145 -190 -156 187 160 -237 -1 -105 225 53 142 -186 93 -153 197 -107 238 -225 -137 246 46 -33 23 106 -236 -230 -37 3 -177 245 -64 -213 155 -211 120 194 -194 -147 -91 -187 79 240 -198 -28 143 209 -83 119 247 -196 -58 -86 -185 220 -142 50 15 -250 72 221 -63 68 -128 176 60 248 233 75 -61 -96 -215 148 104 94 -126 135 -197 191 -103 28 -138 -161 58 -173 -212 -32 -108 167 -12 9 -11 150 -45 -201 -24 -220 -111 -112 -94 -71 99 -79 -205 49 -231 129 -117 -178 45 -247 37 62 -136 210 92 -222 -233 34 156 170 61 -42 172 -48 -158 139 116 41 65 -184 -148 24 124 -95 40 198 166 76 122 -99 -123 -59 108 -183 25 -188 207 30 -88 -115 -214 91 165 -189 -82 186 -235 -7 144 66 29 71 195 69 141 154 70 181 -41 31 -14 -113 218 109 213 -29 -127 173 -176 214 -55 -74 -139 -144 217 -106 179 -101 7 84 147 169 2 44 35 -65 -53 110 180 73 111 32 -2 -39 82 -26 231 -15 13 -195 1 -217 -241 -68 212 21 -66 114 -193 -149 -116 -118 95 -97 42 -146 90 -5 20 -152 -157 227 4 -192 -181 6 63 38 -80 161 175 26 -23 -38 -19 -145 -209 -8 130 -114 -87 205 -204 219 -180 137 -234 -130 171 -132 -134 -120 -226 -3 97 -228 -208 -50 -119 -224 67 151 -52 123 5 -129 -171 203 14 199 115 201 96 -34 138 -223 55 -36 -9 -219 242 -210 -90 -168 243 -131 -227 184 -89 -200 190 183 158 236 193 149 -202 -40 22 10 80 228 59 52 -199 11 -30 -109 -31 164 216 126 230 -20 12 163 -229 -43 -143 -163 78 224 -122 -72 -6 -21 157 -221 118 -166 -203 -238 -244 
TEST 34 ARG:-203 4 228 135 -45 -236 -248 -171 207 15 -194 -72 -144 -69 178 -204 -227 -116 -231 226 -240 242 -188 246 20 88 -198 72 -241 -159 -63 66 68 132 -233 212 233 238 213 -22 -53 -206 74 -139 192 7 -225 165 158 -137 -187 49 -148 188 86 6 168 87 136 194 -129 -210 215 -128 144 -219 -160 18 35 -85 138 203 -149 -179 170 -48 124 230 -142 -150 -238 81 241 157 13 -209 -119 -156 80 167 -10 236 -39 -96 181 -158 126 -180 -196 229 153 3 -189 156 90 -250 -55 -49 -249 148 -18 29 91 59 139 197 -59 162 220 -243 31 39 193 -17 -140 -91 -220 179 202 -19 206 -9 -133 -40 118 85 127 -218 26 -87 -122 -65 182 98 -23 95 104 -80 172 173 109 -214 232 131 -138 110 -66 51 -191 -44 22 -177 240 -244 -113 -2 -208 -3 -247 196 128 -89 219 190 47 -118 -43 100 34 17 -224 62 247 89 61 25 227 -70 -207 -26 60 237 187 50 -11 -230 -211 67 -145 159 176 -93 123 -51 -74 -37 141 -221 -108 125 -15 99 19 -121 -246 -38 -31 52 -67 -193 -103 180 218 -100 -76 -73 -105 -115 -58 -64 54 -99 205 -126 166 -201 117 152 183 209 -61 146 -35 -12 -127 64 77 8 -182 214 2 32 -86 53 248 -153 -52 78 -235 -75 96 -223 28 40 -6 -164 -131 133 134 -79 -71 -5 11 63 -200 10 36 -146 73 -106 161 -47 122 -30 -124 -27 186 150 -112 231 -50 115 -242 -94 -245 234 -16 204 -232 -104 121 -147 235 164 41 -29 -170 113 -174 -83 -34 191 56 16 -20 243 -82 195 200 -155 -173 151 -97 105 -78 223 -183 76 -215 -213 -199 37 -60 12 -130 221 147 -222 -134 -181 -163 -4 -36 -33 244 114 137 189 107 23 -176 0 201 93 -229 177 70 94 -184 21 198 224 44 65 -237 83 84 -46 30 -197 174 129 225 38 -166 -42 -226 171 -132 175 -202 184 24 -68 -77 -162 -157 140 -24 -212 -195 -110 -216 92 -101 -185 9 -151 102 79 75 58 82 116 222 46 -13 145 1 108 120 -143 -98 163 101 -178 -154 160 211 216 -62 42 -95 -234 -117 43 245 -205 119 217 106 55 -14 97 -102 48 -28 27 -57 14 111 154 -172 45 199 185 -190 -167 -175 -141 -165 -169 -88 -92 -8 -123 143 149 130 208 -239 -41 -1 169 -228 -54 239 -114 71 249 -21 69 -109 -161 -192 -84 -125 5 155 -56 -25 -135 -136 33 -81 210 57 -32 -7 -217 -111 -186 -107 103 142 112 -168 -152 -120 -90 
TEST 35 ARG:-150 182 75 148 216 -228 -250 -242 -131 -142 4 -112 -237 38 76 -43 -72 -68 -222 -148 -175 204 49 -183 232 -121 69 245 103 -37 -58 220 -220 122 54 58 174 -59 -114 221 187 22 -184 -155 -139 -188 70 141 -113 -198 153 -106 -69 -241 -6 -100 -212 45 209 65 -29 81 215 201 -20 -87 -85 199 100 83 -168 -207 79 -14 -180 -223 -30 -157 -205 14 84 137 -82 10 236 -204 -83 192 197 62 170 44 -167 -145 193 94 -160 -103 160 82 -136 202 -179 -90 -26 56 -249 223 247 226 -200 -144 241 23 -76 53 -62 175 -209 112 -178 151 -111 124 239 -39 26 164 -110 -174 61 42 91 125 2 146 -137 143 152 -211 -244 21 -245 117 159 140 126 93 -182 102 181 -53 36 249 68 -91 -186 109 86 24 -224 59 1 -27 162 -47 144 142 120 176 116 -216 0 32 -117 218 110 -156 -79 25 233 -138 -235 -130 225 52 -81 115 -49 132 156 92 178 -187 -240 -185 -126 149 -219 167 -50 88 127 -65 131 205 -105 105 -238 -210 -115 48 101 -34 18 -95 -217 248 -89 228 -99 207 -64 -74 129 55 -9 -225 -165 97 -31 214 -5 -173 154 222 -17 78 150 -124 -63 27 196 237 -181 -190 -233 189 31 138 33 85 118 -213 195 -54 98 119 -248 -172 99 -38 158 71 157 -73 203 139 -8 -36 -78 172 64 -109 166 -154 63 128 66 -135 -84 -146 -101 41 -97 -170 -33 -140 -176 145 -162 230 95 -70 165 234 -24 -61 -120 -202 13 135 -151 155 -171 113 -163 -57 -194 134 -52 16 46 -159 -98 212 -196 -51 -32 -96 227 29 3 -208 -25 9 -129 -13 -153 133 -152 19 -18 -195 -15 87 -1 -123 190 121 -231 210 -28 200 208 -92 96 7 -3 184 -71 -221 235 73 47 72 -218 206 -55 111 28 -247 231 30 -4 43 -201 -118 -203 246 20 -197 123 -193 -128 217 -232 -93 12 15 107 -229 77 -75 163 90 -239 6 -23 34 -143 114 243 -215 -12 89 -158 -21 -199 -141 147 106 -177 11 -22 244 179 -19 224 -7 108 238 188 -88 -66 57 -60 -236 -67 177 50 74 37 240 -46 -169 171 17 -206 -133 161 173 -214 -108 39 219 -230 229 180 -45 -234 -11 -134 -147 -10 -166 8 -107 -246 183 -56 213 67 60 -127 104 185 242 169 -48 -189 -16 -226 -243 -119 -125 -35 211 40 -77 136 35 -44 194 186 -192 -104 -94 191 80 -80 -149 -132 -102 -86 168 130 -161 -40 -2 -42 -122 -41 -116 -191 -227 5 198 51 -164 
TEST 36 ARG:16 -36 13 21 -119 -34 -77 -222 -25 -11 225 -116 149 180 -76 -81 -143 -67 -167 -28 233 93 57 12 -109 -113 155 -230 -107 -72 137 -246 109 242 -154 49 193 163 134 177 -139 -156 -133 150 -249 -80 29 43 221 31 -91 107 84 83 214 48 -235 -236 248 10 -217 128 -146 171 69 145 -135 -48 165 78 229 153 70 -195 103 -111 68 224 -157 -92 -196 151 76 63 101 -152 44 187 143 243 -129 232 -170 230 -32 65 90 22 -1 -7 -227 -52 201 -185 -208 -242 -3 121 -78 119 -237 174 55 102 71 97 81 -198 -127 47 -130 -132 -206 -160 -180 -102 1 -199 166 -15 66 37 -224 -169 94 141 202 216 33 110 -214 124 -23 -66 159 -210 -18 246 60 157 -168 64 42 -175 -183 79 -209 -38 -229 -56 -166 169 208 245 -85 -211 -153 -126 61 140 -101 -84 -89 -16 30 238 25 223 -144 -45 -51 207 -14 218 -12 -163 -245 -213 -137 -215 0 52 -69 -43 -70 -8 -79 -98 220 114 -171 27 -59 50 -225 -141 185 -158 82 126 173 -53 -200 170 172 190 -83 -93 117 235 45 -57 -148 -176 -142 -232 -202 178 168 203 -234 -90 75 -62 62 -239 205 72 -241 -30 -123 -184 -136 244 32 156 -6 -131 -205 148 -216 -41 -65 164 -121 88 40 -2 -47 -240 -9 -24 -22 -64 161 -112 237 241 -189 -73 -151 129 183 7 53 -159 118 106 74 -174 -104 -243 6 -39 -248 228 -33 -207 -68 39 -97 -150 210 234 19 -226 -164 -228 36 120 -203 -44 -58 111 146 -173 152 -118 167 154 -96 186 -238 87 -42 188 122 -128 -244 175 2 217 -40 240 -82 -233 -182 -110 92 34 189 -179 26 -212 -192 -187 18 -194 231 -94 206 -103 -10 -55 -117 191 -37 -35 123 195 -188 5 139 -190 226 -220 80 59 144 -247 24 -147 -87 3 132 -50 -49 41 100 -95 89 182 58 -125 38 -99 213 28 162 138 -46 46 -231 196 127 -105 -134 -201 -54 35 115 -172 67 54 249 219 -165 -122 -5 113 -124 -223 85 236 15 -100 200 17 -75 -178 -140 215 194 77 -71 4 86 136 197 -19 181 20 -20 -31 -162 -204 179 51 -161 176 -191 56 8 222 227 104 -149 -221 204 -60 -177 -145 96 9 209 -27 -106 198 91 247 95 -193 -114 158 -21 184 -197 -115 -219 211 -108 -17 -26 -4 133 131 11 142 -13 199 -88 -61 112 -63 73 -138 212 125 23 -29 130 116 160 -86 -74 98 135 -250 239 105 108 14 -186 -181 192 -120 -155 -218 147 99 
TEST 37 ARG:-224 -182 -55 -52 -11 95 -126 139 201 147 105 -238 -173 32 118 83 212 234 -142 -86 55 149 119 114 235 -84 103 -48 185 -42 -120 124 -159 -61 79 164 128 -40 -185 -249 -74 -184 -222 89 -110 -145 -200 -218 -231 54 98 -21 30 -240 210 -93 63 -210 -202 186 -25 -244 160 207 154 -28 71 -196 33 -137 137 112 -1 165 153 157 192 -121 227 223 117 97 193 -69 230 37 100 21 57 179 -138 -66 -204 -176 -107 -216 -141 -189 -72 -208 196 28 190 58 -5 -8 94 -132 161 113 242 -135 249 -155 -237 6 175 -236 191 70 11 12 -98 8 -62 -128 -129 -161 -117 -70 109 47 248 -82 -234 -213 -209 -165 188 -79 -169 61 -116 143 -225 216 -226 -214 -191 107 59 92 -76 86 240 24 -246 -104 202 75 73 -174 144 -19 23 116 -33 236 125 -44 87 -139 -64 13 -181 246 233 -154 162 56 102 -36 -22 146 -172 -56 239 -92 -180 36 176 16 -34 -250 -60 81 96 -95 38 169 200 10 203 -221 -146 -111 -2 17 64 48 -170 123 -122 -149 -4 25 -123 177 -30 35 -140 174 220 -162 245 -97 208 197 -143 204 134 -17 181 -151 -220 -148 189 -31 -242 7 -233 238 -90 -20 78 -58 -248 3 -144 41 -49 131 244 126 195 -105 106 -223 69 -217 173 -99 0 -193 60 121 243 -106 -166 -219 -29 -45 180 -194 43 99 172 141 -203 199 184 -26 2 -198 -3 18 -177 -243 -75 34 -63 -10 140 -78 -37 -101 159 171 -6 -245 -15 -67 91 213 80 -228 205 183 241 -171 -65 -13 4 -164 -183 -102 -207 -156 49 -119 166 -163 133 182 122 152 142 -187 247 -131 66 -27 115 26 -197 130 -227 -50 -188 222 -7 167 84 45 -94 -235 53 76 229 31 120 77 111 -113 226 209 19 72 135 -179 -195 -192 -190 -71 155 -130 228 138 156 -39 -24 224 -127 215 -150 90 50 -68 85 206 -241 148 -211 -212 44 -152 -239 -136 88 110 42 93 -109 237 -215 -178 217 -157 20 -167 -175 -59 104 151 187 -57 -51 22 -168 211 -147 -12 46 -41 -114 136 -201 214 82 -18 232 -153 127 -247 221 178 -81 62 14 -14 194 -32 218 163 39 -89 150 -230 68 -87 -73 -77 108 225 198 -88 -46 -83 -124 -47 -229 51 -80 -199 219 5 -43 -100 -206 -9 -108 -158 -35 -205 -23 -103 -112 -91 -38 1 170 -115 101 -85 168 27 129 52 40 65 -160 -54 -186 158 -125 74 9 -53 -118 29 15 231 -134 132 -16 -232 -96 145 67 -133 
TEST 38 ARG:167 16 24 195 -54 -147 197 30 21 71 26 -141 -47 -14 -189 -161 78 -238 62 -139 -102 245 113 74 -83 -94 94 112 68 28 -150 -128 -89 17 -95 1 67 135 -25 -162 -234 140 -44 210 -116 -37 46 222 226 -164 166 -117 218 193 199 -52 175 180 -50 -228 -158 -46 18 41 111 -87 -92 -151 -209 -76 232 -101 155 -62 146 185 -26 231 125 203 213 204 -125 66 179 96 91 -80 -108 -184 -123 77 120 -227 -43 228 182 52 63 -212 -28 -48 -12 -7 -16 -35 13 126 -38 83 50 -220 -198 -78 -226 -223 230 -160 -196 132 208 172 -143 -183 -58 168 -107 191 32 -203 -126 211 -34 104 145 -138 171 101 43 161 -67 160 -57 -109 11 55 143 -45 154 -148 -129 40 -85 -41 215 216 109 105 -49 9 198 176 121 209 -110 237 181 188 57 -23 86 38 -181 -72 -99 141 -180 -210 -121 200 248 -177 -182 184 217 114 239 178 60 -145 164 -213 227 -60 152 234 -233 243 -119 246 223 -81 -118 -8 159 -53 118 -36 82 -6 -170 -65 -73 27 -174 144 -231 81 -249 102 219 119 242 85 -122 207 -61 201 -30 -149 169 225 100 -3 12 -69 -163 -206 139 -235 61 -237 162 29 -131 -31 233 -242 -33 -18 -208 249 -10 -236 -68 3 -216 25 156 97 64 130 -240 -187 149 73 0 14 124 183 -199 -136 -79 51 39 220 -71 22 -27 70 58 -59 177 -232 -169 -112 -91 72 -217 -39 -77 108 89 31 -70 -22 36 192 10 229 -104 -245 -205 80 -156 -197 153 -111 -1 -200 -214 -241 -74 -173 -159 -51 138 -168 -130 147 7 -192 44 -40 -175 8 238 150 -82 92 157 -239 -221 -193 90 -176 -100 -55 221 -219 -191 -90 23 35 87 98 69 33 -115 -120 15 206 106 170 136 48 151 -63 122 42 -165 133 205 -4 -127 54 49 163 -42 110 -186 75 2 -202 189 -88 53 -224 -246 235 -5 -24 79 -222 -153 -179 -218 186 -135 -56 244 -190 19 212 -137 -32 -9 59 173 -2 128 -178 116 -20 137 165 -201 -194 131 -29 127 -215 142 -64 -84 236 -166 99 -134 103 -207 -106 -244 6 -250 194 -144 -17 34 -140 -185 224 -146 -243 -154 95 -172 240 -11 -157 45 -21 -86 -114 -98 -248 84 -195 -230 -152 -19 -225 241 -211 -124 65 202 107 -93 -204 190 -13 -133 -96 20 -167 148 134 158 247 -113 93 4 117 174 115 -105 -188 -132 196 -97 -155 37 5 88 123 -75 -66 -15 -229 56 76 -103 -142 187 -247 214 -171 47 129 
TEST 39 ARG:183 -62 -233 -197 -44 235 168 -61 -186 188 248 2 -198 -19 11 -8 -245 104 236 -98 155 -50 92 48 -91 179 -219 -34 161 19 37 79 -182 -153 81 245 -177 -171 -120 -63 -212 -119 212 -200 69 111 -194 128 -76 54 -239 -78 -77 22 7 36 66 -80 -232 -67 -36 238 249 234 -65 167 151 -187 158 -211 -93 164 -114 220 16 85 -148 -156 116 163 137 -230 -141 -99 113 -203 -130 226 -59 -97 -221 -52 30 152 171 12 -90 -84 174 227 -128 -4 225 -6 17 -132 -17 86 -21 198 24 108 13 -151 65 -244 169 -88 -83 182 6 149 121 184 138 216 -39 -115 -161 40 -193 -229 240 -25 156 191 -118 91 -134 34 76 74 59 -45 -55 -81 242 120 -209 166 118 -71 -242 -146 -144 -152 -164 221 15 5 -129 -15 153 218 -82 -22 -66 -155 -48 142 -12 -165 173 159 201 -38 -178 114 42 117 -207 -250 -60 145 47 100 244 -226 -102 -31 -104 -237 187 129 52 -23 27 -175 -32 119 194 -236 -85 -216 68 -204 -37 26 -179 62 -159 193 -247 67 -172 -127 177 -113 -111 213 246 -18 -160 32 -2 -47 -174 122 -43 125 -149 -139 -106 -41 -202 64 45 -162 0 -213 -133 -185 -1 -140 -183 222 18 -227 57 -168 203 229 -224 94 87 49 195 -163 105 127 -75 -16 208 -13 -169 -94 140 -189 28 115 -56 -74 -240 103 230 126 35 -72 165 223 131 41 -9 237 175 -166 -100 -49 199 -64 -223 -121 51 98 157 29 247 75 -105 -68 106 170 -126 154 -205 95 -142 232 -103 3 -206 25 97 214 162 231 39 -131 -248 -158 190 215 8 -96 88 -150 -214 -46 -53 196 -143 -136 63 -195 21 141 82 -196 110 9 233 20 -10 -191 -231 -201 -42 150 -29 211 -167 -11 -5 204 -30 -89 -249 96 130 -112 205 139 -210 -123 192 -54 200 -24 80 -215 -241 241 -3 181 160 -170 135 -95 43 224 -222 -35 -180 124 58 -157 -86 31 -33 197 -190 209 46 -228 61 -58 -14 228 -225 -188 -26 -234 -7 -40 219 -147 -28 -192 202 123 102 93 -70 1 -116 4 210 112 -138 -108 -92 -125 72 107 133 -246 10 -238 -218 147 243 109 38 -57 53 146 176 77 -69 83 178 73 -20 -101 60 -124 -73 136 186 144 -217 -235 206 -243 239 -176 33 14 55 -79 71 -173 -154 70 134 99 -199 44 -137 -27 -110 172 148 -145 132 189 -87 -51 143 -122 180 23 -220 90 89 207 78 -181 -109 101 -117 -107 -208 84 217 -184 56 -135 50 185 
TEST 40 ARG:-195 65 226 241 -51 -70 96 -141 -226 -71 -78 246 -36 -119 -204 164 136 -95 -136 27 -93 232 -104 -138 -153 -223 -227 43 53 7 -233 -49 110 -85 -67 -230 -172 -198 -16 105 -106 81 190 234 239 245 -179 82 -101 84 170 119 -148 66 157 47 -178 -197 103 112 -7 -65 25 3 214 -75 173 150 -150 -6 -53 37 18 225 -100 131 94 126 -180 238 104 -110 114 -81 -171 -91 189 171 -19 79 -107 31 51 -1 -116 -183 -229 -18 73 62 155 -9 -87 22 -137 220 182 -247 128 197 83 193 -225 -246 -31 -205 111 10 24 -240 2 -5 233 211 1 -238 95 -206 -151 -124 -21 237 19 41 68 113 -63 55 -83 -130 181 -68 -234 60 -145 -123 -164 14 205 199 121 200 124 -163 -54 74 183 -207 195 -248 39 -173 -26 -170 -79 -13 -38 -4 -208 -122 216 -82 127 13 137 156 54 -69 180 67 -10 163 159 -154 -44 98 -73 -228 -191 49 102 107 100 8 -57 4 -52 -46 -72 -117 -131 153 152 32 -193 228 -214 75 35 59 -17 42 20 -40 223 -144 57 139 -12 -33 167 209 -97 -135 154 45 -169 -182 -220 -103 30 40 145 235 -23 138 101 122 -156 -50 85 -194 -3 36 -37 117 72 80 143 87 -249 -11 28 64 206 -232 -35 212 -158 -108 -239 108 231 6 -222 -134 130 178 -221 33 184 -64 -139 -2 -77 56 90 198 106 186 -147 -99 16 -86 -157 0 -203 142 -59 -243 144 169 215 -241 -47 -111 -112 147 -41 93 -25 -200 -60 -235 168 -94 -202 -113 -159 70 -127 218 -161 -168 -212 166 185 115 -61 219 23 -209 240 151 -129 -80 -56 -167 -236 123 -76 149 244 -118 160 -132 -211 -242 204 -121 201 109 135 -224 38 -128 230 69 192 91 -133 -165 9 202 -216 133 -215 -120 48 -175 -143 247 -219 78 203 -96 158 177 -14 -92 -20 77 249 -244 175 -15 222 -27 76 -126 -140 -45 -237 26 146 120 -34 -176 -24 -32 217 -245 -174 -146 132 -62 -22 -89 -98 -88 -201 44 11 -187 -250 161 141 -66 191 129 88 -155 97 -185 -213 176 165 -84 -29 -74 29 -192 -39 221 -218 -152 -48 -177 -28 -8 116 -58 162 213 224 63 50 89 5 242 61 86 229 210 99 -42 -162 188 207 -217 134 -210 46 92 -114 71 17 243 125 -30 21 -90 -149 -142 236 -43 -115 174 -160 -181 15 -102 -55 -199 118 -125 172 -184 -231 -189 -188 148 248 140 -190 179 227 208 -186 -196 -166 58 194 52 34 187 196 -109 -105 12 
TEST 41 ARG:-200 239 208 95 103 223 -150 53 -58 -179 -192 176 113 -194 -126 -133 -84 98 15 -229 -69 116 119 51 181 -245 242 -119 -105 89 93 -66 -146 126 -221 139 -17 160 63 114 110 -244 -241 -233 -134 29 -188 -246 -63 -191 -161 -230 216 132 -147 11 196 172 -232 -141 -83 -205 -46 -25 58 -75 -61 186 205 200 233 166 -190 221 -206 130 14 217 105 -203 -174 18 -137 102 -242 124 -85 248 4 -231 194 -170 146 3 -201 -115 44 -93 -11 -64 12 201 145 5 64 -166 165 -16 -56 151 241 171 41 31 -149 -96 -136 207 -139 168 82 -122 173 143 -175 25 -15 40 -228 -29 203 -185 -103 -80 78 -45 -249 -106 155 -72 131 0 101 210 -112 -240 179 85 55 -198 -92 -95 -60 -79 -165 -180 36 -108 247 -90 123 212 -140 -217 111 -184 141 -178 59 -153 229 7 240 -109 -39 -65 236 -23 228 -76 -209 71 118 237 -236 185 -177 -218 -111 -162 91 -51 125 68 22 16 180 -117 -159 -34 142 -52 -238 -186 -114 135 -41 67 -129 -187 -121 -225 -213 -207 138 49 -6 52 -163 -31 243 46 246 50 152 149 204 76 -124 230 -132 -35 121 224 -40 -54 159 6 -204 -127 -131 193 86 48 69 -125 -113 -199 -120 -224 117 10 231 -182 2 96 -143 61 -59 -158 -43 232 226 39 -234 26 206 24 -77 -167 -53 -210 -49 202 -27 -123 1 -220 187 -223 -73 115 99 97 163 66 9 70 104 -68 249 195 -67 -38 134 -237 169 -7 107 20 45 148 -173 -212 72 -176 -250 -216 -104 -183 112 -74 137 -195 -24 -160 -116 19 -82 140 -18 -48 -148 -12 182 219 -181 54 -1 154 209 -197 164 214 35 81 87 -22 192 75 28 60 175 150 -94 83 197 -156 23 90 -151 189 79 27 147 -248 174 -5 -154 -70 238 167 65 -97 198 120 47 188 -235 -193 -169 -33 -81 -78 -99 177 -118 156 -42 37 -222 -247 108 -28 244 -100 161 -102 -86 -227 30 -172 -2 17 -226 -101 133 234 -89 225 -47 -62 199 -88 235 245 -171 32 211 -243 -144 227 -26 38 -107 62 -211 56 184 100 -239 106 170 -168 -98 -20 191 -128 33 42 -8 -71 190 218 77 183 94 128 -10 57 -32 158 -87 -196 129 109 88 -110 84 13 144 -36 -157 162 153 -57 136 34 -130 122 -19 -145 21 215 222 -37 -9 157 -155 -219 8 -21 -135 -13 80 -14 92 -138 43 -30 178 -215 -189 -4 -202 220 -208 -3 -91 74 127 73 -44 -214 -152 -164 213 -142 -55 -50 
TEST 42 ARG:180 150 117 165 -222 -136 110 121 -209 -203 42 -208 148 -155 38 15 -147 52 23 -48 45 -179 -24 -199 -110 -193 91 197 -34 -196 125 -80 -121 103 -79 0 133 -103 137 66 192 -62 -168 -185 97 -75 -250 249 -120 9 -112 -15 96 46 113 -30 -21 -212 -118 78 246 -243 58 -143 -139 -42 76 -3 6 -52 162 189 166 -67 173 44 -192 83 -114 169 -232 -55 26 -85 -12 54 -22 -189 55 17 161 41 -127 51 153 198 87 29 130 -82 5 -202 104 136 75 -177 -107 -126 13 1 -180 241 73 -248 235 -54 -195 101 88 -178 -237 -70 226 -64 231 89 -223 140 40 -184 92 19 233 -166 10 -211 24 151 -36 -66 186 -134 135 -198 -28 -200 132 -17 211 144 -149 112 209 131 -188 8 215 222 116 98 191 69 -194 94 -191 63 59 100 -205 158 85 99 -242 -60 -227 27 65 196 90 -247 210 203 170 -98 -40 -165 -151 -238 -119 -58 -61 107 -231 -246 118 242 -74 149 -117 22 -132 -150 2 206 -72 195 227 183 247 204 190 -215 114 184 -245 93 -133 134 86 56 7 208 -95 -128 62 228 -41 -5 -233 129 142 20 -186 25 -241 106 245 84 143 -16 64 -152 167 -33 223 224 139 217 138 -39 207 164 -27 187 -45 -129 -87 -174 -32 181 -51 -122 175 -169 -37 155 -59 -93 -144 -235 -173 -230 236 -116 -78 -130 -106 -14 111 36 -105 -157 176 109 157 -1 -20 147 -138 -44 193 -167 -228 -26 -236 201 -141 -244 -213 -249 -210 -187 -125 216 67 -4 -175 174 160 21 -108 163 35 82 120 71 -146 3 -69 -31 -91 -96 -23 152 50 178 230 -153 4 -154 -102 39 -142 -145 237 179 -131 213 238 -63 159 146 168 48 -234 -111 214 145 244 220 -124 -25 -190 33 -38 77 -56 234 72 -86 240 -183 -214 -148 126 37 -176 -46 248 123 -218 243 105 -49 -18 171 239 156 -50 -104 -160 194 61 202 177 -73 -207 81 60 -101 -109 -71 127 115 225 -161 -229 -6 -92 -170 -171 229 -225 -240 182 12 -113 -197 -216 43 -221 -90 -9 -226 49 -206 -7 -181 -219 172 -81 -239 -57 -65 -8 -204 -68 53 -220 -84 -88 95 221 -123 200 -115 218 -163 -76 -43 -201 -159 232 141 -100 119 219 -156 122 -164 -135 -13 -162 80 -2 30 -172 -99 -224 74 -29 188 154 -182 34 108 -35 -53 -47 205 -77 -140 -217 16 -97 128 102 18 79 185 70 47 68 31 57 -10 28 -158 11 -94 124 212 -19 14 32 -89 -11 -83 -137 199 
TEST 43 ARG:217 -195 114 133 -86 -194 -159 105 -24 -72 164 -172 -22 212 -111 40 -75 21 -70 -184 47 179 -228 -150 126 125 -98 204 -28 -113 151 -225 -242 93 -103 -222 234 3 60 12 -120 -23 18 -213 -141 231 137 -199 -73 62 -169 -250 101 97 193 22 -18 -164 156 34 -161 -33 49 -25 -236 -64 159 -221 176 142 167 200 -7 247 129 139 -118 237 64 136 -249 -128 144 111 -57 215 -50 -5 -35 35 76 -97 -163 241 24 -245 -9 -187 -46 -192 19 -54 -77 146 -44 70 -112 85 -182 154 -47 94 -90 -78 79 -60 -243 1 157 -55 -39 -80 100 -191 -212 -145 -2 -71 -4 45 -132 109 238 -232 153 -10 6 -36 191 131 -196 -121 -45 52 172 88 -15 -88 213 -102 66 17 -230 -247 223 37 -125 173 -81 26 233 116 -66 13 162 165 -17 82 -203 240 -117 228 -176 -219 138 188 104 -131 243 -83 -200 -126 189 -190 117 196 -20 -239 -100 -244 10 -56 -133 57 -229 181 178 -152 -155 -224 194 32 103 232 168 -19 195 -135 -183 -174 -223 -82 9 -109 205 -206 41 225 69 23 -21 183 42 141 -26 209 98 -43 -61 -157 38 99 210 95 -84 -171 110 -51 -140 -62 75 -14 74 46 -42 -204 170 -107 122 -74 -130 113 -138 192 -34 -241 44 -106 33 -175 -237 -215 2 -119 -205 25 -85 -58 -68 -193 73 166 14 96 134 -41 148 -178 -189 -185 -40 -137 84 29 83 -151 145 155 -114 -147 -209 59 -65 163 218 -210 186 -227 147 -201 -48 7 149 112 107 -124 235 -110 92 124 -248 -240 128 -99 -181 -69 -6 -37 -12 -49 4 -197 53 -16 174 175 -134 244 119 78 206 177 249 -170 -160 51 140 -92 90 -149 77 202 143 8 -214 184 239 115 150 89 211 207 -162 27 127 71 229 -29 161 197 -207 -96 68 36 226 -218 120 -53 -105 -158 65 152 -67 -165 0 190 30 171 -116 -148 11 61 -146 20 199 -27 108 248 -31 -30 -94 -166 102 48 118 80 -8 201 245 -153 169 -136 -231 224 67 -220 158 -167 -108 28 214 230 -38 -226 242 -127 198 87 187 63 -122 182 236 -216 91 135 -91 -59 54 86 -11 -198 -63 246 -32 -76 43 56 -188 -89 -234 160 -238 208 -87 -79 -123 -115 -129 221 15 216 -143 -208 227 130 72 222 -235 -93 220 -179 -101 -177 58 -139 31 123 -186 203 50 -13 121 -1 -202 132 -156 106 16 -95 -217 81 5 -173 -154 219 185 -144 -246 -3 -180 -168 -233 -142 -211 -104 39 180 -52 55 
TEST 44 ARG:-47 -88 -137 -146 70 -204 174 71 21 -184 46 38 186 221 -87 150 223 -243 -171 193 175 -128 214 -131 -11 -48 247 -201 236 5 -125 87 86 -109 -58 -205 -107 62 228 14 -45 216 -93 198 -3 162 -68 -245 -203 -40 -228 61 -73 -177 -191 222 184 -155 -99 -31 15 -151 207 -121 115 146 105 -162 50 240 94 -175 -82 16 183 129 -250 163 -127 -96 233 -157 -20 -104 144 187 -166 -120 122 121 107 59 95 20 159 -44 6 -247 204 139 -28 -41 225 -219 153 -22 -15 -129 53 41 244 178 98 -5 17 -178 -34 131 -7 180 -209 -227 140 227 1 -32 156 7 218 169 -85 100 -193 -213 118 -14 109 238 45 161 -102 -180 -152 117 68 -194 -150 239 125 215 78 -42 -185 141 167 22 -130 4 149 24 -64 245 -17 99 73 -167 28 158 160 -111 -229 90 -244 189 147 -72 -192 106 76 97 -147 -74 -140 168 -182 -18 -221 -29 -79 -43 -212 101 -101 220 -62 130 -105 133 -226 -8 35 66 237 126 -122 -90 -112 194 201 142 111 -208 124 185 -84 172 36 -139 63 -1 155 113 203 128 -215 47 -149 192 119 -138 -159 -144 54 127 -33 152 -69 -114 -232 -98 138 217 205 72 -249 -27 104 -134 229 -236 -248 -230 56 -51 -126 -57 -56 -148 92 -202 -24 -214 -216 -4 202 -163 23 64 135 241 -187 34 -80 93 60 -124 31 -26 -53 103 -198 -218 176 231 -241 213 10 69 -189 -13 -78 182 -30 188 75 148 -61 -117 30 80 -113 -76 210 -239 -63 -168 -235 -118 -37 65 114 -240 120 -89 -59 -116 -176 -206 -237 52 199 9 137 116 79 88 -238 -211 -233 18 -67 -110 -123 -195 89 -220 -164 39 -170 -156 19 -169 226 96 -179 83 -207 171 249 -91 230 67 134 -106 209 166 11 32 151 -115 42 -143 248 -81 243 102 136 -92 82 -108 195 219 -12 0 -196 -173 234 -97 -86 -36 200 -172 -145 -77 208 -160 206 -75 197 -183 -119 232 81 -135 145 177 181 -52 132 -38 -19 164 -54 -154 2 55 -35 58 191 -60 -242 3 57 -188 -50 212 -2 12 246 -225 -100 27 196 13 179 242 -217 -142 154 -65 29 173 108 -66 -222 26 143 -174 -39 -246 -199 77 43 110 -23 -55 -71 -231 -10 -103 -165 -9 -234 37 190 165 -181 33 224 -224 84 91 -133 48 -141 -132 49 -161 -95 123 157 44 -190 -136 -158 -46 -83 8 -94 -16 74 -210 -153 51 85 -49 -21 40 -186 -200 25 -6 -197 170 235 211 -25 112 -223 -70 
TEST 45 ARG:-220 7 -98 -232 238 180 236 -215 50 -25 -247 -78 -89 82 133 -210 -97 101 120 -38 200 -105 227 1 241 79 87 -138 74 -199 -16 139 115 -117 -91 -206 113 148 151 30 -231 140 -174 -57 -236 15 22 108 123 -21 183 86 75 -70 -44 -31 66 49 107 -59 -131 -112 4 239 -211 179 152 147 73 -163 -46 157 102 29 11 103 -127 178 -19 -9 -39 -58 145 146 207 -181 -194 85 186 10 176 187 53 225 35 104 -103 -250 13 222 -171 -110 -73 80 -178 -200 6 91 65 -154 -47 77 93 -172 184 3 191 25 166 -237 -230 12 223 -43 125 41 124 -101 149 218 197 249 -54 -144 70 -149 -68 99 -184 171 159 17 -219 -130 26 -123 54 -4 198 -116 -245 -80 -14 202 -160 -104 98 -107 62 -61 -67 38 -241 -113 -62 52 230 -93 131 -217 67 -10 215 -79 172 20 -7 68 -190 221 78 -82 94 18 136 -246 117 -148 81 -99 128 40 -13 100 31 -121 -122 242 -156 71 234 -240 -102 -128 122 -177 144 69 -152 -6 -106 190 153 0 58 -162 46 55 126 141 34 63 -137 -26 59 165 130 -75 -111 14 -180 -135 -151 -235 237 194 -15 233 -185 -142 106 -233 206 231 -5 213 -173 -85 195 -221 -208 95 -143 138 48 -168 169 150 36 -214 -186 -139 24 -32 -88 -86 -96 96 167 -35 -147 -158 -183 64 76 214 111 84 193 196 132 33 235 -33 -191 -141 -204 -129 134 -224 -234 154 -212 -1 -72 219 216 -3 188 211 97 43 9 -60 83 226 -27 -20 -249 210 224 -40 248 228 44 -159 56 -242 163 -218 27 -133 192 -216 -179 164 208 205 90 -164 174 -195 -87 109 204 -115 -17 175 -189 -136 -207 -126 -45 -37 -193 51 28 61 21 -66 -153 -49 -53 -134 -56 2 -63 -182 -226 -64 245 -197 -169 143 -165 -187 -90 -166 112 -83 229 244 -198 37 220 -223 42 -176 -201 -100 -145 156 -239 -36 -42 209 240 -94 -41 -29 -132 -209 116 158 189 173 89 23 168 -23 -52 114 -238 -124 -22 -213 60 16 -34 -161 -120 -28 160 -150 -65 142 -192 -227 119 -228 -225 -140 199 -196 -92 -175 185 -203 201 57 243 -11 -205 -18 181 32 177 -146 -170 203 247 -69 -48 19 -2 -243 -51 -155 47 72 -119 137 -167 118 -30 155 -81 -248 162 127 -76 246 -24 8 -244 -108 -55 45 232 -71 39 161 212 -222 -77 121 -8 -109 -50 105 -84 -74 110 -118 182 5 92 170 -202 -95 135 217 129 88 -125 -229 -114 -12 -157 -188 
TEST 46 ARG:-51 -60 -41 204 -216 -188 7 192 132 -156 -195 -77 -88 -152 -78 -192 68 -32 154 -181 219 -225 9 14 -217 -154 -34 21 -98 234 -3 -106 -95 -24 79 -54 224 178 22 -61 -238 56 -208 -220 -203 -116 45 179 -122 59 -250 -230 103 92 -245 157 148 75 -219 -155 -243 -146 -119 -20 191 -27 -71 -172 -93 -179 -37 -18 235 -100 -166 198 221 159 230 111 -169 -148 58 89 128 160 -66 -117 161 29 -80 223 -52 -94 64 -109 -10 -222 -187 195 -112 74 183 -171 -191 -206 -186 -126 169 185 -14 -13 -69 211 168 136 151 -141 -235 112 129 47 -75 -47 -249 248 -226 106 215 -2 -202 60 -11 24 33 130 101 212 163 96 16 -115 35 173 137 67 244 -45 -244 -211 -21 133 39 -178 -247 -85 -131 -145 -231 119 -7 -113 -234 -89 109 -214 54 208 76 -86 12 -105 220 237 177 -207 -160 -210 246 -1 78 216 73 -91 -227 -147 -236 143 -129 243 121 187 -163 -130 -118 202 -99 66 -46 -241 -84 15 30 -239 236 104 41 180 -182 -158 10 -176 189 117 153 46 23 149 228 152 174 110 -190 138 116 -74 -153 0 167 -199 -196 2 162 -164 -183 81 -53 -205 -110 213 207 -140 52 25 55 86 196 186 -185 27 -233 134 249 -26 247 5 -240 171 17 -58 88 3 61 20 145 -173 -59 -161 -28 -170 69 -73 -16 214 240 -157 63 -102 -229 -223 102 1 84 -79 -218 115 -200 95 -29 19 -204 -165 -246 -70 -197 -15 123 -125 -167 107 -44 -107 -96 -103 50 197 231 210 245 -111 -237 48 100 139 -132 206 218 -151 -39 -38 124 36 242 -25 -180 165 227 38 239 -35 -144 53 -114 90 -49 -82 -177 147 -63 229 71 -65 31 181 233 166 -221 226 188 194 57 -62 200 11 37 122 158 49 -232 32 -30 -184 238 -189 201 -127 77 -248 -135 113 8 -87 108 135 43 -23 82 -8 -104 -108 94 -50 -209 -121 -143 34 -198 -136 -124 -92 72 182 51 91 146 13 120 142 -120 114 -242 205 -22 190 6 -33 -31 -68 105 -175 -97 156 126 -9 -137 -193 -134 -64 170 -159 26 -101 241 40 150 93 44 176 -174 172 80 -123 232 -212 175 193 70 62 -48 97 18 -83 222 4 -12 -43 -90 85 155 -213 -194 42 -150 125 -4 -36 -162 -57 -17 140 -142 -6 -149 217 199 127 118 -228 65 131 99 -224 -19 141 -128 -139 225 83 -133 -42 87 -76 98 -5 209 28 -40 -201 -81 -55 184 144 -56 164 -138 -168 -67 203 -215 -72 
TEST 47 ARG:-51 -7 180 -230 146 -219 237 -159 -209 -42 -52 42 -3 -184 -155 247 62 -31 233 -140 -176 -195 -179 -241 206 48 213 186 -25 138 191 141 248 208 -167 -24 -237 -169 52 72 -233 166 -132 -26 1 -105 -246 -50 -12 125 105 -22 -224 46 -95 -8 199 151 -86 -58 16 98 194 214 78 -164 -238 8 -235 176 148 185 44 -177 -106 54 -80 63 24 -198 223 -113 -9 245 -43 22 196 -211 -110 -157 -118 203 -162 220 165 175 -55 19 -114 152 -194 -171 0 50 -141 67 158 70 -200 35 135 -97 -197 -212 -117 -21 147 -82 -133 -37 -187 -18 -204 -231 -205 120 215 226 -136 9 -172 130 -199 57 173 -168 -103 -85 -2 133 84 -73 128 230 40 162 115 -181 -196 -14 -96 81 187 68 127 129 49 -121 242 -250 -144 17 211 -78 134 221 121 164 -225 -102 177 -109 -32 87 -126 -175 -87 88 29 2 189 56 -128 71 -48 -40 -227 -166 -125 99 167 43 222 -174 -129 38 -6 117 170 -217 -10 47 -131 -163 240 -201 -30 91 -107 10 -146 163 119 -41 23 28 -62 202 -158 -178 -234 -229 -99 -84 59 -27 -45 -192 218 83 224 -16 -122 112 210 76 169 75 -104 -93 201 -228 234 -150 100 -248 -66 -94 190 171 101 -83 41 153 -23 123 -210 -15 110 -202 140 -64 -161 -67 -17 -221 212 -88 -137 114 53 -206 183 228 -120 -108 -69 205 126 -220 -119 80 37 66 -236 -190 172 244 51 -147 124 -56 -193 131 232 -139 60 239 197 73 -123 229 209 -249 3 -145 154 144 69 160 6 178 11 -33 45 -173 181 -182 65 94 96 -60 89 -170 -127 -63 31 -143 136 109 -240 85 -247 -215 -13 14 -124 61 149 -20 246 -153 227 -149 -188 -35 -154 -180 -218 216 -245 64 -111 86 -185 -4 132 -72 -148 -81 -100 -213 -189 97 104 142 -152 -76 -38 -138 39 -151 168 74 111 -5 231 -134 113 -11 -59 -203 -226 -232 15 143 -77 204 -191 207 -68 -222 95 32 -19 25 -112 102 184 -75 -223 -165 155 -65 30 -29 -53 122 156 159 -57 139 217 -101 174 34 243 -47 137 90 192 -135 -1 -28 188 -214 116 -216 -61 55 -39 195 106 -36 -90 -92 36 103 7 -156 18 26 179 -142 -89 -130 225 219 118 -34 193 92 -70 21 27 238 145 241 -46 79 77 -116 4 -44 -242 182 13 82 108 -71 58 -183 236 -244 12 33 -74 249 150 157 20 -160 -207 -54 107 93 -79 -208 -186 235 200 -239 198 -115 -91 -98 -243 -49 161 5 
TEST 48 ARG:-204 153 28 -20 -96 -103 -188 16 136 33 -149 -12 164 -182 -118 -131 -222 152 197 -170 -167 91 -237 -184 8 -99 -29 -50 -121 113 -197 199 -215 178 -200 209 25 -224 -249 -180 -153 -139 185 162 -141 -28 47 -78 227 -36 -80 -64 129 128 130 -241 -144 -157 161 222 -10 68 -104 -229 -191 -246 67 -117 249 -172 -211 -119 -95 99 22 -113 217 -209 127 147 172 133 244 -207 205 188 195 -136 -177 -43 -25 74 223 -19 -176 -148 110 -202 145 132 -100 121 234 -162 148 44 116 -122 -235 -154 83 -14 189 -93 3 170 29 -145 158 228 77 -106 79 -79 208 -105 88 -190 20 202 98 114 87 -107 -127 159 166 104 123 -22 103 203 -21 19 139 -77 64 -173 46 -223 218 -48 42 21 -3 -109 -34 -2 224 23 241 126 31 -86 60 -247 -84 246 -187 -250 -138 240 149 56 156 -9 -243 200 -56 49 -206 182 -38 -98 -75 -81 216 -234 150 -174 -92 112 -175 -231 183 -203 -115 -216 48 93 105 122 12 -8 -132 37 -66 -166 -219 -171 75 50 184 -63 -227 134 -140 -134 -186 -69 70 118 186 -240 39 -59 219 58 -45 26 -26 32 233 -135 151 -7 13 -33 -71 -189 215 -40 71 -67 -142 -58 173 -128 -4 96 -195 201 -62 117 -13 41 66 108 -111 55 35 221 171 -248 -57 -156 180 -193 -18 97 34 -133 -226 38 142 80 125 167 -126 -47 -185 15 -158 -147 -161 193 -205 9 -42 194 65 120 100 -30 -83 -76 -37 -239 -232 89 165 0 131 168 181 -201 -82 -68 -155 -73 -225 -54 -143 62 -85 -88 -51 11 85 73 138 220 -212 18 -230 -208 90 5 -198 247 243 157 140 2 -130 -41 154 -70 204 -210 -169 -183 92 -214 54 -236 -151 95 -163 -217 -137 -146 207 210 -114 -49 141 36 177 -245 -65 -168 -53 230 106 -150 81 -194 239 192 -24 -46 57 -152 -87 78 237 72 212 -90 -192 10 -213 -6 137 -97 61 -5 146 -238 7 -164 -159 229 111 30 236 -199 86 53 69 198 -110 -165 -39 -23 43 -1 115 179 94 213 135 211 -108 52 -124 -35 196 -44 -101 144 102 -89 -91 -242 101 -244 76 174 84 -17 17 214 -72 -116 -123 -218 -31 -120 248 -220 191 225 235 226 -32 -16 -196 160 -27 175 -228 245 -102 163 -11 -55 -74 232 -52 238 -112 169 82 -181 -221 24 206 -179 -15 59 242 51 190 14 -160 119 -125 109 45 1 -178 124 187 176 231 40 63 6 -129 -60 143 -233 155 -61 107 4 -94 27 
TEST 49 ARG:34 31 161 -233 61 107 54 5 193 -30 -37 72 87 88 181 20 -171 -21 -156 197 57 -1 223 -84 137 -98 19 167 246 -64 157 208 215 112 18 -132 16 -87 -38 160 53 35 152 -33 24 -45 98 -34 207 10 156 170 -149 -170 109 -231 118 -163 79 171 6 179 -204 -51 138 176 127 -101 243 239 165 -145 191 190 194 -135 184 217 218 -160 135 227 151 216 37 8 -25 -46 -61 111 -197 -81 -162 91 147 -32 231 -77 -44 -185 69 9 -103 188 166 -99 13 -147 62 58 -223 -85 162 126 68 65 169 -97 11 240 -40 -68 82 44 -173 -48 213 47 -234 -123 128 -95 -109 102 232 -198 248 132 -67 -53 -93 -141 -71 164 -17 3 -7 238 133 -6 234 139 -42 41 140 168 -78 130 85 221 -218 237 189 -43 117 -5 143 -27 -86 -128 150 230 45 -161 32 -59 -133 -146 -166 -96 195 -12 97 114 36 -129 -70 78 -31 76 -188 -172 196 -92 -229 224 -2 25 -121 -89 15 119 93 38 -136 203 -63 -224 28 229 12 210 124 14 153 242 172 21 -106 -137 -100 2 30 -66 -235 90 -192 159 -175 -168 -152 129 115 -194 149 -191 226 73 -220 89 -153 -122 7 -126 -179 228 56 100 -183 -214 -195 -196 131 -115 -249 -112 -116 -54 142 96 4 154 -76 26 -55 205 163 -19 -69 -157 -238 -52 106 141 186 -184 77 59 219 103 -73 -110 -148 -155 125 -119 -22 22 70 -243 -150 -250 95 -165 -57 241 116 -186 -237 -207 55 113 121 173 -244 -120 -211 -36 -56 236 -65 86 -246 60 134 99 -221 155 -82 -216 -88 -58 -105 -219 51 94 80 1 -60 -180 -245 206 75 -8 177 211 -143 -222 187 110 -104 175 -159 212 -15 101 52 -62 -240 -228 145 33 -232 -239 92 29 -151 -203 182 -178 -124 247 233 -118 -3 -117 199 -80 -102 -72 -10 200 -206 -187 -74 66 -75 -94 46 185 202 27 42 -236 -90 48 104 -20 204 -108 -79 174 -248 249 81 84 -200 -39 122 -201 180 245 105 -144 -169 -114 71 178 -190 -140 -208 198 -177 120 -35 -230 -113 50 -134 235 -241 -16 244 -23 123 222 183 -199 -130 -91 -26 74 -193 -111 108 -247 43 214 144 -127 209 -29 -176 -242 -217 -212 -154 -47 -14 -174 -189 67 -18 -182 201 -226 192 136 -213 -205 -202 -125 158 -13 -164 -215 -49 -83 146 -225 -50 -142 0 -158 23 39 -131 -28 -4 -167 -107 -11 40 -24 148 63 -209 -139 -138 83 49 -210 -227 -9 64 17 225 220 -181 -41 
TEST 50 ARG:17 101 -133 -2 19 183 214 -168 -119 -146 -200 -158 -139 -87 40 198 -3 156 -43 -66 -13 138 168 123 -56 -25 -232 -65 -45 2 -140 -137 -174 -231 1 -82 -76 -182 247 179 37 -199 -153 99 -115 33 41 -67 60 -178 -141 64 -234 -121 38 -32 197 32 -249 -5 -64 89 -195 82 -69 -237 241 -54 83 164 -4 -239 -40 -53 -6 180 -91 -30 -90 -55 188 -106 238 47 -100 -175 -152 65 220 -241 127 -79 -73 215 54 186 94 104 -207 73 159 -68 -131 155 -47 -136 -99 -98 125 -162 194 110 -221 172 102 -83 -11 -138 14 -233 -211 221 -245 -229 -23 -16 -228 -184 224 114 -101 111 85 35 234 -201 249 231 237 148 200 -51 145 177 216 228 -38 75 -196 39 135 160 87 116 189 187 105 -219 -145 -15 86 230 -215 169 154 -34 -57 109 -111 -72 -63 132 22 243 -35 212 176 21 67 -120 76 68 -110 103 27 57 201 -238 -116 71 -78 25 157 171 -214 165 229 -209 88 235 107 23 139 -147 -203 74 -185 130 -193 192 -93 162 -240 -217 167 -213 -127 -7 -81 -202 -187 -37 -104 -154 -197 -183 -191 46 -204 -74 -59 -189 150 -155 196 -192 -52 -148 -198 -26 -27 184 18 34 16 -170 -243 -236 226 -41 36 -206 219 -226 -14 -113 143 -75 -235 -88 -114 63 134 9 3 206 -143 -167 -29 -24 202 199 -89 66 13 -95 -188 -250 136 223 158 -244 7 193 207 -225 -117 -177 -118 242 26 -9 -70 -28 72 191 -142 128 -165 131 -50 49 -18 100 -96 -10 225 195 53 141 -246 208 -166 106 163 205 -123 -173 -77 239 -92 203 -36 -84 -248 50 -208 -161 -157 -144 144 113 -149 185 124 -125 -102 -180 217 48 -60 15 93 -247 115 210 81 -163 -105 -31 -49 -58 44 59 -33 236 56 -108 121 -172 -176 84 147 -126 146 120 -103 175 -164 12 -156 98 -224 -17 181 70 211 78 244 119 190 -19 -129 97 118 -169 -48 -222 153 24 129 -132 -85 96 151 149 55 31 240 -230 -194 -227 245 -44 11 -186 -130 -171 45 -242 -61 -179 -135 246 80 142 117 -205 61 232 4 248 209 -109 -80 -1 -71 204 222 161 -124 166 218 -86 174 133 79 -218 -94 233 -112 -210 -42 122 -190 173 77 -216 -62 51 112 170 -134 126 -20 -97 30 52 -8 -159 10 -12 137 58 -151 90 152 6 227 92 -21 -160 -39 8 -46 69 213 43 -107 20 140 -223 -128 -181 28 -22 42 108 178 95 0 182 29 -220 5 -122 91 -150 -212 62 
TEST 51 ARG:137 151 237 -4 -33 -79 -229 -92 -233 -80 164 -198 148 247 -51 -186 -223 -180 184 -55 -34 -200 248 -18 116 -89 169 157 -236 -230 135 -154 81 -226 7 103 235 60 118 -26 -104 -171 -201 -63 -161 -9 -59 -190 -14 -204 192 -101 43 203 176 39 -40 -3 -137 82 125 201 -115 -218 162 123 15 -175 -178 -75 122 -234 158 -202 -206 -244 -235 -42 19 -67 -77 -232 236 -109 40 -35 94 230 150 17 -98 8 227 -143 -38 189 -248 172 -95 222 -43 233 226 -147 105 -164 -54 -205 52 20 221 -128 108 -241 77 -179 -100 -19 -225 -220 -133 -23 -102 -140 106 2 -96 183 -70 -78 -176 -50 -39 195 -66 34 -177 119 -130 -135 231 173 -11 -129 35 -2 -149 210 95 -209 -52 -188 -91 27 -87 3 159 9 -216 -172 -151 44 217 -183 -47 6 127 131 -49 67 -238 76 130 175 185 -1 143 -10 92 -29 165 -83 228 10 -17 -71 -185 -187 -207 -166 -228 199 -8 218 -46 -131 51 126 89 112 -74 -114 88 139 78 -247 -93 37 171 234 182 24 41 214 83 56 -163 75 21 -21 -245 54 -41 -103 -148 55 0 239 177 87 -53 -168 -32 97 196 -86 -227 73 22 -184 96 -82 100 -25 72 197 71 -141 79 -169 211 170 33 220 99 -243 -231 115 -134 -61 -121 -194 178 136 -22 90 29 156 124 68 -122 -58 -106 -126 -132 28 187 190 -85 -13 -217 69 -138 -119 -105 163 133 -62 91 200 -36 -214 -24 -182 215 -30 -7 -12 11 174 216 -57 -116 -90 142 -222 53 -213 113 -99 36 240 -123 98 -165 25 111 84 -48 193 181 -31 132 -60 16 -170 46 149 161 -136 -108 70 -159 -240 66 167 18 -124 -111 -120 -224 93 -150 212 -118 213 12 129 30 146 63 49 -145 -242 101 147 -68 -167 -221 208 -199 -6 -173 -162 138 -237 23 -157 -250 -73 -191 -110 -219 144 -107 134 -211 -81 229 -156 166 -203 -127 -158 -195 -210 -197 4 207 180 219 -112 31 -20 45 58 -142 242 -239 -246 -94 155 86 238 -192 61 -215 154 1 145 -27 223 -56 62 114 48 38 57 225 -37 109 209 26 241 153 -44 121 -212 42 -65 -249 104 -155 191 224 -72 -64 74 64 244 -69 59 188 -76 65 -160 -113 249 243 160 -189 -28 -125 186 128 179 50 -45 245 -139 85 -144 -16 140 -181 102 -84 202 80 152 5 110 107 -193 14 -15 -146 198 205 168 13 -153 206 117 -5 246 -152 -117 141 232 204 120 194 -174 -208 -97 47 -196 32 -88 
TEST 52 ARG:-32 202 176 178 22 0 -81 -111 88 -122 122 -72 -55 -26 182 -180 115 -62 50 -119 -214 -185 -75 -178 84 -100 -243 177 133 60 -79 -92 -113 -184 24 135 143 -173 -121 32 -11 142 101 128 165 237 -64 246 -97 -91 -83 -13 -25 97 -142 -124 93 41 -2 -61 -207 -186 220 210 -49 -204 112 -182 44 98 245 -167 -9 8 -211 64 190 209 -129 26 105 -41 30 -200 74 -104 172 -161 -7 80 46 18 68 -223 61 -84 154 58 236 -192 191 54 27 -82 131 -191 -202 -132 138 -196 -139 -28 87 51 -109 159 217 227 231 244 7 5 -194 -94 -172 145 -108 -206 226 -135 136 -218 -101 149 -99 130 118 116 229 21 40 10 66 -138 -195 -215 186 103 -88 248 206 -21 4 89 43 78 45 161 -143 67 -210 234 -50 -222 225 126 -127 -240 164 71 238 110 -42 -23 -65 35 173 148 100 -153 168 31 224 -126 214 228 59 167 195 199 204 179 9 -233 233 -51 147 92 151 -130 160 -71 -90 34 -54 53 47 107 95 241 52 180 -229 63 137 90 15 -58 -40 -36 -76 -199 239 -179 134 48 -208 -16 -78 222 25 189 -137 218 -125 19 194 127 212 153 -118 -29 -235 20 -152 -47 140 -131 -148 150 185 -110 -141 -37 102 196 157 144 -147 -244 -67 -86 82 56 94 -22 171 -44 230 -174 76 -3 39 -228 12 -69 -17 -213 187 -35 -165 -176 -226 117 -193 -106 -114 -105 -8 -74 -103 -216 85 -38 -203 37 -145 72 -60 -237 223 -168 -46 13 158 198 203 114 174 -59 -123 146 -56 62 197 -107 -219 -250 -162 208 17 141 70 -221 205 -48 2 215 -227 -24 -247 201 -189 207 -170 123 96 -239 -166 -187 -63 -249 -150 14 79 49 -52 -183 -149 -95 111 129 -144 -53 -45 -12 193 -197 175 42 -175 240 -201 184 -112 38 247 -77 -190 -39 113 23 -230 -15 120 -169 219 183 213 77 166 -181 104 169 -188 -151 232 73 -177 -160 -246 119 -224 -80 -154 156 132 -1 33 -212 -14 -159 -164 -231 192 -133 -102 -241 29 86 75 65 -18 -217 -156 -134 -120 181 -87 -236 188 -57 -209 -70 -93 155 69 -205 200 11 170 -96 -155 -117 121 -245 -27 125 55 -66 -128 235 152 1 57 -163 -31 221 -116 163 6 -33 -30 81 -68 -43 -6 -4 -242 36 99 162 124 108 -20 -158 -232 -248 -146 -234 -73 -34 -157 243 109 16 139 -140 -10 83 28 -115 211 -19 -136 91 -85 -220 216 3 106 -225 249 -238 -98 242 -89 -171 -198 -5 
TEST 53 ARG:-200 -9 -22 -138 -17 -181 -210 -10 203 14 52 63 -122 32 -44 110 190 -114 -203 231 -23 65 117 -168 -186 195 -238 225 -65 78 -232 -119 -249 42 3 -12 -144 53 112 166 209 238 -120 38 27 5 -88 -219 216 -221 -139 10 200 -146 201 158 129 -151 -51 217 -94 187 127 95 -20 -27 -28 215 105 -77 202 -83 19 133 88 -103 36 -66 108 -229 -112 96 56 196 64 -131 131 153 161 -177 46 -40 60 -101 206 97 -34 59 140 173 -1 177 11 243 -67 -116 94 -188 -245 -13 174 49 -60 89 -63 193 249 -171 -89 -206 167 -174 -68 179 123 165 211 138 210 -25 -16 29 -227 -175 40 21 8 -155 -4 205 23 -57 87 157 128 1 -133 -176 -105 -244 218 -209 -141 146 106 184 107 62 147 -194 31 -87 -225 163 -165 -53 -117 151 -38 68 -78 237 234 114 -58 -191 188 100 -6 199 55 -5 -156 76 -32 233 -233 103 -190 77 222 169 -113 -121 -180 -37 -14 -157 -207 189 204 -93 221 197 175 79 -106 113 125 -73 92 115 -33 -45 -234 15 -147 16 -235 220 -169 126 18 183 -31 -137 -11 66 -214 83 58 139 -154 242 99 22 -150 82 -26 -159 -15 -158 -56 73 130 248 20 -179 -182 -29 -183 226 33 -198 -228 -127 -21 246 -128 -162 -184 90 -124 -84 12 135 -172 -246 -164 239 -46 67 41 -97 51 -111 102 37 214 -187 -109 -82 9 -231 -123 162 142 -24 45 -102 91 191 208 -85 54 -205 44 -50 -75 150 227 -90 93 137 47 -99 -163 -95 236 2 -148 121 111 -192 235 -54 -222 145 -64 0 -42 -247 -96 144 132 -130 -197 -250 -55 84 6 -30 -72 13 -81 -39 -236 70 -19 -145 -92 -7 -189 160 141 86 -86 -161 -18 74 194 120 -48 -110 -43 213 198 -91 104 156 241 -248 176 228 4 -132 39 -62 57 -76 34 154 69 -208 -166 -143 -212 -142 136 219 -47 185 26 122 35 -211 182 232 98 -213 224 -230 85 -69 -242 -107 -216 244 171 240 -173 7 152 -70 -80 155 116 245 24 -226 -241 159 -224 -167 -135 -49 -215 -3 178 212 80 -237 75 -2 -79 -35 71 -217 25 -196 -125 -199 181 134 -220 -136 -104 119 48 247 -160 -140 -240 170 43 17 101 61 -59 148 -74 -152 124 72 -98 -193 -202 -153 -41 180 -8 -118 -178 -195 143 -170 -239 164 81 -61 -185 -115 30 -223 109 230 192 -129 118 -204 -108 229 207 -71 149 28 -201 -52 -134 168 172 223 -149 -243 -126 50 -36 -100 186 -218 
TEST 54 ARG:246 236 128 -163 201 -178 181 -155 12 -227 198 185 44 112 197 148 -107 139 55 -118 71 192 175 -67 124 81 -165 -44 -74 78 83 -209 -220 217 -42 -105 -127 87 138 -47 -37 173 -158 -11 -210 153 72 248 -46 -4 -84 33 131 -73 -40 204 -246 -223 -244 -52 17 54 52 65 -24 59 77 -20 -77 36 -247 -97 211 -88 66 158 -156 -208 -6 -190 -153 31 84 -217 -38 -162 -35 116 -9 -33 -56 -111 73 -231 -186 193 -169 176 -104 -159 164 -136 224 -1 -171 28 -94 200 218 85 -173 -138 188 19 61 93 -174 25 -176 -102 156 -114 -71 -45 -48 205 -151 -214 213 -28 169 137 -50 -219 -113 2 187 -206 -17 -12 -161 30 172 241 219 231 8 51 -76 60 -149 39 57 -13 68 -195 183 56 -79 -86 195 -27 146 143 23 -191 -49 41 1 18 76 -175 247 -110 94 13 233 125 -200 126 -51 -164 237 -129 184 234 238 108 168 -99 40 -248 99 49 119 24 -198 106 212 -5 42 161 115 -160 210 -148 -135 -130 194 166 178 214 50 -199 -139 -68 -112 63 177 -103 -181 5 182 -22 -193 -225 157 145 121 -141 136 -234 160 9 -34 62 0 -237 134 -197 226 -167 35 242 79 -55 -78 147 -119 -70 53 46 189 208 -54 -238 167 98 -75 -215 174 -85 -131 97 223 -82 -14 123 -19 162 11 132 -150 -204 216 -117 102 -145 -21 75 -183 -239 152 130 -23 180 -96 -98 -140 -182 15 -59 -89 222 -60 -81 -166 111 142 80 -62 90 45 190 -235 154 95 -25 -146 -242 -222 118 -207 -134 165 206 -132 -16 129 -128 -203 155 -172 88 110 -61 -125 -15 -39 -240 37 91 -216 89 144 -116 203 196 -212 21 -3 -137 -123 228 69 -228 -63 221 209 -26 32 -80 -196 -221 -7 227 133 27 -108 215 150 -232 127 229 29 239 -170 -91 100 -202 170 -187 207 105 20 -188 43 92 -87 -65 232 48 -41 -58 -245 -90 34 -226 103 191 -66 -179 96 58 141 240 163 -229 -211 7 -168 122 -109 -185 -36 67 179 -124 -147 225 202 -143 243 171 -126 -115 245 -121 3 -201 114 -224 -53 26 -83 -249 -8 -233 113 10 14 -29 -101 -241 -10 -18 149 -243 -157 186 -32 38 151 -95 -144 -152 244 -100 -236 -2 140 -122 -30 4 -194 235 -218 22 -213 -142 109 74 101 199 6 -64 -184 -189 -250 -93 117 -230 82 47 220 70 64 -92 159 -69 -205 -154 230 -72 104 86 120 -133 -192 -180 -177 -31 -120 -57 107 135 249 -43 -106 16 
TEST 55 ARG:97 241 -198 -6 170 -212 -77 243 75 -142 29 -136 137 41 53 -115 -47 -44 -236 -42 78 16 -241 -65 -79 115 -179 -5 -149 -137 14 -17 58 -78 212 225 23 34 -98 -67 191 -122 230 -52 -111 -100 219 136 117 244 -184 -34 -217 -57 -158 -54 202 -235 -202 -101 95 -131 -231 220 119 -36 1 214 20 -210 -119 146 129 -223 158 -164 -123 -249 6 -148 85 -173 73 231 178 72 -150 68 -196 -183 -30 82 4 69 118 224 -80 105 192 125 -19 81 218 15 169 -86 27 -220 -43 -16 -23 -87 -127 -59 -74 -226 142 -120 -135 -171 -108 57 -3 144 -216 -243 232 197 -225 -116 79 134 -60 -29 -170 213 -143 201 60 104 233 -107 55 151 234 177 -234 -26 -49 -247 3 127 102 54 206 236 93 -194 -104 248 -89 49 247 -94 -55 209 143 -134 211 198 -32 -90 120 -248 223 195 -180 246 -145 -68 172 99 107 -28 -81 64 103 35 126 10 19 -157 -24 -41 -166 183 240 140 156 171 145 109 199 -96 -45 -121 221 131 217 110 -197 43 -130 -66 -126 -167 -211 -168 114 166 180 -39 56 5 24 108 67 162 48 179 -156 -4 -8 0 148 -238 149 37 45 228 -124 25 -181 28 -51 150 242 46 13 -140 181 -15 245 -13 -199 -73 205 112 -227 185 -139 121 -102 -244 167 -84 -152 12 -161 -209 -213 130 101 193 22 44 229 -151 -25 -38 196 -93 -14 -138 -33 216 175 42 -239 -35 189 91 -190 -232 182 -69 141 -250 132 -219 -229 -99 155 -233 -40 83 -70 -169 -11 -125 -182 -163 30 8 -18 -154 61 -237 190 74 -37 235 36 59 -12 188 86 159 -206 -214 -162 139 -82 -230 -146 -186 -175 65 -106 -46 63 -56 88 -76 -91 106 168 96 -178 -242 -147 116 -1 -191 200 -21 90 -246 -155 153 186 222 249 160 31 -62 -117 238 -159 176 18 -114 39 98 38 239 -110 -153 -228 133 -177 161 40 147 163 227 184 -83 -118 -215 -113 -133 52 174 -9 84 -245 -165 -222 237 -7 194 76 2 164 -53 -10 32 154 -189 -58 92 -201 66 -176 -218 51 -31 -144 -174 11 165 -221 -205 -160 50 -188 -71 -129 122 -63 -85 71 135 94 -207 -128 207 173 187 226 -50 123 -203 89 210 -97 -27 203 17 21 -204 -2 26 -72 -88 80 -172 -103 -240 87 -195 7 113 -61 215 -187 -200 -75 -141 77 -105 152 -185 -224 157 111 33 -193 -208 204 124 208 -64 -20 47 138 9 100 70 -22 -112 128 -48 -109 -192 -95 -132 -92 62 
TEST 56 ARG:117 108 132 76 77 -100 237 38 -126 26 192 219 -87 21 63 165 86 -155 -207 -212 53 -236 96 36 243 -103 -147 168 -154 -150 107 -225 217 -202 -246 45 204 181 -186 48 -188 -111 -206 106 -69 90 188 -214 -240 24 -110 3 -131 -242 209 -234 -219 -224 -223 -124 -97 189 154 -193 -91 -41 173 218 34 157 66 -78 159 32 -79 -161 198 200 155 227 -164 70 -222 116 35 -61 248 -76 -183 -162 110 92 -127 -237 -178 160 -238 167 191 239 -93 136 -190 244 44 -226 -210 59 -38 175 -231 199 236 121 42 -229 -163 28 -245 91 -39 -125 5 -216 102 -148 -213 95 -83 -241 -7 -2 51 -194 88 -74 -98 22 -215 120 -52 -34 -114 210 183 -5 23 -228 -220 62 134 0 -159 170 -199 9 97 206 30 -189 -153 2 245 122 52 31 -116 -106 14 75 -8 141 -28 -80 -4 231 -158 -19 230 225 -169 119 -37 50 128 47 -166 1 16 101 98 213 123 104 105 -66 246 10 -197 73 -57 124 -70 152 6 -29 143 -36 -165 -156 197 186 109 -133 54 -203 72 85 247 212 -65 -195 156 94 -181 27 223 184 29 37 -42 -67 111 -40 -230 174 100 222 -160 135 -122 195 -85 -17 -24 -117 -88 -68 151 -55 -20 -146 226 177 -145 158 13 224 235 -64 -118 11 -149 -121 -232 -82 -221 89 84 -112 20 232 99 196 233 229 8 -120 -12 -58 -176 7 -244 -26 171 149 65 115 -43 -35 -113 -143 238 -227 211 -108 194 -54 161 -105 18 -14 185 -47 -177 -175 162 -247 -95 80 169 145 180 -119 190 203 -243 56 -63 -33 -248 202 228 -129 -9 -94 -173 -50 -135 208 -218 25 -51 69 -25 220 -211 -139 148 -157 201 -44 140 249 -137 87 131 83 178 64 -192 -167 -101 -171 4 -11 -174 -3 17 -115 -185 -187 -99 -233 166 215 139 -89 -179 -136 55 -201 163 -134 240 -21 -123 57 -200 49 137 234 -198 130 79 -13 -27 -56 176 -204 -102 39 -209 114 74 221 -90 -46 -196 150 61 -62 205 -77 153 -92 172 -184 216 -208 127 214 -18 -81 -170 -140 146 -75 12 179 -182 -151 -49 60 33 -15 -6 78 -1 -142 15 -250 46 138 193 -168 -128 -45 113 -73 -60 -141 118 -53 -23 -104 81 103 -152 -22 -172 -191 93 182 58 19 68 144 -86 -138 142 -130 133 67 242 -16 -239 126 129 43 -107 71 -132 112 -217 -96 -48 -144 -205 125 207 147 82 -31 164 40 -71 -72 -109 -30 -10 41 -235 -59 -32 241 -84 187 -249 -180 
TEST 57 ARG:167 -200 -135 148 160 77 235 46 -27 -36 171 -112 -242 -128 199 219 79 -142 -144 2 -84 -129 -44 91 -177 -195 217 128 211 -185 -57 155 233 245 3 -40 135 -80 -234 87 92 -220 221 -118 -217 29 210 -123 -111 -132 -76 -120 162 -191 53 159 -104 163 15 -229 -212 -250 -241 74 -192 -173 -53 -47 104 43 -41 -180 -62 187 60 -246 -116 -221 -69 194 64 71 -119 5 -50 -77 76 232 -74 -167 124 -146 66 -20 103 197 10 -243 -183 -126 -58 111 -245 -73 127 -100 -216 -203 108 169 -194 75 -98 153 33 50 137 207 107 84 238 89 55 143 31 223 186 37 40 202 -71 -175 151 200 -12 231 -150 -91 136 -134 -131 204 81 180 -226 -81 20 -93 -130 -224 -158 -105 -232 -228 -31 -92 -68 -42 249 54 243 247 177 56 120 42 183 -164 4 -54 -124 -174 -247 -102 161 181 38 -1 -204 30 -24 -169 225 109 236 -2 -72 117 -26 -213 209 98 26 61 -157 -237 191 -155 16 -83 -3 -6 -85 -198 51 35 -55 -75 -60 201 -159 212 -14 189 141 36 -78 -33 154 80 229 -52 230 140 -166 -127 -46 132 -230 156 -4 -79 -96 -113 85 147 -206 131 -178 -23 -28 123 134 -125 145 -30 190 90 99 14 69 173 244 -233 -248 27 -61 152 242 -186 -182 -66 -152 -17 -97 -162 59 118 -140 -34 28 -170 22 -70 78 -189 -48 -199 110 12 -19 -108 -25 -187 -151 -205 -35 -15 215 240 86 -141 -89 182 -201 -137 -49 -219 -168 100 227 67 112 41 -145 -163 -65 -227 121 -249 7 21 -115 68 -59 224 -184 168 198 -143 228 -99 -197 -188 102 -147 -244 63 25 -13 -106 32 150 192 214 -39 -208 129 -156 130 220 -103 -11 185 203 1 -21 -196 -148 170 206 -193 -87 -139 175 70 157 -95 -222 -179 119 218 19 -109 -5 -121 101 -32 193 116 166 -101 165 58 -82 -9 96 47 188 222 0 -8 -239 -181 208 13 57 125 237 -10 72 205 34 52 195 -210 176 234 -18 172 184 -133 216 -149 -154 -171 44 -214 97 93 -22 158 114 8 94 246 239 -190 -202 105 73 248 106 126 -63 -238 -172 -43 139 -45 213 11 -160 138 83 -37 88 122 -114 146 9 179 -16 -138 -218 -117 -29 133 -56 226 -107 -67 49 -215 -176 241 -86 -223 -153 -51 174 -161 6 178 62 -7 -236 -122 -94 -231 95 18 -209 -165 17 -136 -235 48 115 -38 45 -88 39 144 -64 24 -225 -90 82 196 -211 142 -110 164 -240 149 23 65 113 -207 
TEST 58 ARG:110 -46 -249 -125 -201 118 72 24 239 -237 90 -197 136 -40 -169 160 15 207 181 140 123 185 -148 44 29 215 196 -131 -139 119 39 35 109 -136 -103 172 -154 -41 197 194 -150 76 191 -192 73 53 -12 -145 92 51 -203 -247 209 114 155 -113 -23 -86 16 237 -56 -84 -49 11 -14 -130 -161 -195 41 -235 216 186 -122 -26 -180 -90 111 -5 138 -187 167 -222 -114 -66 -21 233 -243 -94 71 164 -185 183 -109 245 179 -58 223 19 205 59 229 -52 -144 -82 89 63 187 -99 -155 23 -234 -62 79 -120 131 -28 -61 -118 189 120 -92 -199 133 -74 -93 201 -31 -57 145 107 152 -160 -137 198 84 212 242 -10 -104 -20 151 -226 -224 141 -81 -227 -95 188 132 86 -213 -63 98 -182 61 34 176 -209 -30 65 54 180 -159 101 -248 -147 25 -27 -152 -32 -38 -1 124 146 102 248 -102 -19 -167 -106 -105 42 112 -177 -242 30 -111 -100 46 -50 232 144 225 82 161 241 211 -208 -108 9 -123 -16 77 -149 -228 -43 -179 62 78 70 227 -65 -212 67 -97 199 -42 -216 96 -223 170 -85 95 -162 -67 60 234 126 3 -35 83 -176 -233 177 91 -232 135 -236 168 -250 1 -202 -15 99 -22 217 -36 -158 244 218 -217 -29 33 166 -240 -246 -153 -70 80 163 36 190 174 -241 56 184 122 214 58 162 173 106 193 -101 -9 219 130 -238 -146 -245 226 -8 7 -143 40 17 -115 -34 -60 -134 231 -87 -133 -178 115 -193 0 -116 -188 192 18 200 -13 -126 97 69 -175 230 -142 -214 -230 -168 -78 -173 74 -64 -135 -45 104 137 -3 -181 26 171 213 206 -69 -204 -205 75 6 182 13 103 159 12 117 -151 175 -200 20 -18 154 158 94 31 116 32 -191 149 -51 -2 210 235 -164 105 249 -171 -210 156 169 -39 113 -124 -183 -73 -71 -48 -119 14 22 2 37 -75 -229 -72 221 10 134 224 -244 -53 247 203 -59 -55 -24 -128 -112 -231 195 -96 -166 -37 -91 243 45 -7 -77 -157 -11 -165 240 -239 100 43 129 228 -68 -198 57 108 93 -117 68 -76 178 -83 -186 -127 -156 157 -194 236 -215 -89 -220 66 -47 153 -132 -17 208 128 50 -107 85 147 -140 220 121 -25 238 47 -172 -163 -54 4 -79 -6 142 -110 49 125 -196 222 -138 -189 -33 64 28 -129 127 38 -98 148 -221 -80 88 8 81 204 -219 27 55 -141 143 150 -170 165 -174 246 21 -225 -206 -207 52 87 5 -211 202 139 -184 48 -121 -218 -4 -88 -190 -44 
TEST 59 ARG:-15 -194 -121 219 -40 -113 -72 -213 207 175 -100 -122 -199 159 112 -168 -61 -117 3 -39 186 13 19 -111 -35 -198 104 -167 97 206 10 126 106 -145 -5 40 -120 -128 -186 -4 -235 134 -34 89 -23 224 -48 239 11 229 -131 -17 39 85 192 203 98 -148 76 24 -96 -66 143 -182 160 124 -95 233 -58 -197 68 -84 -172 -136 -75 -191 -133 123 -160 -171 167 -26 83 -55 -25 17 113 115 94 -141 156 -29 -60 240 161 220 84 -63 -77 -206 45 81 -64 30 -245 -101 -177 -159 -158 51 201 -51 8 63 119 -221 -91 7 -18 -54 -138 -152 120 162 209 38 -49 69 155 151 214 -127 62 -173 53 145 16 -16 -67 37 -97 -1 -74 -83 -142 -44 -90 235 -238 -164 152 242 49 54 2 18 -73 129 32 79 74 174 183 -185 249 -107 241 70 182 -43 103 -140 -147 -57 -85 -178 -79 -234 142 -106 58 -46 196 247 -146 -47 101 -246 -104 228 157 -19 -109 204 -62 166 180 185 -42 48 -216 -13 231 -161 -202 -135 -12 -192 78 29 212 -144 132 153 141 -123 -137 243 110 165 -226 -196 -195 225 -193 -87 -112 5 -11 238 -86 -22 -94 -78 131 -236 -28 46 148 75 -211 147 -115 -181 244 198 15 140 -224 -9 86 -149 90 -204 43 -139 -163 -116 -155 168 -210 -208 42 191 6 193 -176 -98 248 -240 197 -8 121 230 61 111 -239 64 -233 208 22 14 -71 4 12 -99 52 -170 190 -162 66 202 34 -30 216 -124 -50 144 227 116 -76 221 226 20 -223 -212 158 118 -93 -200 -92 -119 -218 150 -247 -134 213 -232 56 88 117 -89 -45 128 -110 189 -7 -205 188 77 -41 -6 57 -225 47 -21 -143 -108 -237 -154 71 232 -214 -220 -33 -3 154 36 -132 91 127 -248 205 87 133 -14 99 -70 -65 163 -82 82 -242 -190 21 -31 -169 -2 96 -38 195 170 245 211 25 -227 59 1 -203 -175 -157 108 184 -188 100 -37 215 -243 -231 55 -201 -183 237 -69 -187 107 -114 -249 -150 -151 102 73 80 60 -184 125 -250 -174 194 172 -217 -103 -241 139 -153 -68 -215 -230 234 210 95 181 -27 -179 169 -222 -53 -166 -32 50 -180 246 -80 9 109 44 171 146 93 -189 105 -56 72 -156 -20 236 -118 122 -244 -219 164 114 -126 -52 -130 199 176 -24 -105 26 23 35 222 138 -207 179 173 -209 136 178 -125 -129 217 149 -88 177 200 -228 41 -10 -102 0 223 -165 218 137 33 135 92 -59 28 -81 65 67 130 27 -229 -36 187 31 
TEST 60 ARG:-2 199 -28 -244 -76 -21 -181 124 -149 -65 233 54 -240 180 99 -7 219 234 -236 -110 85 -33 -124 20 -174 116 104 40 -180 -88 -230 -29 -11 -30 247 197 132 128 145 -63 171 127 206 73 -171 -46 184 -225 241 188 -9 12 239 177 113 226 -55 -139 232 -131 -100 110 60 58 89 153 -74 -5 -182 -212 -193 11 62 32 -24 121 107 25 43 71 -22 102 -51 -10 -196 -35 207 167 -136 218 -250 -106 -20 9 -17 -207 185 162 -14 -15 -164 155 15 -101 120 -202 172 72 229 52 118 95 10 -78 248 -195 -161 -151 27 56 224 -140 223 -248 -38 -130 -245 -115 146 -134 -48 244 -3 108 149 -234 215 -80 48 -99 133 -59 178 -25 134 -152 174 165 140 210 65 -241 -237 237 -58 236 -162 83 213 -127 -103 -169 -13 112 -211 -117 -77 74 -220 176 -222 67 195 181 51 -116 -60 -26 -47 135 -184 -144 151 161 193 -231 -84 187 186 14 238 -37 -69 -45 -135 204 211 44 26 23 173 -23 -64 -61 -42 -54 -86 231 196 82 -147 39 -218 18 29 159 36 203 152 -232 -183 -176 192 -90 200 55 168 125 34 189 77 -215 166 68 6 50 -49 225 3 -125 -92 -32 -158 -1 -41 105 -126 -172 -79 33 -111 -173 170 -68 -206 -112 -138 24 101 -95 30 41 -143 -210 -146 -82 131 -8 212 90 -159 -72 -157 217 -104 88 -160 -165 -57 -121 -87 49 139 -178 -129 19 160 -166 -186 -217 -238 21 -243 230 -224 221 183 143 -194 138 182 -62 126 59 -27 94 98 190 -83 22 -81 242 -221 -142 45 -56 -43 75 92 -40 -170 93 -94 -229 123 -233 -66 -91 142 175 -192 -191 -208 28 -179 -16 -235 122 66 -122 114 -6 -4 -118 209 228 115 13 86 -247 -188 -97 61 -150 -75 -198 -52 -67 246 144 -18 -145 -216 106 117 -226 -113 147 16 201 -199 -114 97 -246 -50 -203 -163 -175 69 148 220 -223 -132 -239 64 -93 -214 53 -200 -156 136 -185 119 157 4 -190 2 198 87 -141 37 -154 141 31 7 154 100 -12 222 -187 -133 76 240 -73 130 111 227 245 -197 243 78 158 -204 129 169 -148 -137 191 80 -228 -31 -189 -155 -89 109 -98 -213 179 -19 63 -219 -44 0 249 -167 194 -102 81 163 156 164 -209 91 216 -123 -249 47 -53 -128 -242 -107 96 -85 137 205 -205 -71 -177 -105 8 1 -39 -201 -153 208 5 -70 38 -34 -109 17 214 35 103 70 46 -36 235 -120 150 42 79 57 -96 -227 -119 202 -168 84 -108 
TEST 61 ARG:-83 119 -186 115 -206 -92 40 -64 -43 214 -67 202 215 24 238 -192 -169 -23 -159 -51 -194 3 -213 172 244 -241 -234 -93 -68 -178 20 -209 30 167 -120 184 -30 141 21 -132 -21 5 -208 169 153 175 108 -182 -104 9 -181 43 210 -131 -38 -191 -225 211 -164 190 140 -40 -66 8 -245 -140 46 -121 -149 73 -11 193 -157 213 -160 176 -146 249 -77 -103 208 -60 134 -59 177 -90 201 212 89 -88 -126 133 13 106 -42 -102 -175 -187 156 245 159 -29 81 42 -17 -212 -45 -135 -141 135 -173 -26 -5 -107 -235 -81 -171 105 23 -165 186 -91 -98 10 -110 185 -198 -108 -218 -168 -106 -163 53 -82 130 194 -183 147 15 31 -134 -123 -28 164 -242 157 -79 -162 226 136 -9 60 99 170 -144 -12 -130 -24 195 152 -3 69 44 122 216 11 -101 235 123 110 240 48 231 -143 163 74 92 -148 243 18 -248 246 -119 -193 -174 35 112 -188 -138 222 139 -39 26 -63 -129 187 121 -62 39 65 107 224 -196 -166 233 6 -65 -172 198 -109 -156 227 -142 196 248 -35 96 -230 -240 239 178 114 1 -249 -221 80 -200 -128 -227 79 -244 -1 -170 180 -96 -7 -27 -15 -84 12 -8 -70 76 98 75 36 166 241 -73 -216 16 87 -58 82 -118 103 59 -46 4 70 -211 -147 -237 -236 -55 142 138 61 162 72 55 -87 -167 -223 -155 151 -14 58 84 -195 68 -199 -19 -180 160 200 -53 50 -22 154 168 -226 57 219 56 128 0 165 -125 -154 -97 117 -176 17 -16 188 94 77 71 64 -204 131 203 -71 101 218 145 -139 90 174 29 199 95 -95 -161 -80 -48 -190 7 -203 -137 28 -152 205 -201 -36 232 126 -18 -52 -31 223 -197 -243 125 -127 242 -222 27 -85 -189 -56 -232 -114 32 237 -112 -49 229 -215 -239 -151 192 206 197 -37 37 62 146 109 -231 100 78 2 -202 181 -74 -47 129 -150 41 -185 54 -94 -224 -177 -153 -133 91 -69 -4 -54 85 137 118 -99 -20 49 236 -111 209 -100 -214 38 -210 -33 -145 171 -246 -250 -184 51 -13 33 19 221 -25 88 113 -233 124 155 86 -158 127 -72 25 -122 111 132 -10 150 66 120 207 191 -44 -116 -34 83 104 -32 -50 -61 67 217 144 182 148 230 228 -105 -117 45 220 -86 -41 -229 116 234 14 173 161 -238 -57 52 -124 -76 47 97 247 -217 -2 -113 -75 -6 34 179 -219 -220 149 102 -136 225 -179 204 143 -247 -115 -207 -78 22 189 -228 63 -205 -89 158 183 93 
TEST 62 ARG:139 -141 -176 224 32 73 183 -232 -126 -77 -130 181 -245 0 86 30 7 166 -60 74 -26 45 177 -190 -184 8 -129 65 77 -84 175 244 21 -33 -159 220 -41 -185 39 -27 -163 -114 103 -167 158 -9 189 92 -73 -79 -170 97 216 13 190 199 3 150 167 -229 173 93 12 194 236 -78 -155 107 78 109 212 -244 84 -38 -122 81 26 188 -125 -228 -47 -231 -66 -239 -12 -102 116 193 227 161 182 -32 -235 -61 -8 133 171 192 83 -149 247 249 -2 -4 -224 -200 155 10 238 95 56 164 11 -227 -161 -238 -115 -209 -1 -18 211 -243 106 -183 -10 23 114 31 -36 -249 152 -166 -215 -45 136 -216 213 -108 -179 -206 195 170 113 234 -236 132 119 140 25 -37 223 -6 128 82 -204 203 -164 -74 -58 -107 246 198 135 1 87 104 5 -30 241 -56 -87 217 -35 58 63 18 -39 -203 151 -230 15 130 209 -214 -207 -199 -175 -112 165 -70 197 -217 -11 -153 -59 -123 59 124 -162 35 160 70 -117 174 -23 187 -96 191 148 153 -69 111 219 -88 14 -172 162 -143 230 -151 91 34 -15 123 -248 -234 72 -54 127 218 131 -24 -99 226 -67 -17 98 -233 176 -101 -14 -169 228 41 206 142 -156 -105 -182 134 62 -93 -189 -48 126 144 -136 -7 40 -137 -133 -197 -53 -237 -132 67 -51 -20 -128 -19 138 -110 -138 112 -135 19 168 -116 179 204 -22 -62 75 163 -3 37 49 143 -201 85 64 -242 -68 -13 -212 46 -28 141 -140 80 -142 -202 -113 44 -188 -97 154 -196 20 105 60 -52 207 239 186 202 110 -80 -109 -64 -178 -150 -98 90 99 -210 -111 102 -5 237 205 -147 125 -118 145 -171 156 -43 208 6 235 -157 4 -218 -225 9 -148 -174 -71 -187 -40 -177 117 -134 -100 69 -49 53 201 88 -65 57 -120 229 149 -240 -75 231 -160 169 225 55 50 29 -63 -180 -104 245 200 -25 -21 94 -219 -46 -83 38 -222 248 -211 -81 243 115 -16 -76 96 215 118 -158 221 36 -85 -94 61 -55 -250 137 -173 -198 -127 -213 48 -168 101 -220 -89 -223 108 22 -44 -247 -124 -205 -106 -192 -121 79 -181 172 54 27 185 89 -145 196 76 -186 -144 147 -221 214 242 42 120 -95 -91 -31 121 122 -42 68 51 -154 -246 24 178 66 16 159 71 -57 180 -34 -82 146 17 -86 52 33 -119 233 240 157 210 -92 -29 -131 222 47 -193 129 2 -72 184 -139 -194 -241 -146 -191 100 -226 -50 -103 -152 -165 -208 -90 -195 28 43 232 
TEST 63 ARG:149 249 -130 -227 -248 -87 -121 -164 -56 -119 109 197 25 -101 167 -19 -187 -233 54 210 -122 -76 75 -93 -202 222 -212 -92 -208 47 55 -128 -91 -134 -151 236 44 112 134 14 81 237 -205 -66 -211 -143 129 -98 -109 231 -100 -97 133 151 -221 142 105 177 225 154 -172 -171 -185 -20 -35 -182 -154 19 37 -102 -25 224 6 229 180 178 91 10 -213 215 138 -4 -198 -146 137 93 -86 -189 164 -229 123 -71 -214 107 -137 -216 -166 -123 158 56 -74 -107 88 -162 83 126 189 140 -55 -11 -110 -135 4 -3 132 -147 -36 -230 -95 -168 -52 43 57 147 -69 21 66 193 162 213 63 -244 41 -37 1 72 -142 143 99 -78 -28 -94 190 119 -7 -96 -158 -45 92 -90 104 73 16 31 -243 200 40 186 62 199 38 35 61 42 184 -112 26 -184 168 -70 -210 -246 -88 183 23 -8 84 212 -114 163 70 3 103 -195 -40 69 -67 -209 185 -193 135 157 59 18 171 211 221 220 -108 85 -231 32 -34 -196 17 -218 -21 65 124 -141 153 -249 -238 82 -138 -178 -18 78 -79 240 204 36 208 -234 -180 -161 241 -116 -10 239 -176 223 -80 -204 -42 160 233 64 -174 97 191 -215 235 -118 -22 -65 -250 -126 12 230 -49 -131 49 -148 214 -103 77 -105 196 -113 -240 -203 127 -220 -47 150 58 -2 -133 45 29 -77 -44 -115 -6 206 -5 114 -163 -16 87 121 243 -153 -106 -149 131 -165 192 -247 -217 94 148 102 39 -190 96 -160 46 -225 68 30 136 116 -194 202 48 -29 -39 172 27 8 90 -139 -48 -197 -237 187 248 -222 110 20 174 98 -43 170 -181 13 234 173 247 52 -177 76 -206 67 216 80 244 -63 113 201 2 -179 -14 -62 -85 -57 -104 145 71 125 -200 -124 144 -54 5 24 -82 22 -192 -169 9 -173 130 242 -175 245 -145 -136 -50 -223 -31 -23 -188 -245 -32 -51 198 7 -170 218 -159 238 -61 141 179 15 227 86 -68 -235 219 117 246 203 -111 108 -207 -239 -75 159 -27 139 161 -144 -15 74 182 181 51 165 205 -26 118 33 -201 50 53 -241 195 101 -156 -125 175 -99 217 -117 -83 155 146 -150 -13 -157 -73 -120 -30 -155 -9 -38 11 -224 -232 -33 -242 -17 -53 -191 -186 -41 128 100 95 176 0 -183 28 -219 -89 -72 207 -12 106 111 -152 -81 -167 209 -59 169 -132 -140 122 -84 120 -127 -129 232 -64 -228 166 115 79 -60 34 226 60 -46 156 -226 -1 188 -199 152 -236 89 -24 194 228 -58 
TEST 64 ARG:131 100 -111 19 239 -231 -181 -215 -175 -203 -242 -186 -148 -2 34 -249 -52 -149 -106 -142 -24 222 146 207 58 45 10 92 -102 -179 -127 20 -132 -43 -33 -60 191 233 -140 30 -68 -156 213 4 -30 -233 -145 154 -26 22 37 -13 -91 -7 245 203 231 -184 0 151 86 -6 -167 11 -227 139 229 62 77 -214 -81 112 -172 236 246 7 242 206 54 -54 42 16 119 185 -97 47 187 -121 -120 142 237 211 148 -207 -195 -75 140 223 -69 -76 -188 111 -141 -198 25 114 -95 -192 102 136 225 -246 178 -71 43 -157 -66 188 230 35 94 138 195 -73 -61 -169 -183 -35 -159 -12 -27 -37 46 -124 39 141 -88 -205 115 -42 186 -225 -200 -228 -21 -10 -11 -182 14 219 -109 -85 -25 73 189 125 -82 127 107 -101 -98 234 -217 192 205 209 97 196 167 57 -83 -166 232 -210 -204 3 -78 228 87 -51 121 -245 153 -138 -239 238 80 65 182 13 -162 -29 -164 -105 161 -168 5 41 -94 116 215 163 -185 -129 133 9 -134 240 -165 88 -126 110 -240 -201 -247 -150 -59 -87 -36 38 -189 50 143 -133 89 -84 -190 -116 -170 165 99 -202 67 -28 56 -20 -130 -250 12 -137 98 -152 160 74 -48 -22 164 -173 214 243 175 95 -58 -209 -135 170 -211 105 -100 81 -221 -160 26 -67 181 -194 18 -248 199 -107 147 66 -230 -14 36 -237 135 -154 -108 -213 -63 130 220 -79 -99 -177 -17 -163 -40 159 -219 15 -38 171 2 83 -238 217 190 96 -143 193 174 -16 -112 1 157 144 76 -18 -23 -39 -72 72 129 -136 -122 208 169 55 204 17 132 40 -176 -144 -57 -56 145 -65 -174 -80 -86 85 -196 158 78 123 -153 -64 137 -115 -229 -8 -62 149 -147 218 -93 124 -103 -104 108 -232 168 -44 152 235 -208 227 84 28 -110 122 210 180 -118 -180 -178 248 32 -49 -222 103 -55 90 134 -193 177 183 -224 -161 60 69 120 -223 113 82 155 166 -197 221 24 33 -151 -32 -5 -41 -187 93 117 27 -92 -77 -218 -226 49 -235 -123 -125 68 -113 63 162 -1 59 128 197 -117 -46 6 -3 200 -139 -220 244 109 -241 -234 -34 -119 -74 -90 -212 -243 91 -53 48 -15 -199 -206 172 -96 64 212 184 -191 31 -216 8 -45 -70 51 241 202 176 52 -4 -9 249 126 79 -146 -244 -155 -47 173 -236 247 201 53 101 -89 198 -131 106 -158 -171 -114 23 -19 -128 179 29 44 75 71 118 156 70 -50 61 -31 194 216 104 21 226 150 224 
TEST 65 ARG:-10 -85 -80 -65 55 -46 112 -219 207 -2 -74 -245 2 -142 -134 -209 -181 154 230 75 -66 -206 3 -210 -189 -231 205 122 90 -227 175 -216 196 -8 184 137 228 148 -77 -234 -242 -157 -217 39 123 245 16 -91 -151 24 -127 5 70 189 11 67 -79 144 72 202 -135 179 -109 83 233 -70 -113 -42 -201 -73 21 10 69 216 -208 -224 133 -122 27 28 -14 161 158 -141 -119 -249 -160 -248 236 89 -229 203 -3 -191 36 190 -24 -69 237 7 -111 82 -50 110 -86 151 147 -145 -230 64 125 215 212 -199 -101 117 -250 -138 -49 -100 232 -183 54 -176 -174 -26 -47 59 183 102 150 44 -204 172 88 -152 -177 -25 209 -162 -102 239 -11 -4 -121 8 -244 -51 -172 246 -148 -235 -168 -175 111 -144 -57 -178 141 15 174 76 33 127 107 101 -28 -105 -154 -149 66 104 -37 81 -13 200 -232 -116 -222 -239 42 -207 1 47 -241 249 -179 -61 26 -125 32 -94 71 -110 -246 108 231 113 153 -240 73 -118 -171 247 -31 -90 4 -221 -81 61 34 -18 -114 68 23 -184 -185 152 170 -233 57 45 12 -155 114 -211 242 63 176 186 -60 -194 221 -196 99 -34 -59 91 -120 -186 197 -15 128 229 -82 -58 -170 87 139 -63 -41 -197 -139 -153 -55 162 187 188 -30 244 -161 18 248 -68 -22 6 119 -92 22 31 -16 79 140 48 -164 -220 -156 -1 -237 193 121 -117 52 164 -36 -12 -45 241 -88 226 -124 103 206 43 118 51 177 149 -146 116 -32 -132 -83 145 -20 56 -200 115 143 93 194 58 167 163 60 173 157 -62 -123 100 41 126 -180 120 192 106 49 40 50 -6 -21 25 218 -198 171 96 181 224 -192 -228 94 -78 65 53 -115 -38 -203 131 240 135 165 -39 142 -218 14 243 -243 38 -212 -89 219 -223 -226 146 220 134 77 -75 204 -97 -98 109 -147 -215 182 234 132 222 160 -143 -53 -64 74 -99 -76 -87 -29 78 166 -23 -247 -187 136 227 -193 -84 -128 155 35 -56 46 211 217 -52 0 -167 -131 -182 -5 -133 30 62 -140 -40 -195 -126 84 -190 -104 185 -71 -136 98 -137 -158 -112 -72 -17 178 -19 -166 210 -7 -67 -43 -33 85 225 -205 238 -95 -35 105 19 -130 -165 -48 156 159 80 198 9 208 -202 97 195 37 180 -54 168 169 -27 191 213 -44 214 20 -108 13 129 235 -103 -225 17 -129 86 138 124 201 -188 -173 -106 29 -213 -163 223 -107 92 -150 -238 130 -236 95 -93 199 -159 -96 -214 -9 -169 
TEST 66 ARG:102 -132 215 -176 143 -74 -17 -64 129 -226 -162 -245 39 -135 -213 -185 -201 -161 201 -233 -167 0 103 219 -117 49 216 -46 239 -71 -28 245 -191 197 47 122 208 -123 210 -37 -105 -182 155 164 8 -145 -203 135 108 -98 -101 -238 153 188 -22 -50 -2 -171 -35 193 148 172 -10 138 -9 139 178 234 -164 -163 161 145 -6 -214 61 68 220 -193 46 -220 -15 -51 192 -56 75 -16 -175 -110 32 246 214 -67 133 7 -121 211 173 -148 54 -222 142 241 60 127 181 101 -102 63 171 -36 -250 165 -79 42 -39 71 -204 11 212 -3 43 58 -109 229 -230 94 203 156 -247 -44 77 149 14 -200 25 -20 31 -179 65 195 -65 -215 9 -88 162 -181 -159 -139 -138 -24 -218 85 130 -122 -160 -111 -5 -57 -126 51 110 57 -223 -115 86 233 -68 -25 -189 200 186 217 -78 236 -76 170 -186 36 -13 -32 -156 -120 218 189 74 -187 -199 -63 40 -154 -108 87 179 -141 50 -7 56 105 -168 -210 -143 115 -229 83 -86 107 247 -235 111 175 -27 73 -48 45 64 -62 185 28 117 -142 -170 -178 -49 -23 231 37 123 -208 -165 34 -47 -69 228 -58 6 -190 -38 -137 -21 -155 222 177 55 -246 -104 118 -59 -112 -194 144 10 150 -195 96 227 98 128 168 125 -81 -234 -136 -225 -128 248 -216 223 -202 226 106 -93 18 67 163 30 238 -219 -207 -97 -18 -52 187 66 152 249 76 -206 180 -130 141 -241 194 -19 -91 -42 93 -174 -205 3 244 204 242 191 -146 -129 198 -31 184 134 -84 -26 202 2 23 -183 -239 -237 213 182 126 116 -224 -96 -116 100 176 -29 -54 -103 136 -242 -140 -184 -180 -198 160 53 22 -82 -80 -232 26 -85 -92 33 -217 62 -33 -158 124 183 -70 -227 109 -8 -240 48 235 -172 240 41 59 -169 78 27 157 16 -53 158 -133 38 -95 -249 -127 151 154 147 -153 -94 97 -14 52 137 -89 72 81 90 95 -243 -144 -61 69 113 232 -1 -40 140 199 221 -30 17 15 -119 224 -90 -45 237 -125 13 132 120 -212 -177 -244 -221 -192 196 159 -55 84 -12 230 -77 -41 119 -134 -11 12 -147 29 -34 20 -150 1 24 -152 5 -87 -209 131 79 -60 -231 146 121 -149 174 70 -157 -188 243 -131 44 205 21 -248 -118 206 190 -83 169 -4 82 -151 -100 92 225 -166 104 -43 35 -236 209 207 -66 -173 167 99 112 -196 80 -72 114 -197 89 19 -114 91 4 166 -228 -113 -99 -75 -73 -106 -124 88 -211 -107 
TEST 67 ARG:11 -122 97 -103 -250 91 232 -46 -151 103 -228 3 184 -23 -145 -152 -56 -146 -176 -47 -125 -67 56 -191 -208 -100 160 -104 173 -167 -12 165 211 170 -217 116 242 157 31 147 -94 28 -169 -98 15 -193 -192 -149 -84 -215 210 -198 50 132 169 185 -45 -165 102 166 -218 156 -85 65 -222 76 -173 92 47 120 155 41 -96 -53 -38 -109 179 24 234 -213 54 204 -57 118 -231 -181 -66 -61 63 -168 39 181 -134 119 -90 -196 -91 22 105 122 137 113 -93 -204 94 18 -157 -136 198 -107 68 74 238 -211 163 -247 228 85 -102 78 -148 -13 -154 -127 219 183 -42 134 5 158 203 115 -184 -156 187 178 -119 -133 207 -34 145 172 -74 42 90 -241 191 -26 -116 -170 159 -185 72 124 -78 -115 -81 83 -3 69 -221 -101 244 -35 -19 177 46 -59 114 -111 -137 -21 2 53 -124 243 79 -37 -83 125 -36 -9 -75 -128 -182 -190 -76 -234 247 -236 111 194 -179 -44 -52 -186 -244 218 -214 -120 195 1 55 -77 -230 -69 -245 135 167 153 -16 -63 -227 49 -132 220 222 -11 -200 -130 -246 -95 66 71 225 -121 -172 -160 -164 -10 189 214 -22 99 -143 40 -27 -58 246 32 148 -138 -194 -1 217 143 51 140 86 93 -65 -239 -2 -238 -97 35 -28 -229 -129 205 67 -43 -18 19 176 30 129 235 206 87 -64 223 36 248 -235 -118 -126 -201 142 127 -86 9 174 -24 29 -223 -178 0 12 196 -139 -105 20 -150 249 -72 144 -174 186 -110 -166 121 216 -6 180 16 -68 150 -112 -207 154 240 -48 59 131 82 -171 199 -41 6 -55 37 164 -175 52 -155 -73 -87 -153 -108 -49 -141 -216 13 -80 -240 208 44 241 -199 104 117 171 -189 -162 -17 -197 197 -71 128 -5 -20 -203 26 182 -248 81 88 230 -51 10 -135 73 212 126 188 215 224 -180 168 227 175 201 -161 -117 190 200 152 -114 -159 -123 57 101 -195 -99 245 75 -14 -243 -54 138 221 58 -25 77 -4 89 -89 -50 202 -92 -140 -113 123 -88 -249 25 -205 98 149 -60 -8 162 -147 27 107 233 -219 -163 -32 -142 -202 48 4 239 146 -29 60 -232 -183 193 -233 110 139 -31 192 43 109 -7 -225 64 151 33 213 -242 -237 136 161 -144 23 84 -39 112 -177 7 -15 229 130 226 -106 61 -224 -158 231 -226 -62 -209 108 237 -82 -33 -40 80 -188 -30 14 34 -187 38 -131 45 70 17 -220 -70 209 62 133 100 8 95 236 -206 96 -210 -79 21 141 -212 106 
TEST 68 ARG:206 236 82 -70 -93 -228 -49 213 138 78 22 -74 243 238 -189 -165 -205 121 132 3 -138 -36 89 -40 90 35 177 -59 241 5 209 -169 137 107 221 142 26 -13 -119 -167 -67 224 58 174 16 201 168 -43 -87 103 212 -33 -101 -104 -139 -61 -171 47 -158 -3 122 -18 167 33 -103 12 10 83 28 27 -69 -90 -117 -179 230 -235 -42 128 -17 -172 81 175 -196 74 -124 -26 -4 -106 -223 -141 -153 -203 179 -227 158 31 -236 -9 23 -22 120 183 -221 11 -209 -176 -83 -19 244 191 161 64 -66 -181 -132 67 -41 245 -148 24 -226 63 39 246 233 20 146 152 155 181 -39 -71 105 111 -202 173 62 76 -244 -21 -146 -30 44 -58 -190 36 48 7 -212 85 88 -99 -52 -170 -11 -35 -156 -131 194 -187 198 -150 166 149 -217 -159 -115 71 -94 -123 -121 86 45 148 57 -142 -31 -198 -135 -105 98 231 84 -60 -134 59 109 -184 -160 -229 50 180 232 229 210 -97 126 -68 92 100 140 -50 -79 -246 218 154 106 13 -20 -245 60 -215 41 189 72 -8 -113 -15 -57 73 -136 70 -194 135 -183 193 204 -250 -175 -76 188 235 -25 -164 -163 190 -149 125 163 -28 234 130 75 220 -218 -111 -234 197 -193 -241 -1 102 -231 144 228 -73 -186 -213 -109 -224 -51 -177 -37 29 -24 -144 145 -173 69 -192 -230 14 108 -112 131 -191 77 -201 127 187 227 -32 200 -56 150 -14 136 -130 -7 -81 184 -240 49 65 153 -216 -129 0 2 -2 226 66 110 32 -242 99 -211 -239 -247 202 124 -168 6 -210 214 -64 -91 -207 93 -174 -114 -38 -95 -185 196 157 225 -47 -178 87 -199 96 112 53 94 129 217 247 237 195 147 -157 80 -120 18 15 134 242 -110 -233 169 -204 114 -182 192 8 156 165 -127 -147 -46 -85 215 -133 113 207 -237 68 25 -84 -126 -143 54 38 79 -44 -80 -116 249 52 -197 21 -161 -145 -249 211 -78 34 160 176 139 4 -16 91 19 -96 -98 170 162 -162 -72 -77 -107 -154 -219 208 -220 171 101 -180 222 -195 -243 -188 -238 61 141 -10 203 164 -151 -118 -54 133 -6 -86 95 -208 -23 -140 -200 -166 -122 37 55 185 17 -62 143 -88 -92 -89 30 -225 56 223 -65 205 43 -12 123 -137 -82 -27 118 46 172 239 151 104 -152 182 219 178 216 240 -29 -53 -128 -222 -108 97 42 -48 -214 248 40 -125 9 117 -102 115 159 -5 -100 -248 -63 -55 -75 -232 -34 -155 119 116 186 -45 1 199 51 -206 
TEST 69 ARG:-2 -139 -104 -84 -112 -108 -134 236 -152 228 -85 240 -156 17 144 -185 -40 113 -206 96 118 156 -225 25 -31 10 197 14 26 -231 191 -92 -103 -191 -66 -229 -114 -116 164 217 -12 249 186 89 -162 -123 -42 70 16 -16 107 21 -198 -13 86 153 -30 -107 210 -155 -208 -24 -14 -126 114 187 -248 -146 -56 152 88 59 -169 -128 -183 3 168 62 -105 -178 97 38 -53 160 -212 -29 246 214 -4 -245 34 94 102 68 -222 -184 -25 -41 -187 -71 147 72 -54 -235 22 -199 -163 224 132 -35 158 -120 227 -121 -223 -144 -15 -125 -78 76 85 -55 192 -179 180 -219 -75 218 223 -89 2 239 4 189 -244 126 -154 82 143 -88 -193 9 161 -205 -86 -142 -101 229 -230 -161 123 -186 -141 112 155 104 222 220 -27 -82 -132 -174 -80 140 -136 163 -1 -131 245 -47 171 209 -180 148 -20 43 -38 -37 -176 -250 203 -129 12 -18 -48 -8 54 117 41 233 207 84 -243 -138 61 0 98 211 33 -115 -188 -117 -166 93 234 121 39 193 49 -11 146 -217 184 183 198 232 -200 225 -189 215 -168 219 230 182 -216 -207 162 159 -22 116 201 47 -194 -160 55 138 128 -159 27 178 -9 15 -149 -175 91 125 53 244 -210 -203 101 -197 1 185 -238 -171 -96 79 56 -21 31 36 -234 87 -43 202 -247 18 78 133 -167 24 -64 195 149 -224 -113 177 -246 -102 120 -70 -242 110 -127 -196 -50 -49 69 -52 -23 106 108 235 165 -61 -44 136 124 179 176 13 190 -241 100 37 237 -79 212 -3 -57 5 -151 -46 73 -67 -60 -98 -34 -118 -109 243 231 127 -232 48 -91 181 -236 51 142 64 90 -33 -220 11 -28 -201 50 105 111 83 95 -77 -122 -6 -68 -214 238 -59 -218 -215 -143 19 194 -133 -204 151 -10 -58 141 -124 170 188 -182 60 -221 172 30 -74 -145 242 66 -69 -209 -130 81 74 -81 -111 80 -172 -19 204 134 46 119 -7 -153 -158 92 -39 -164 32 -83 145 213 -93 131 71 129 226 -228 42 -148 221 -135 248 67 -202 196 -150 23 135 -97 -147 109 -65 241 139 166 -94 -100 40 247 -211 35 175 -72 122 -237 199 28 29 167 -140 -90 -26 -165 45 154 -110 -32 -177 157 -190 -106 216 57 173 208 65 52 6 -63 -239 -99 -87 75 -45 115 -157 -227 206 -181 -240 -233 150 137 -137 -73 -76 103 -249 -173 77 58 -119 8 7 -5 -36 200 -195 -170 130 205 174 20 -17 99 63 -226 44 -51 -95 169 -192 -213 -62 
TEST 70 ARG:-39 201 -203 -140 15 -245 -179 240 -6 163 -169 181 55 -170 -58 -162 -73 -85 90 -55 190 -87 30 0 26 138 -51 155 34 74 -242 212 -100 -201 -74 -109 -135 -233 -195 -230 -137 -33 2 -176 -171 -205 -5 185 195 104 -238 -35 61 86 208 -11 -78 -83 -15 168 -138 206 -221 107 130 124 145 151 97 -22 172 141 244 105 222 229 56 -32 98 47 162 -218 -181 -61 102 -249 -141 -107 -241 -9 -119 -227 -210 128 -96 182 -53 226 79 -67 72 -192 -46 -159 -16 -92 218 243 -175 -118 -223 -198 -236 -131 -185 -26 174 -216 19 -240 -206 35 32 187 -166 -30 50 -127 167 -66 -156 100 233 171 -217 25 87 238 -18 -224 94 121 46 -105 -72 196 -219 -196 166 247 -225 231 -200 84 -48 160 103 31 147 200 7 28 248 -44 -134 189 92 -98 70 -59 77 -190 -95 -20 -247 106 -239 186 -112 -199 93 -52 -116 -69 -183 -173 -174 242 -10 109 114 -25 -182 216 197 139 183 161 -142 52 -42 96 204 -220 -21 -28 142 39 -189 116 188 69 40 -130 180 37 80 118 48 236 51 -82 12 113 157 -139 -178 60 224 -54 67 -234 71 156 241 -49 -191 4 53 -158 -202 -143 -212 -41 137 -3 -222 45 148 68 225 -102 179 165 -232 207 -165 135 36 -81 -151 -124 95 -45 -62 228 11 -64 -188 16 -27 75 24 175 -121 -2 -243 -209 152 -186 43 -47 -144 91 -94 -229 232 176 21 42 -108 -57 64 -153 88 217 -163 -77 -14 -150 89 62 129 125 58 -157 134 -75 154 -164 150 227 -147 -50 -208 -226 -12 220 -17 22 59 219 27 -106 -152 -160 76 20 -180 205 -13 223 -31 213 -65 143 -97 -244 -250 -149 -79 158 169 -115 -99 5 -63 -184 108 -155 -197 234 -167 66 -29 -231 159 38 127 -40 132 -187 246 -38 17 202 54 -90 177 -194 144 -204 -23 214 -213 -136 101 -117 13 -228 -89 29 -172 41 78 149 -246 -60 111 194 -237 83 -154 -214 -111 -84 -103 192 -110 -88 -86 -80 -104 65 249 -34 126 -235 140 184 -37 -133 209 99 14 136 193 235 -43 -113 170 -125 -8 133 117 -211 -215 221 -36 57 131 -114 -122 -193 239 -129 230 -68 44 85 -91 -168 -19 119 -101 164 211 199 -76 18 6 191 8 245 -24 1 73 -1 112 -126 120 123 -207 -132 146 178 -4 -146 -56 -128 49 -148 153 203 81 9 237 -120 210 -161 -145 115 198 -71 -177 -93 10 -70 -248 -123 110 122 3 215 82 63 23 -7 33 173 
TEST 71 ARG:24 -161 249 104 -148 -221 102 133 -246 32 231 80 -116 -39 175 -142 113 205 7 -21 -31 -172 -71 112 -70 -205 159 229 -75 68 18 -136 115 -135 -5 70 34 211 91 -30 137 -34 101 -227 248 -23 69 -150 -185 -96 143 -33 57 -78 -13 -117 -66 -127 125 -207 -109 -167 -238 -159 224 -130 17 -63 9 5 207 173 -178 75 15 192 -220 0 -42 201 -40 100 -203 61 -58 -204 -97 196 244 -90 -158 -126 103 233 -215 -81 -43 106 -124 156 -151 198 20 -231 -95 -62 89 -2 241 174 13 124 -211 108 -118 -64 218 29 177 -55 -52 -169 -143 23 183 168 19 -214 -53 -48 30 -236 -4 131 225 33 171 -88 98 38 240 -164 6 203 217 67 25 219 -208 -103 -60 -125 -145 232 -46 -228 -74 4 1 -76 -115 12 151 14 -72 -108 -68 247 -229 -92 128 77 239 -232 -201 -184 185 235 -240 -187 116 -15 213 -123 -190 146 -45 71 210 -168 16 135 -25 -77 43 -41 -8 227 206 149 95 92 -242 62 82 -140 -24 8 40 130 -175 -226 -134 -28 -157 -61 107 204 41 -83 -192 -104 -51 -195 -35 120 -57 -245 -191 -166 -160 -54 39 228 -94 36 -149 -26 -224 -223 163 59 140 -29 -80 246 -200 -244 -233 136 -171 154 134 -189 -56 -36 -37 -170 -18 -22 63 -219 -152 142 194 238 86 -1 -91 -10 -84 -176 111 65 51 153 -38 -20 55 -47 56 -85 76 230 237 123 -146 64 184 209 -132 -59 -119 22 -11 -206 97 147 -67 127 87 214 -49 -111 47 79 -3 202 50 220 -217 -137 99 152 -139 48 -218 167 -129 191 -186 145 200 118 -79 -198 27 187 73 83 -165 -194 166 236 169 -155 -102 -180 -105 -106 94 -202 129 165 54 74 193 242 -156 -87 197 222 -177 160 -110 -44 -197 161 208 42 90 -182 110 190 -122 141 162 121 199 -112 -14 215 -27 11 122 -216 -99 109 -9 -209 -247 -82 138 105 -32 52 -6 -235 -163 212 60 -179 81 26 -17 -113 45 172 -193 -86 85 -173 216 188 28 31 -7 -250 66 132 226 -188 -128 -141 182 -93 -89 -12 88 49 -147 -120 234 37 155 -248 117 195 -114 -19 178 -131 -243 -65 -69 144 139 -138 -230 176 72 243 189 -196 -50 3 -199 78 -181 186 114 -73 84 -98 -222 -144 126 -154 -212 221 93 179 44 -213 96 46 -225 -162 -239 181 35 148 -121 2 150 -133 -101 245 158 -234 223 58 -237 -16 157 -249 170 -210 -183 -100 21 -107 10 -174 119 164 -153 -241 53 180 
TEST 72 ARG:69 -169 201 -115 121 233 98 183 155 -124 -36 85 142 -52 100 209 75 -140 -81 -54 193 34 149 144 -119 0 203 104 -121 -20 44 -201 -233 -186 41 -90 -50 214 160 195 52 182 -60 -235 124 -240 -217 215 -205 46 -206 50 -107 -210 178 161 -113 197 -195 -181 151 76 117 109 -94 -175 99 245 -231 -38 187 231 -177 -15 139 -59 246 -156 -6 185 -165 173 -202 108 -130 -238 -148 168 -185 -212 66 77 110 -88 26 96 176 29 119 35 57 -83 -241 48 -109 -32 -137 207 105 -110 -92 -37 80 39 -62 33 -22 249 -131 120 -220 62 -244 -132 127 125 20 -82 140 -248 -29 1 170 -91 -219 -160 131 2 60 -75 106 136 -122 220 63 70 -64 -179 -23 -237 -208 -78 -232 -180 118 -72 -71 163 -170 221 217 -193 175 73 -200 -182 -203 -134 -155 -146 6 82 22 -11 -4 9 32 59 -1 -9 -86 4 -125 241 186 -199 -243 -73 107 -28 200 -123 83 -198 94 247 42 25 113 -245 240 232 129 -183 -106 208 -40 -87 -174 138 -48 188 146 72 145 -25 -31 -229 -215 37 -114 43 123 238 -242 169 196 30 -96 199 5 -16 159 179 -43 -166 15 167 111 56 226 -51 -192 101 -24 -234 -197 237 71 137 128 16 -5 103 11 95 223 202 147 -57 -105 24 64 150 210 88 49 181 12 -190 227 -101 -103 -99 152 -141 206 -84 126 -133 190 -173 -97 -120 -150 90 -218 -187 3 -144 17 -236 -42 -76 -176 36 -74 21 47 51 204 23 -250 213 -172 -211 174 91 -93 -47 -53 55 -65 81 -222 -18 -239 -111 -30 -226 -167 192 93 130 -136 -118 -102 -196 -66 -13 53 -225 8 229 -129 -152 228 -151 180 -95 -104 -45 171 7 -221 230 -247 -2 -14 -44 -158 132 -35 -55 148 38 122 222 -227 143 -63 -154 -207 -10 172 89 45 141 -8 -184 -178 -70 157 154 78 -149 184 -126 153 189 58 218 -46 212 235 133 -39 -112 -34 -68 92 68 -3 166 -12 211 115 -189 -98 205 239 -249 165 -139 79 -142 243 -213 156 177 194 -143 -161 -153 191 -204 114 54 -69 97 116 164 31 242 -100 -116 -228 -171 -159 158 18 -26 -67 27 -224 -138 -214 244 198 28 -164 -89 216 -85 40 219 234 61 74 -246 -56 -127 -58 -209 248 86 -49 -135 65 -223 -162 -33 -168 -230 14 -19 -163 -108 -188 13 -191 -128 225 134 112 -77 10 87 67 224 -147 -157 162 -7 102 -17 -117 -80 -79 236 -194 19 -21 -41 84 -145 -61 -216 -27 135 
TEST 73 ARG:-59 -16 22 -18 124 27 -148 -9 21 -185 -213 172 -173 -174 17 201 -145 175 3 123 -2 145 -31 -53 235 -57 -149 88 229 -162 217 131 12 -246 -146 -117 -240 -241 10 -158 -197 45 -32 -88 240 224 9 -110 -165 -192 111 24 54 155 174 -170 -70 -175 -167 -19 57 -102 -22 76 -48 188 210 -115 -100 156 -194 218 -106 -44 -93 -249 -86 -219 97 -186 86 171 161 -200 -180 120 231 -98 149 164 186 206 -8 -84 -112 112 220 137 101 98 -76 -232 -71 182 228 -210 -147 136 185 85 -189 -82 34 -234 -72 -179 -11 215 -116 -114 7 46 -129 -163 99 -130 48 -23 -63 78 -150 -52 134 180 -211 202 -231 196 89 113 15 -74 -91 -58 -128 170 -34 -3 -26 248 239 103 -177 198 209 -127 81 162 144 -245 92 153 195 -83 -190 -97 -60 -247 146 -238 -28 -122 2 8 60 -223 191 -154 203 -51 65 69 47 -123 -140 49 -133 166 -138 -96 -103 -111 -171 -229 -218 -224 -25 234 118 -243 -141 74 33 177 -80 14 -178 -212 233 -43 -125 87 197 19 61 -242 -142 -161 -187 -160 -62 148 -4 -199 31 52 -81 -136 -155 26 243 38 -20 143 -126 -118 -152 245 71 179 68 -67 104 189 160 116 -33 176 129 115 -94 -45 128 -38 -14 219 64 -13 -208 -21 165 -236 -144 -47 -89 -108 28 192 125 204 -209 0 66 -87 35 96 -204 132 199 53 -37 121 -195 91 -193 -55 100 -143 -201 -188 -228 163 4 94 -69 79 173 -181 -151 -30 117 -156 -248 222 168 -49 -227 208 59 -176 -215 157 -61 213 158 20 110 -10 -205 -78 -85 70 -104 62 -92 -113 214 181 -124 200 167 152 133 108 -119 -95 30 135 244 -220 150 114 -250 -99 -207 226 -216 77 6 237 -77 -68 90 -36 -135 -233 -172 93 39 84 -75 51 -73 207 -166 1 211 -183 -168 227 169 -50 -39 -24 221 16 95 -17 -66 212 63 247 183 187 -90 -120 -109 83 40 -105 37 216 147 -230 184 139 151 -217 -54 130 13 -157 -225 106 242 232 55 50 -182 -226 -169 -222 -134 194 -41 225 -139 154 -237 -6 -107 -214 190 56 80 5 -29 205 -202 102 -203 43 -153 193 -5 238 122 -12 -235 141 159 236 241 36 138 -191 109 249 105 -132 -79 -42 -221 -46 -244 82 -35 11 44 -7 41 67 126 -164 178 32 73 29 -27 142 223 25 -198 -239 23 -1 -121 -196 -131 42 -159 -184 72 127 18 107 -40 -137 75 246 -64 140 230 -56 119 -206 -65 58 -101 -15 
TEST 74 ARG:-12 200 -9 91 -229 233 -124 58 -62 26 198 -64 -198 57 -6 -161 159 195 14 37 71 107 -140 -21 -66 -185 2 -13 -121 11 131 -210 65 8 73 -199 -234 -50 -7 46 193 32 -37 -70 88 99 129 126 -95 -59 -109 -195 90 -228 75 118 -212 144 -43 167 -28 186 -104 179 59 53 -3 -143 185 -133 231 162 -120 -67 -171 114 220 -20 218 -56 84 -40 -90 49 136 -111 -186 108 -79 -194 -152 182 -101 -233 -18 -10 79 137 216 0 -92 227 51 86 134 -82 -203 183 -146 -125 -217 85 96 -38 -241 -170 102 239 123 154 -169 169 82 -216 109 -237 -11 -54 249 92 6 50 98 -100 147 -149 -89 33 80 -249 60 -98 -126 27 1 -114 -243 -213 -107 -85 -39 -247 -48 -157 184 -205 -166 -135 -148 -71 63 -33 -248 -190 -69 -93 -131 160 148 38 -208 101 245 151 -8 -4 55 247 133 228 9 121 -103 -145 10 -65 211 173 172 142 -2 -200 -108 -181 -58 56 -80 -27 -209 -240 -191 -84 -47 -46 -72 29 -57 -123 214 -244 -81 163 -167 -24 139 122 81 -223 -215 209 -164 -153 -115 -179 190 34 117 97 -250 -177 -207 -99 39 112 -211 103 192 135 64 155 -189 -162 40 -112 -16 157 -61 100 204 -218 -44 -1 -175 -183 -193 226 -235 206 -78 -106 248 -197 -102 -127 94 236 -176 -32 -96 146 -187 16 21 171 -220 -134 116 149 -14 45 -19 -60 18 -29 67 -142 -202 -129 104 23 30 241 225 -141 28 -17 -23 -31 215 -122 12 31 -238 -25 -73 -150 174 199 132 229 -182 -232 -5 13 -130 -147 -138 -201 -137 -26 83 212 -86 224 78 61 188 232 -180 223 127 203 44 3 -77 -68 207 -227 68 -151 -52 -35 22 -88 -245 -36 138 41 62 -118 210 106 -226 25 95 178 -76 17 -94 150 170 -45 -49 115 197 201 125 168 213 196 -136 181 20 -236 -53 158 128 -128 19 -178 -154 -221 244 35 189 -188 164 166 237 77 -160 -91 208 111 89 230 36 -173 -110 52 24 -74 222 -63 -30 -242 54 120 -219 130 -231 -224 93 105 47 76 7 -113 153 48 -139 191 110 -51 176 -239 -156 177 -41 4 -158 -214 -55 221 235 161 -163 -117 -34 -83 43 -42 15 -196 -132 234 -87 143 246 242 -204 -174 219 -184 5 175 66 -144 -97 217 -225 243 119 -159 -192 113 42 -15 145 240 194 87 156 -230 -116 165 -155 -119 238 202 -222 72 70 187 141 205 -168 69 180 -105 124 -246 -206 74 -172 -75 -22 140 -165 152 
TEST 75 ARG:244 171 3 172 -141 -102 -30 -162 247 100 224 -61 218 -136 -80 -139 -51 -116 -75 -6 -5 194 10 -11 243 70 29 -103 5 -178 -70 248 97 -49 -154 44 -106 176 208 -36 -138 -227 -153 14 104 -230 -78 148 -82 216 -91 -164 -145 -134 -113 8 4 -231 22 155 195 2 -66 -45 -192 -89 109 -240 -195 35 73 36 -8 185 63 -126 -241 -202 -87 1 -205 -201 245 -129 -232 232 147 -111 -67 91 -39 187 -243 -101 -117 -152 118 -9 -169 45 146 127 98 78 183 -147 -12 -238 215 -242 -146 -55 -24 -15 -58 222 31 -4 -221 -95 -107 -177 -47 54 41 32 152 -22 83 -206 123 -228 106 -62 -210 142 95 116 -112 -171 -71 249 -208 159 -1 -90 114 173 80 39 -46 -225 196 -135 145 143 135 -120 -33 -84 -212 99 59 18 -157 -204 -104 68 121 101 89 168 26 -167 -250 55 82 213 242 -14 191 -32 51 50 -198 133 -18 157 62 0 -234 7 180 107 75 27 11 64 197 66 -77 -213 20 164 -132 -60 112 -54 -144 -115 -248 -57 -83 88 -17 -209 -53 60 -23 105 -19 -160 137 -31 -185 -92 177 -2 -59 -222 130 134 129 56 -159 239 -105 132 -148 150 111 74 25 -182 -158 -191 -96 23 190 -181 -94 52 210 161 200 87 217 241 -149 -72 126 -216 -140 65 48 -26 -69 115 234 181 108 15 30 -188 211 92 49 158 -133 -34 -189 -239 198 -219 -25 -52 233 -125 -76 120 71 17 81 -40 -43 69 204 -29 140 96 -128 42 -97 37 -7 -223 229 24 221 151 34 -98 -187 214 166 238 -27 -109 -179 -170 33 231 -200 -207 220 102 -114 110 -215 175 -249 125 136 201 -20 -197 212 139 -142 -16 61 228 -65 225 246 174 163 153 -137 182 -85 -226 160 192 79 199 -217 -93 -156 119 -63 117 46 167 -172 144 -151 58 240 94 138 141 162 -79 -48 -174 -21 -168 -73 202 57 -155 131 -56 -143 205 237 -193 -173 -119 -235 -236 149 -3 85 235 103 -41 165 6 16 -88 -81 189 67 -203 -190 226 9 -86 184 156 90 -163 21 169 12 -218 86 -64 -130 -68 188 -224 -186 -37 -214 -229 -110 -124 236 170 -165 72 124 -150 186 209 -121 -28 93 -245 206 -35 -196 -176 -13 43 40 19 193 -127 28 -10 38 -247 128 -108 -166 -99 -246 -123 179 -194 -118 -100 203 47 13 -131 122 -50 -175 -42 113 -211 178 227 -161 -233 219 77 223 -183 -199 -244 -180 -184 53 -38 230 -74 84 207 -122 -220 -237 154 76 -44 
TEST 76 ARG:-169 193 -217 -102 -195 -97 -50 80 -56 69 -119 -36 110 244 247 -64 -181 -148 82 -145 -155 107 -128 77 66 -131 -114 -10 128 160 -12 -142 -137 130 -42 -47 22 -8 167 125 -236 -110 134 109 -124 142 -203 -156 -74 225 -9 -19 11 6 -228 -99 -208 108 231 -159 191 -79 243 -227 178 -66 -192 -105 226 -20 -154 172 51 126 75 -17 183 -150 202 -108 -55 112 -242 98 -90 -16 -172 135 221 -112 -153 -249 -184 28 -146 203 26 -185 -95 159 -41 -60 156 205 54 -35 -200 -103 242 -2 176 170 123 180 -187 -238 -167 -93 -111 152 -223 -207 33 -132 -216 177 -234 62 -121 42 -130 16 -126 -52 105 249 13 136 4 -120 -180 64 55 -63 238 218 189 53 197 199 -6 241 194 23 -183 -161 -43 -158 -162 -225 -18 -57 70 119 131 -237 219 116 19 -38 -188 237 74 -69 236 7 -168 153 149 182 -144 129 211 -30 56 140 29 200 195 45 -118 89 139 169 163 222 -61 186 -83 84 -163 -134 59 -241 224 -31 148 -109 97 63 248 -80 -122 -157 -139 1 12 -92 -202 -189 -116 -151 166 -70 233 145 -11 -197 -15 -233 78 198 -84 220 50 158 49 -177 -136 -28 151 111 215 114 31 -178 102 99 -175 25 121 -89 -230 168 240 192 -48 229 -115 -94 230 48 83 206 -160 71 94 -87 -206 -21 -104 -220 -113 -96 -250 -45 -37 36 -246 -22 -204 213 -141 118 -226 -248 223 15 -67 73 -26 100 103 -209 -170 -199 -24 92 -3 165 -186 40 154 76 -58 -46 -59 246 -1 -196 -221 95 -54 147 0 -244 -173 -76 -77 37 -73 -53 133 -123 87 -219 85 -164 -211 235 -29 39 17 -23 204 21 -49 -107 -210 41 -247 -147 -190 79 127 106 -231 47 34 -191 -32 -214 44 -198 144 -4 27 175 234 -174 122 141 38 -218 8 -27 -5 68 32 143 35 117 -78 -243 -91 -171 190 -68 -152 -117 209 72 -127 124 208 -7 -106 115 -34 -224 -72 14 188 -166 86 173 138 -201 -25 67 -182 -88 146 81 -85 24 -222 120 -33 91 20 164 -212 -133 179 -125 184 113 181 174 5 -39 10 57 -71 -86 245 93 -14 137 43 -135 104 -193 -98 -240 216 217 -229 185 -235 157 -40 2 -138 65 232 196 61 227 9 -215 162 58 -165 -82 132 3 -75 -51 -65 -239 -62 228 -140 -205 -143 207 171 150 161 212 187 -129 214 239 90 60 -81 -13 -245 155 -101 88 101 96 52 -213 -44 -100 46 -179 -149 -194 -176 30 -232 201 18 210 
TEST 77 ARG:134 100 85 218 -77 -188 7 88 -201 38 -40 -234 -86 -186 127 -163 -83 160 -210 -39 82 90 155 -36 149 -206 197 -204 184 -100 77 207 172 224 203 116 -176 46 235 238 -146 -193 -168 -96 76 15 -223 -147 159 -38 -23 1 248 -190 78 -105 -132 64 -150 -74 57 -177 -243 102 -136 39 -72 138 42 -42 25 -187 -149 201 -130 21 -212 162 80 154 187 -226 -65 35 70 -17 -197 51 -161 -178 -227 -94 109 -27 -215 -125 105 -71 -123 16 28 -213 -103 -46 118 148 -156 97 186 -68 -225 194 -229 -31 174 -237 -131 -78 -37 173 81 47 209 195 68 -170 153 26 122 244 48 166 163 -181 -101 -157 -183 228 -240 -151 73 -113 -184 -112 -250 -114 -6 -18 -135 120 -97 188 -145 -116 84 -22 87 20 247 -207 234 8 -7 -160 -199 181 239 -235 91 37 227 233 52 -200 175 245 131 -28 -159 140 89 -61 29 243 157 229 177 -29 -52 43 236 -69 11 191 32 -162 169 -158 -3 -76 145 246 12 -93 -90 -91 206 199 -24 -110 -88 -64 -155 129 -140 56 -54 167 176 -138 237 -81 22 -214 -224 -58 53 -119 -179 23 -85 -153 -244 -11 -107 -195 -117 -185 -121 205 -144 168 119 -30 -218 72 124 219 17 -79 210 -175 -92 -62 92 49 182 156 -182 -232 -139 -211 36 103 240 3 83 -9 220 -20 61 146 -34 13 -5 189 196 -208 86 215 -172 110 -246 -167 75 94 60 -41 65 95 55 58 192 -198 6 -152 -106 117 158 33 -192 -33 -57 152 204 69 123 -196 101 242 -45 -67 -49 -21 249 -56 208 -25 30 178 -73 -50 -222 93 0 -47 -84 -53 -129 -8 -102 136 -216 18 231 -137 -66 -245 -180 -70 -143 -205 141 79 -51 -19 -189 -12 9 -55 98 223 45 2 214 232 -217 -220 -115 183 -32 -95 216 59 -228 112 130 40 -63 -126 -148 165 67 180 24 -104 -59 135 -124 121 -44 217 161 104 -248 14 164 241 170 -111 -26 171 128 -118 -249 132 -15 151 -120 193 41 -202 -13 44 -236 113 126 114 4 200 211 -173 -166 5 -133 -231 -221 115 150 -247 96 62 108 -43 179 -48 212 66 -108 133 143 -75 -89 -171 106 185 221 -4 -60 -80 -209 -1 -233 -203 190 139 226 99 -2 -99 -134 230 -194 225 202 -128 -230 137 -241 -127 -109 144 31 -35 -14 142 111 10 -169 71 19 54 -98 -10 -191 -82 213 -87 198 -141 -16 50 -122 222 -142 -165 -174 -154 -238 74 27 -242 34 -219 147 -239 63 107 -164 125 
TEST 78 ARG:-82 -9 221 54 -179 1 159 116 81 71 50 -54 118 -109 132 -107 204 51 -37 -192 -224 -14 213 66 -238 89 -98 57 151 -206 -157 39 108 237 -90 -217 -47 193 -88 106 102 -142 -66 148 95 131 -205 -181 80 129 -250 231 218 -171 -120 232 -6 46 -116 -150 35 -200 87 -126 70 140 9 202 -180 -28 215 -158 191 123 -245 -119 93 -235 -211 31 30 -194 64 228 -59 -151 -178 -159 -4 117 96 214 -17 17 -183 174 -204 219 -113 101 77 43 -152 29 -72 205 240 -131 -33 229 52 120 -58 41 197 -91 -141 -210 245 24 -26 -135 85 -110 -212 40 69 -187 147 73 242 15 -143 244 14 168 -23 104 -27 -188 25 3 -53 -2 -196 -22 -170 112 -97 220 -99 -76 -189 210 -36 -117 -86 -5 75 -92 -201 185 65 139 0 190 -133 126 48 -78 146 -232 107 194 247 6 178 -186 144 67 -129 -240 195 -15 98 -229 -21 -139 248 32 -199 135 45 -31 227 -169 21 -75 -51 92 217 -154 234 -11 -222 206 -100 -207 5 -156 -52 56 7 13 -138 -198 -43 99 138 175 249 94 11 83 -68 -247 137 -42 -35 -182 169 173 -215 -80 158 -230 160 -248 -191 76 124 -165 -3 -221 -173 -106 -147 16 82 -55 -237 19 -71 -155 -85 196 -7 97 49 -83 -8 -242 -63 -203 -10 -101 42 184 243 -226 162 238 225 192 127 111 26 -13 -93 -166 44 33 -60 -96 241 -184 103 212 189 -102 223 145 61 -220 -241 -130 113 86 10 141 84 133 122 -24 -213 -174 -140 -190 -121 -225 208 -185 216 72 23 55 163 -209 -67 -50 233 -164 -48 -216 171 -202 -134 -149 -1 -236 226 -20 4 186 -227 38 -163 88 176 -89 -57 -125 -144 203 -177 22 157 224 -40 -74 177 207 -61 125 28 136 -208 -176 -193 -30 -246 180 134 -103 -73 -162 -34 91 -118 -214 -128 27 165 179 -249 164 222 -175 -46 -218 -94 -111 -108 -195 -132 167 -38 78 -123 199 -219 -114 -32 143 74 -45 68 100 149 198 -65 47 110 -153 -41 -148 60 121 8 230 119 34 58 53 -137 -81 -19 -228 12 209 170 -146 79 -223 63 -104 166 -79 -12 -122 -244 -70 -127 156 239 153 187 -44 150 -77 -112 18 236 -167 -64 200 37 -69 188 2 -49 -197 182 -39 128 154 155 115 235 172 -95 114 161 -145 -25 -105 142 183 -168 20 -233 -29 62 152 -172 -160 -239 -16 -243 -62 59 201 90 -124 -87 105 246 130 109 -231 -136 -56 -115 -18 211 181 -161 36 -234 -84 
TEST 79 ARG:159 145 151 214 -88 -84 -221 84 46 175 -51 -5 172 116 238 149 53 -121 242 -123 -73 195 -217 109 26 130 12 233 197 83 176 184 -177 88 96 227 -70 203 -24 245 -167 -179 -120 -233 63 -226 30 -15 -38 -75 -231 -200 -114 -165 -210 -159 191 249 228 -95 79 -126 -188 -245 219 -144 -213 11 -223 -243 20 22 -86 -56 100 -12 134 -161 94 -53 3 -54 13 -69 -224 37 -32 -62 161 -183 75 -118 27 -52 107 182 -163 -92 222 127 66 -207 190 -202 24 -145 -186 28 -242 -19 234 -160 181 -196 60 29 -168 212 -7 -1 -225 131 59 -146 -97 36 -248 -102 0 52 -173 -194 -130 -228 -172 47 105 112 224 210 237 -106 -72 -71 185 -246 180 -174 243 121 211 205 217 -63 -152 223 132 -234 167 -215 57 173 166 -115 186 206 106 -227 -14 -148 126 -236 146 -57 -59 55 215 122 226 -109 -166 18 77 -116 171 -65 -230 236 21 174 98 104 -25 160 248 71 -2 193 38 147 -6 -119 -17 102 -103 -162 -43 -229 58 -129 -48 -149 44 61 2 -20 -8 -127 -9 -192 4 70 -39 -81 54 -41 -79 -66 -27 231 -204 86 -135 139 81 85 133 -26 -91 114 5 196 -216 -140 -35 141 -47 -132 -80 208 101 229 232 -10 -37 -151 -58 187 -209 91 31 -55 202 -150 -93 -235 8 135 177 -23 23 194 -77 -232 -42 144 17 179 45 76 40 -122 67 -175 -185 -191 -30 200 -105 -128 163 -49 168 -241 -87 199 15 192 -16 80 95 -13 -141 140 -40 150 -50 -137 -181 -107 34 -82 198 99 90 -249 162 -157 -110 136 -206 -187 74 -169 62 -238 -180 -136 115 35 48 25 125 -218 72 16 246 -117 -138 -170 143 156 123 128 7 -156 -201 -142 -155 -113 220 153 33 -89 39 235 129 -90 -29 73 225 -250 155 142 -44 113 32 -184 -108 241 154 93 10 119 -247 -134 -143 49 103 -98 207 -64 -33 69 118 -45 -111 -3 -61 189 -74 -131 -198 -203 117 78 19 170 6 -193 -60 -124 -139 -31 -34 -94 120 137 -104 -36 -112 68 -158 89 -46 148 -11 201 42 138 -189 -85 -83 -18 -205 -21 82 -222 9 183 87 247 -78 56 -4 -244 -147 -239 244 -171 110 239 178 -96 65 -237 204 221 -182 -212 -178 -101 218 158 -76 -154 188 108 64 51 213 -153 -214 111 -190 43 -220 157 -211 -195 -164 164 97 -99 -22 -125 -176 -208 14 169 -67 124 1 92 41 -68 -219 152 -100 165 -197 -28 240 -240 50 216 230 -133 -199 209 
TEST 80 ARG:190 28 224 -233 89 15 51 143 236 78 -30 -144 -64 34 92 169 -90 -78 -71 171 118 58 156 193 17 135 180 32 52 83 31 172 -149 90 81 -36 -93 73 41 -222 100 45 -183 142 -248 88 240 3 231 93 14 184 -18 -166 241 -244 -231 -107 42 -97 161 199 178 -159 -50 -243 177 -134 -11 65 71 -138 -105 -124 230 -85 0 -84 200 -119 -238 38 -23 154 27 -125 226 145 157 191 119 -232 -1 -63 -3 162 70 -79 -42 140 12 155 -175 -2 -146 -214 -48 4 -74 122 -242 -160 -60 -126 -35 -165 59 -193 77 105 -14 84 -234 175 181 -6 -195 43 -155 19 -54 -197 153 -104 -52 -179 -156 235 -108 136 187 -73 63 -205 174 103 96 203 10 -240 -203 13 131 198 164 123 204 20 -80 158 5 227 -184 -44 49 -137 -122 46 -92 -20 16 183 -112 -212 -9 114 -101 188 243 94 40 44 -182 -109 53 -82 -229 66 238 124 -223 -41 210 82 -140 21 202 -188 -199 -31 -95 36 115 -57 62 121 91 -143 29 -191 -152 159 220 61 60 80 -189 -88 170 -114 -40 -5 -76 152 246 -61 7 33 -56 -100 -29 -225 25 139 -99 -147 225 249 76 -89 -224 -86 56 -83 -132 222 -58 35 -102 194 -206 150 -53 -192 205 211 -226 116 207 163 -241 -118 -68 64 134 196 -162 -245 -66 -12 -151 -228 244 168 -211 126 -167 85 -39 -45 109 137 228 -187 242 212 -219 -204 214 117 68 -69 151 -171 -127 237 133 -4 1 107 104 -215 72 209 167 -158 69 30 141 48 -121 -133 -210 -208 192 -186 -217 -201 -221 -25 -81 -94 -154 128 186 146 -198 -21 189 75 86 144 -139 221 22 -70 -177 -202 113 -145 -213 213 -120 -173 -190 37 -13 165 2 -22 -67 232 -16 50 -43 -246 -72 54 -181 -32 -8 -239 98 -123 -62 -49 -136 215 -194 99 -37 218 160 -51 18 179 -111 95 -110 -113 125 74 -17 -196 -130 247 -216 -178 112 8 55 9 -135 -117 -128 130 102 -87 -131 -55 -157 217 -33 223 120 195 138 129 -28 -77 -207 -96 -209 -115 79 -176 -26 -161 -185 -47 -180 -106 201 229 166 -249 -169 -153 -250 -19 182 -150 23 110 219 101 -172 245 -65 24 -75 -237 87 11 -103 -148 -170 -141 132 234 176 -235 -98 -116 239 39 149 148 -236 197 -218 206 106 -227 -34 -142 -38 208 6 -200 -10 -168 -220 147 -163 -15 -27 -91 111 -164 108 -230 97 47 173 -24 248 185 -7 -247 216 67 127 57 -59 -174 26 -129 233 -46 
TEST 81 ARG:162 94 13 -243 -55 185 198 -120 -123 52 -13 -209 -155 -230 -106 30 37 -124 -92 -144 200 98 222 -233 140 27 -40 -81 -87 -146 -223 116 85 -176 121 -91 -242 -36 82 195 205 -234 62 150 146 -125 186 142 41 -31 68 60 183 -129 12 99 -110 74 -145 -196 -203 8 221 56 24 147 -159 -167 -175 127 -42 -101 192 -61 113 -7 -152 71 22 -151 -3 -235 171 122 -48 -221 155 31 -30 214 -67 104 100 -173 -39 -94 -84 44 166 19 -184 -135 39 157 174 224 -104 -6 69 -148 -180 -246 -226 217 89 -65 83 61 -23 -79 -122 -179 -132 159 2 152 -74 -49 144 -192 14 -111 9 -199 -200 190 -229 233 -57 -10 21 118 76 -220 -126 133 125 -97 -227 193 167 -140 -248 -45 54 201 170 -169 -14 -18 163 -189 -38 -86 -108 -17 -224 -112 -139 -69 -52 47 -210 -119 -78 -8 -113 -33 -238 -195 -163 -149 -71 209 87 53 50 -182 106 184 249 172 -218 -99 223 241 -89 -188 46 15 -77 -70 55 28 97 110 16 -241 145 107 3 -231 120 173 -217 178 -205 -141 246 -47 -118 92 88 199 65 -249 -127 7 -222 -117 -214 -130 42 -107 -75 -142 -100 -115 -161 239 57 72 -153 132 -215 10 206 84 -27 -157 -187 -73 148 26 136 -236 4 105 -95 247 -178 -131 -245 -247 -138 151 -54 6 176 -136 226 20 -116 17 -207 115 -133 -96 237 -64 177 126 -28 0 40 181 -80 -160 216 -193 -212 -237 131 231 -114 63 210 188 49 -68 153 34 160 -137 213 -66 -25 161 -250 158 -60 187 215 -206 -183 196 -46 -1 102 -5 51 -63 207 137 96 165 236 -172 194 212 67 -166 -201 230 156 32 -204 90 -232 81 -191 -216 111 -202 129 -12 86 80 77 36 -20 1 164 143 -59 -225 101 25 180 -26 219 154 -2 197 -228 134 227 138 108 -19 -44 202 229 5 128 225 -22 -162 -43 78 79 45 -121 182 243 64 -9 -211 149 -56 141 169 -181 -219 -197 70 -72 11 119 58 75 -50 29 240 -98 -4 123 91 103 208 -128 244 -24 -41 35 -171 -147 43 93 -240 -76 -198 117 234 235 -93 73 95 114 109 -53 191 232 220 -185 38 -82 -170 -190 228 112 -16 -165 -15 -213 -186 203 66 204 -51 -168 179 168 -105 -239 211 189 -83 124 -102 -90 -156 -32 -35 -134 59 -29 238 18 -88 23 130 218 -21 245 -150 -177 -158 -244 -154 -208 -11 135 -194 248 33 -85 -109 139 -62 -37 48 -58 175 -143 -174 242 -103 -164 -34 
TEST 82 ARG:-203 -158 -100 -239 -180 -235 -108 -6 -214 -196 -116 134 -101 -217 -85 7 -46 203 119 237 145 -169 -63 6 167 56 -223 -119 117 -198 -69 192 -21 74 5 161 141 -113 246 136 1 218 -193 162 245 -211 179 249 -122 -231 -111 163 87 193 38 -152 30 -195 21 207 226 40 170 178 232 165 -102 -59 126 29 -76 124 -240 -212 -144 -51 155 66 -78 148 -82 -246 -155 42 -32 -91 -164 13 121 206 43 72 130 -153 99 199 153 225 89 235 84 92 -29 182 96 -64 -219 -50 -41 -199 222 176 215 37 -88 -33 -132 -220 -207 -93 -173 214 135 64 -97 221 -233 151 -23 49 -247 33 -99 -216 -149 -213 185 154 -30 -10 63 101 22 180 -192 -189 -92 -94 -2 57 20 242 -170 79 -79 244 -53 69 67 211 25 -71 198 -248 71 243 -244 3 80 -228 -245 -181 27 -177 -229 -227 55 75 -74 -11 -104 -151 -130 123 227 -147 -127 -186 73 -34 -131 213 140 77 194 -139 -70 -86 -157 54 50 -215 -163 93 -159 122 10 149 106 -133 209 -19 -232 129 -218 82 219 164 -202 115 103 107 231 -106 229 233 223 41 32 239 143 -96 -72 65 169 62 -201 166 -187 81 -17 -40 202 -126 132 238 131 217 18 -124 -185 -145 28 -221 -80 108 86 -135 -242 109 88 216 90 -26 61 -209 -107 -75 -237 17 112 45 48 -143 -134 248 156 172 -136 2 -62 53 -224 -118 -31 -178 190 -162 -24 -225 -38 102 -77 -156 -128 -183 116 128 83 -3 -167 -67 -12 47 -14 -222 111 -249 144 204 23 -84 -166 -66 -174 -120 -16 60 181 19 -81 -117 187 -190 186 -18 146 168 36 76 59 -129 0 205 -191 -48 212 -197 142 12 113 158 -83 -182 -57 230 159 -27 -73 -188 234 15 -137 -165 -13 -45 85 -243 -47 -142 -4 -110 -226 -234 -43 137 -28 -39 183 118 -175 -238 -60 4 51 175 -205 -146 -208 -206 -184 120 16 195 -176 -112 -250 152 -58 196 110 97 220 -123 -15 -35 94 58 184 -200 -65 160 171 -150 8 -210 34 78 -55 -115 -154 -236 200 114 -25 70 95 26 150 46 -160 -95 247 44 -171 -7 -68 188 236 24 177 173 104 -36 -161 -20 -125 91 -9 -98 -54 -121 35 208 -140 52 -56 9 -61 -49 -241 189 228 197 240 139 98 241 -89 125 -22 138 -172 -230 -90 -168 -105 -8 201 -194 -141 100 -179 147 191 -87 -138 224 -44 127 31 -42 -5 14 133 157 105 -52 -37 11 -109 68 174 -204 -103 -1 -148 -114 39 210 
TEST 83 ARG:14 -51 -45 237 -229 -201 40 -8 -121 162 -203 -83 243 -250 44 221 -164 87 155 -153 -52 69 -89 110 -185 25 -4 -141 -60 -143 95 -20 214 137 -134 -49 -126 -225 241 38 99 -214 -87 176 -127 183 63 2 -33 60 -128 53 -59 -123 210 -1 179 46 120 -189 186 45 -82 -6 -217 113 -42 78 218 157 -136 -105 244 58 205 23 226 -226 86 -145 181 50 206 71 -73 115 211 227 242 -23 75 39 117 15 89 143 184 73 -215 -175 111 118 -179 -27 177 30 -93 -172 -168 -161 -176 123 79 -100 -169 196 56 -135 -180 81 194 -114 -209 -184 -202 -10 124 -235 180 -117 -130 52 -31 -243 -50 -156 -148 94 -142 -72 -230 13 82 -197 -186 -216 148 232 -61 -47 178 -146 -212 -56 149 -158 -65 -15 -54 -75 -239 -80 146 -35 165 -162 158 153 240 -129 -155 195 90 -113 215 22 16 31 125 119 67 -115 84 -69 174 249 101 -174 -88 72 -227 18 132 199 27 -194 -98 26 102 -241 -188 97 -181 -57 -17 -25 96 32 65 43 21 193 189 212 122 -38 -3 -198 -150 -74 246 198 128 -119 105 -58 -118 19 -84 -97 51 -138 36 182 -77 223 142 160 8 167 -232 -79 -101 70 191 108 233 12 -5 -32 -160 -81 0 147 -7 -238 121 106 -70 150 -154 116 -220 203 139 -21 164 156 154 -233 -19 -103 17 175 -245 -39 -64 -22 34 7 -210 114 140 -14 -237 -125 -177 10 -16 217 -244 188 192 -222 -11 -234 -63 -193 213 -224 1 -167 55 -26 -231 190 135 -190 207 -18 -183 163 80 74 -200 -199 -53 145 48 239 -109 28 229 -122 -66 144 -191 238 -91 107 138 -44 248 41 93 171 -43 91 161 -102 -205 129 24 -140 -152 166 -170 -13 -132 -187 -221 4 112 -62 126 -108 54 169 -95 -40 152 66 168 -46 209 -139 -219 -120 -131 -133 -213 -48 -37 -106 -211 109 -12 88 185 -110 -163 9 103 83 -137 68 141 37 3 136 220 133 -144 172 -112 222 92 -223 -99 -207 -178 173 228 6 -78 -182 -85 -124 85 235 77 -34 247 -55 225 -192 64 245 -92 -36 -29 200 134 -86 -218 98 -41 20 219 -248 131 -165 197 204 47 -96 100 -247 -9 -90 -24 76 -116 -28 224 -71 236 231 -2 42 -157 -166 -204 -76 -208 62 -171 208 230 202 33 -149 -196 -151 35 -68 57 201 -107 -104 -206 -246 5 11 170 -173 29 -242 127 130 -228 187 -111 -147 -240 -249 -236 216 -159 234 -30 159 -94 104 -195 151 61 59 -67 49 
TEST 84 ARG:-66 -228 2 56 63 -168 -250 179 194 -173 -22 64 221 -117 55 225 -7 -72 105 160 117 -8 -174 -42 222 -9 -194 15 -170 174 16 79 138 66 -157 29 -147 -136 -3 81 -200 84 231 241 -30 248 -195 -130 -227 4 197 206 -179 193 229 -104 -144 77 -246 217 -5 157 61 185 216 -151 57 -17 -150 -242 243 -91 78 -152 98 144 5 27 121 -87 -219 -81 163 178 93 -145 -40 97 -6 -84 159 19 20 101 21 -92 -128 -133 -239 100 -247 124 -171 209 -222 46 109 -166 -43 127 -149 -71 171 41 126 186 -218 -50 24 -78 -177 -110 -45 -165 245 177 76 36 6 112 -57 -181 141 223 39 -1 148 48 74 122 -129 -28 -234 -29 155 -213 62 95 -86 211 47 -206 -54 224 70 -192 -212 -193 -127 -163 149 -55 104 33 201 73 190 103 -187 145 -148 68 125 -108 90 -83 52 -153 128 -158 151 3 -172 96 -245 -215 -232 195 181 -119 210 49 214 165 -63 -249 172 175 -156 -115 -88 -75 -140 -160 -41 108 240 -164 88 -80 134 -205 -27 -13 232 -109 -69 1 -162 -167 -211 -62 -220 227 -4 -73 203 146 -203 -102 200 230 202 -14 239 204 154 -207 114 37 44 166 -107 -199 208 31 -12 75 11 -161 -183 187 192 207 133 -186 -113 -125 -116 45 -118 13 -98 -198 -77 -188 83 106 -135 22 135 -240 -126 -64 -216 26 -191 12 -11 -94 86 140 -85 -159 170 58 -60 17 102 -89 -143 -15 -103 107 -233 247 -10 -221 -38 118 -235 213 183 168 -146 -202 -37 113 205 -225 43 -238 235 164 -209 137 14 -236 219 -56 8 -53 80 184 -70 233 -24 -214 50 -48 215 161 -47 -31 82 238 136 -23 53 153 -154 -18 -95 -33 176 -97 -132 244 -93 -139 -67 -201 196 110 -32 -96 249 220 119 212 218 -208 169 69 -21 199 30 228 -134 -90 -39 -122 147 246 -142 -82 130 89 142 -138 72 -124 -123 0 94 -106 -59 -231 236 167 -35 131 -184 -131 -36 -243 -230 60 42 -68 -20 -169 -79 -180 139 87 -2 -52 -121 162 116 156 -155 -210 150 -19 191 242 -112 91 54 -101 -65 -137 71 -176 -178 198 85 -237 51 10 28 180 -111 -74 115 -76 -16 -141 -105 -120 152 -49 -241 -44 226 -196 40 -58 -175 38 -223 123 132 111 59 -61 237 -26 -34 189 -224 -25 -204 173 23 182 -244 -185 9 -190 -189 -100 129 234 158 34 7 92 -114 -182 -248 188 65 -217 18 -46 35 -51 120 143 99 -226 -229 -197 25 32 -99 67 
TEST 85 ARG:-175 -200 200 -115 191 4 107 -25 -138 130 -234 67 101 -244 175 103 -7 -220 27 -116 -198 -102 49 -11 214 43 194 189 -90 235 45 -249 -67 -9 -76 -5 47 227 232 106 -236 182 201 115 -51 39 -94 208 -74 -8 -207 -117 -87 -185 145 11 -15 -222 60 117 34 -201 116 -53 57 96 -29 -85 -159 -39 230 159 183 -135 -247 -239 205 -61 120 188 237 238 -142 6 -69 80 -196 -184 -48 160 -34 62 -235 -229 58 44 -144 -156 -223 -42 -119 233 -248 -243 -221 -214 -121 -22 100 -140 129 -218 166 -137 -103 59 -40 61 -12 92 -31 -228 1 -183 142 -206 -238 -123 -64 -217 -21 -139 32 85 -41 70 -65 -96 -32 224 -30 149 210 -18 104 231 -120 179 -50 79 -241 -104 -122 -133 -197 -213 136 81 -17 83 91 14 48 -205 -75 -160 5 161 -44 26 -163 82 213 247 56 86 -20 222 -240 54 -176 223 123 -246 184 102 206 -111 -82 162 -108 119 33 -83 158 -77 217 97 -13 93 -10 248 -171 -164 78 -216 21 -128 150 -177 -55 -59 185 243 -63 121 220 -95 -154 139 53 35 74 51 31 108 -186 68 114 12 199 -178 -110 -72 138 135 89 -146 148 207 122 144 209 -126 -193 105 -245 157 226 -199 164 -66 229 126 196 90 128 165 3 -113 -54 -153 9 -174 221 -250 -100 -62 171 -149 -141 -81 180 16 98 181 77 -105 239 -127 36 -98 41 52 55 111 -84 -212 -232 173 -131 -1 99 228 176 -167 -27 168 -169 -173 112 169 -148 -129 195 -227 -195 -152 76 -132 -124 -125 28 167 178 8 -190 -4 127 -151 143 -210 163 -112 242 -92 -233 29 245 -6 73 177 -172 -219 -168 84 -3 -2 204 124 137 -225 -33 -162 17 154 141 -52 95 -71 132 22 -28 219 -211 -14 140 -134 198 131 -242 -215 218 -46 -114 -188 212 -194 -24 -106 -58 155 -101 -35 125 -45 -181 -209 -143 30 23 211 25 19 75 186 64 216 197 236 15 -202 153 -130 -187 174 38 -208 -165 109 -191 -73 234 71 146 -170 147 -80 246 187 110 -157 172 -231 134 -203 -107 152 -99 151 0 -145 202 -26 -43 -147 -179 203 156 -136 -36 -158 -97 87 -118 -192 -38 -19 -166 241 225 -88 94 192 -150 -16 -237 7 -93 -47 18 -56 215 -23 -37 133 -189 -180 10 -79 -49 -182 -109 -78 13 2 -68 -70 88 113 -155 72 -91 -226 190 244 69 42 -60 170 249 240 40 46 24 193 -204 118 -224 63 -86 66 -57 65 20 -230 -89 50 -161 37 
TEST 86 ARG:37 124 -167 -44 44 102 92 -99 1 54 215 -80 78 34 -5 -209 133 -161 -224 -45 -219 -14 -245 -215 -67 151 153 178 -36 76 42 -52 49 -34 -126 104 -237 170 242 71 -10 -243 -84 -1 -208 7 -16 -124 -50 166 247 -249 199 238 -102 219 -206 146 62 152 -239 174 -127 -75 162 -183 175 -94 6 -248 -64 -236 43 117 -122 140 -110 -175 194 164 -157 -125 -169 -136 -134 -187 57 -24 201 -230 -30 234 248 11 38 -182 -213 -132 19 39 -131 -56 -168 122 -55 -37 -68 -65 41 246 -218 216 -112 -43 -123 -135 52 171 -73 229 -133 126 -39 -42 73 -61 -118 -19 -18 -229 -201 -22 -48 -140 -246 -49 13 10 134 212 -173 139 -145 196 -195 -28 -114 -139 180 64 233 -23 -146 228 237 203 -53 123 -244 -109 206 -8 217 -11 -198 -203 75 230 -250 -200 -165 85 -235 141 173 172 -46 161 -15 3 236 -174 -159 -163 -228 20 50 -194 16 0 77 -191 -220 48 130 -234 -113 -216 58 192 160 -54 138 157 114 -223 108 -70 -74 -138 -217 218 -107 -90 -210 -97 -62 103 -69 46 93 63 22 225 163 -150 -115 -12 227 181 176 -20 235 -85 -81 -86 -193 186 68 -91 -225 -98 88 132 -66 249 188 -227 240 -190 18 142 -76 23 111 80 12 33 -144 109 -214 -79 -197 -47 239 -89 8 213 115 187 182 -78 81 125 204 202 -25 45 5 -96 150 155 209 -88 -105 -137 94 -106 211 149 -7 -72 -205 -41 107 65 -192 -181 27 214 -3 198 -4 99 40 -29 -21 244 147 195 -222 185 -176 168 -9 17 -92 120 -170 -100 -130 -63 -141 -154 128 169 -13 -33 72 -87 208 -117 70 96 -186 -160 -179 15 -166 -188 67 14 -185 -82 60 232 106 79 84 -207 87 -104 -101 47 -6 -151 241 32 110 -38 -111 -155 129 74 89 -103 -143 158 220 82 53 -26 56 101 55 116 -60 135 118 -108 245 -119 25 21 26 119 223 221 159 179 197 145 226 112 86 -152 137 90 -121 100 98 131 -204 -116 -202 66 -27 -149 154 2 -31 83 -178 165 95 -232 -147 -233 -196 224 -2 -231 148 -212 29 -162 59 -171 183 -57 105 121 136 -184 51 191 -83 -129 69 177 243 -32 -59 4 -172 -77 -71 -164 -247 -199 -211 -40 -156 -142 113 222 -180 -221 97 35 167 31 144 189 190 127 -35 30 200 -177 -226 210 -241 143 -238 -17 231 9 184 -120 -128 -189 61 207 -148 -95 28 -93 -158 91 156 -242 193 -51 -153 36 -58 -240 205 24 
TEST 87 ARG:-126 60 -225 -101 -199 174 194 -61 42 -13 -4 94 -59 -153 177 115 23 -212 -200 142 -88 -184 86 -141 -95 -124 74 189 4 144 -193 -122 -185 -111 53 -91 -214 20 -58 22 90 103 -216 54 61 162 -8 243 190 -98 -136 -32 -207 232 -129 -108 131 -77 26 219 135 -245 -52 143 -247 -227 -46 -195 221 112 -249 159 -21 -240 -144 69 -43 -107 28 67 43 34 16 -246 199 57 59 14 188 137 -176 -86 76 228 -82 -235 107 229 150 -168 40 -55 -123 -202 -29 -198 58 -237 38 -145 -56 -157 204 -69 -186 129 126 169 7 37 -66 -103 70 -50 -210 -51 -10 186 163 -175 55 12 -30 -160 1 132 -172 -72 231 239 -99 -47 120 -180 78 207 18 111 133 -174 -220 -165 80 -36 -197 125 95 -166 -219 84 -110 164 166 31 -161 216 -183 -162 66 178 170 -203 -63 193 161 82 242 236 -78 35 -187 100 32 -60 -170 89 92 117 99 200 65 -33 -133 223 212 -182 -87 -213 -215 -53 -74 -44 118 108 123 -93 147 -62 213 -239 206 -191 -224 104 -151 -16 -11 246 171 -1 -41 -109 122 227 91 10 155 203 165 205 138 152 113 -37 -169 77 87 64 48 96 -188 140 5 -27 -113 -194 -173 13 63 128 -244 21 -2 102 46 88 72 -71 148 -67 62 19 -206 -204 182 183 -243 -131 110 11 3 75 -79 130 145 -234 -25 -147 156 106 -26 -9 157 -229 97 245 -238 196 218 233 52 -146 98 -242 -19 160 27 119 -226 247 24 -152 -14 -138 176 -137 195 -96 -24 -231 8 -94 29 25 -209 -68 47 -143 -102 230 167 209 -201 0 -155 121 222 -23 197 198 139 -105 -3 -208 185 -217 -18 15 -117 -196 93 44 226 -218 -48 -100 -148 -125 181 -76 -211 172 105 -73 141 220 114 -236 -140 -31 -57 154 -241 -42 -154 71 -89 -163 85 -40 153 -83 -75 -6 -150 235 -81 -84 -222 49 -28 73 -248 -64 -181 -49 248 -45 -34 -135 -164 -159 238 -17 -233 30 -35 36 -20 -134 211 249 134 -80 41 -39 191 208 180 -121 -250 -179 6 -116 -115 83 127 244 234 -120 192 -171 -205 33 -156 39 -149 -230 -223 214 151 240 -139 -112 187 217 -178 184 -90 -85 210 -190 79 -221 -54 -12 168 45 -228 124 -132 179 -127 -167 -130 215 -65 -142 68 146 -128 17 101 -106 -114 81 -232 -158 -119 56 -70 -104 109 224 9 241 149 201 175 202 -7 -15 -38 -189 158 136 225 2 116 -97 173 -92 50 237 -118 -5 -177 -192 51 -22 
TEST 88 ARG:-222 231 -229 -99 -190 145 -194 234 -46 -14 132 30 100 159 -24 47 -63 -166 57 150 -77 -119 154 41 165 -221 202 -228 -109 73 67 -178 -33 -25 -64 146 112 2 -153 -142 144 -23 -198 -149 -137 11 220 199 156 23 -170 141 -74 -199 -154 34 -45 19 -245 -37 -106 -158 3 -217 223 87 -18 -133 148 -224 -17 133 163 205 48 -113 152 214 122 76 -172 61 95 191 206 120 45 200 99 -19 -128 248 -62 105 149 50 -68 166 198 36 -60 107 215 -175 -58 224 -195 44 21 164 -148 243 -9 225 -179 244 110 -176 218 -56 -160 187 -193 -42 -237 196 201 106 -43 117 -124 4 247 -248 189 -35 176 -215 -168 33 -6 -65 -231 -44 -144 93 210 28 -78 242 91 -22 -165 -98 6 -129 134 185 142 32 -250 -211 -121 -132 -225 167 -235 -73 -163 -94 161 89 119 1 232 213 -216 -92 175 -188 221 42 238 -15 121 227 -167 98 135 -20 35 -3 62 -126 207 16 -152 -67 -159 -61 -69 58 -105 216 -238 -156 -54 29 115 111 -131 204 -210 136 228 -227 -13 -147 -95 86 249 -196 27 229 -189 -246 126 127 153 -80 -140 -28 74 -236 -82 54 -200 -89 80 -83 -49 -97 -52 170 -230 -108 230 75 -157 -118 20 246 212 -139 192 140 7 -75 -91 -120 17 24 -134 160 184 22 -40 53 104 -38 -29 -90 26 -204 -162 158 56 51 40 66 -2 172 -136 113 155 88 -123 -226 -84 90 151 203 -240 -187 -212 68 -71 -155 -100 -5 -183 162 96 -127 -209 -138 -169 -8 -41 -117 -1 -151 -202 -220 -125 94 -4 -51 173 217 -66 -232 124 78 102 -223 129 -197 -249 38 82 118 -145 -115 130 -206 -101 143 233 -182 -76 236 64 -31 -208 128 -184 138 -164 131 -27 178 -244 77 -173 -207 137 -39 -85 239 108 169 180 209 -86 83 171 226 -233 12 -48 -30 -93 8 181 -87 9 72 208 116 177 -135 -161 69 43 -10 49 -122 240 39 -234 194 -205 237 -174 147 -103 -102 -141 211 -34 -180 5 -47 -177 219 114 13 -114 -111 -57 -96 193 -150 -185 25 97 -219 65 179 -7 -191 84 -36 182 -143 -107 -130 186 -243 0 222 -16 15 -21 71 197 -241 31 109 183 103 -218 -110 -146 168 139 174 63 10 -186 -70 -81 -203 123 -112 -116 241 -59 85 125 235 -213 101 -181 -50 157 -12 -171 -214 -26 59 55 -247 -201 37 190 81 -53 -72 195 188 -104 92 14 79 60 18 245 -88 -79 70 -32 46 -239 -192 52 -242 -55 -11 
TEST 89 ARG:-14 -95 91 56 145 105 -171 23 220 -45 -240 99 65 12 233 225 -115 117 -248 82 -116 169 182 -138 186 -21 -49 139 -34 -46 -29 118 175 199 223 129 -66 -15 64 -91 77 -232 -196 -73 -151 -80 -187 -54 243 111 -241 78 -56 -154 -82 25 116 -155 146 -64 -242 113 85 -150 -5 -156 92 -83 -223 -118 -194 177 217 198 230 -128 68 -129 150 -203 55 120 31 54 -249 -173 -69 2 -108 -110 189 -166 244 -37 20 181 185 -238 84 -206 -93 -140 -84 104 -212 36 -192 79 164 179 -220 -98 102 7 21 38 -126 246 86 -135 136 -132 241 74 -92 39 138 -36 -61 -142 22 -32 16 -213 -215 -104 -123 -246 81 -231 62 -202 -47 97 9 61 124 -99 10 90 -70 248 -139 -184 -41 -209 226 187 96 242 176 -149 206 88 119 -158 -42 43 -167 -210 191 109 -7 53 -185 -76 211 4 -221 -207 24 147 -87 228 27 -205 -217 63 227 188 178 -4 32 8 -50 100 167 44 107 212 123 -97 103 -165 46 184 -63 128 209 -11 -31 -77 237 -27 166 170 45 0 -222 -160 -65 141 114 -35 -228 -53 -96 -94 47 -200 108 -59 180 -122 -125 195 157 -174 -247 190 -137 -75 -234 229 236 200 -226 -102 168 60 -38 -152 51 37 -3 -57 165 234 -88 28 94 -89 -163 -13 158 154 208 161 -62 -245 30 69 -141 -86 -22 -33 -236 -106 -131 143 -130 201 26 -10 213 -164 66 -25 231 -243 144 -197 -161 75 48 -233 214 -117 -178 -90 -227 183 40 -23 -134 -40 57 -162 -219 130 133 112 -250 -2 -176 67 -191 -157 224 49 235 -9 -103 -177 127 -136 3 -111 98 -101 -204 -81 -216 58 -214 -120 219 125 -148 -60 232 -105 -170 -39 72 -193 110 71 238 -72 247 131 1 174 153 135 -235 162 -237 -58 -109 173 5 121 160 149 -20 18 -183 -26 -182 -244 -208 11 17 106 83 -100 93 -124 33 218 -224 -189 -52 13 -67 76 -121 59 -17 -225 152 -18 194 159 -28 19 -19 73 -71 -188 -74 -30 207 151 -230 -68 192 142 193 -79 140 52 245 -153 41 -198 -8 163 -168 -179 70 14 204 -172 -180 132 202 -195 156 -147 -127 210 249 203 215 155 222 95 -199 -175 80 89 -144 -145 -107 -169 -146 134 -218 6 -143 -112 171 -6 29 -119 172 -85 -43 126 -1 34 42 -24 -44 122 -114 -51 240 148 -229 115 -55 239 -159 221 -181 -78 -133 -16 216 205 -239 -186 101 87 137 -48 -201 50 -211 15 196 -12 35 197 -113 -190 
TEST 90 ARG:101 5 -2 97 -10 -185 -141 49 118 4 6 -24 -58 -131 -30 115 103 197 214 -60 63 -190 142 24 104 78 -16 -32 177 85 -155 -75 -9 -103 242 73 -6 -83 -88 -250 -67 172 211 43 185 79 171 131 -191 114 -143 188 193 -121 -218 -33 -202 -94 -171 176 -163 71 235 -201 -239 14 -232 238 249 -57 155 -205 -132 170 -224 -229 175 -144 13 35 51 119 -43 159 81 46 36 -231 -42 236 135 -105 77 -87 179 -244 -184 -177 2 -234 0 -154 -70 -130 -133 19 -82 210 181 -80 -208 -81 -50 -206 152 -5 -93 -99 123 -122 -110 -76 166 203 -66 41 -236 -106 -111 69 -188 -102 -215 -178 -194 -193 219 -233 61 -112 90 -35 146 -211 93 44 -89 237 -174 58 -4 -159 -12 -237 202 -117 -124 106 -36 157 -136 20 96 164 -51 243 195 -15 -186 -249 18 116 45 -116 127 -175 168 -25 -145 -108 -142 -128 -86 239 -225 244 141 234 -139 -20 122 110 -222 201 -40 -62 89 72 222 192 -214 209 162 -148 95 -173 -29 -248 -101 102 53 34 231 -49 -91 -115 33 52 -3 208 136 -19 57 134 -123 76 37 -170 26 187 -156 -44 167 233 -167 227 -113 42 -14 -11 229 -45 -204 -38 124 -200 196 9 108 -172 25 -152 -27 -90 213 64 83 -109 40 247 -48 194 107 -246 149 -146 -17 -197 140 -96 -189 -137 -165 241 117 161 158 74 125 -168 143 -126 -245 -64 198 -100 182 186 189 173 -37 -65 94 21 218 -129 -69 -68 -95 -135 -63 -114 68 223 245 -52 -151 12 -226 -158 -61 120 -119 -238 190 88 215 -210 -47 -56 -203 -216 54 -207 -26 -13 139 -150 226 132 -240 212 205 80 -120 70 84 184 99 160 -140 138 147 -213 148 191 109 -157 246 -196 133 -242 86 -220 -41 -97 216 154 3 -28 225 -223 -138 -7 -180 151 -164 56 199 29 129 7 67 -221 105 23 -243 82 -98 65 -39 -107 220 32 15 -127 -176 -247 150 30 -212 16 98 -23 -169 174 232 17 -192 -166 60 -195 113 -31 -18 126 200 -183 165 -228 -162 224 121 -53 22 156 66 27 31 -182 -181 163 -235 112 28 10 92 230 -198 87 178 -118 75 -78 -73 -179 91 -59 183 -85 38 -54 39 145 204 48 -79 207 11 -34 240 -74 -147 221 130 -161 180 -21 -125 -8 -22 -92 137 111 1 144 -55 -77 -230 -241 -71 -209 -227 100 228 50 -219 128 55 169 -84 206 -149 8 -104 -199 -1 217 59 -153 248 -134 -72 -46 153 -187 62 -160 -217 47 
TEST 91 ARG:-27 197 153 113 17 109 112 -34 -221 -105 -160 124 -83 186 156 107 207 -45 -108 -26 171 212 -234 -130 -99 51 28 115 10 9 -55 176 -183 22 37 65 -70 203 -62 191 57 24 66 29 91 196 -143 -117 -162 -176 -225 -208 44 -66 -230 154 -116 73 -245 47 121 248 27 233 -119 -186 144 -101 -213 -57 -137 -171 143 62 -199 199 242 14 184 -155 -112 229 -89 -21 -202 213 -9 -29 -244 232 -53 -138 157 139 125 -94 222 -194 -173 -106 205 35 -127 -135 -79 114 -59 219 -178 240 247 244 90 -104 131 185 -3 -110 40 158 -167 198 -133 13 78 38 -67 237 -128 -193 -82 -64 178 87 -14 -46 -156 148 -4 142 150 -102 5 85 110 99 -206 -180 64 -233 76 126 3 -170 -218 -71 -25 102 -215 208 -72 -181 155 -41 95 -168 224 -92 194 161 69 215 -43 206 105 227 -157 -219 67 -109 193 -179 -229 -172 21 160 188 72 -80 -217 11 -32 -77 -125 -198 71 -90 239 -37 167 49 -86 -36 -58 175 -200 -6 129 -91 145 -240 46 -235 -177 -39 211 214 -134 101 103 -224 -56 -239 120 209 58 56 -13 243 -147 89 -142 246 165 218 -2 134 68 -28 226 -207 -49 -159 168 -12 228 -17 -69 20 -68 -248 -212 108 -122 -16 -120 -8 74 -237 163 -111 -73 -118 52 111 36 -226 162 130 86 -216 147 -1 192 138 -223 55 -38 -35 149 45 116 33 -23 -165 187 238 -149 174 -20 -163 241 31 16 132 -132 98 -52 -136 180 182 164 152 83 -169 -113 -150 54 81 -139 151 -7 -24 106 -191 -131 39 216 146 133 -141 236 -93 0 -227 94 118 -42 140 127 -190 70 -175 117 59 -22 -96 -18 -145 -33 -121 15 217 141 32 84 220 -40 249 1 204 -151 -87 8 18 119 137 -195 -126 -123 -250 -107 181 60 -247 -61 26 -144 202 48 2 79 -81 -50 80 -201 245 -205 177 123 -154 41 179 -236 -187 -188 -30 -220 -129 100 63 -47 7 -78 210 -54 104 225 53 -76 -238 -115 19 -211 235 82 -189 25 -182 -185 -158 -203 50 -152 -197 75 -74 -84 97 34 12 -196 -209 -114 173 159 -31 -140 93 230 -161 88 -166 92 -60 -88 -11 -210 -246 122 -98 -10 223 -63 183 6 195 234 201 42 -51 -95 -232 128 -103 -148 169 -249 231 -243 135 -228 -242 -153 136 -204 -174 -184 172 -19 77 -192 -222 -146 189 -85 -48 190 43 -124 200 23 -5 -44 -15 -65 -231 4 221 166 -241 -97 -100 -164 -75 170 61 -214 30 96 
TEST 92 ARG:-214 16 -210 178 41 206 -59 228 -114 -213 -4 34 -207 -22 102 -47 0 -15 161 -159 -133 94 83 173 -20 185 -189 -194 198 -166 -153 -186 71 226 -203 184 220 242 -76 -10 47 -164 1 197 60 4 110 -63 156 -38 -227 -209 -115 97 -14 -86 -136 -245 216 -11 -48 -197 -142 80 90 -107 42 153 -218 86 -16 193 146 145 162 136 -99 -57 -23 79 218 171 -31 6 52 210 104 -243 -95 10 55 -149 165 231 14 124 140 -127 70 -162 235 -244 -248 -49 -178 234 164 -195 2 117 -28 30 -217 -72 -221 213 107 182 -183 -111 68 -177 -241 236 227 217 214 -234 -113 -61 166 73 -96 72 -231 247 179 -109 212 -12 -165 114 -98 -1 -201 169 -144 -223 159 -71 46 -85 224 -211 -53 84 3 148 141 -77 -36 187 -184 -128 189 -65 222 -44 109 -104 36 93 -131 132 194 -250 -219 176 74 -64 -2 50 135 69 -191 -45 -238 105 53 -18 -82 -41 149 33 48 9 130 -176 -122 160 40 -152 -190 -125 -170 -124 -90 45 -200 -208 209 -199 221 111 139 -130 -88 -132 201 -103 8 64 208 -73 246 29 -240 175 58 15 138 -129 -161 -27 -35 -198 -62 147 196 -216 200 24 -37 -188 -30 -145 92 -84 -101 241 -246 150 -229 -135 87 -141 126 98 -91 -56 -206 -40 54 -228 -34 -52 -160 -185 116 31 -108 137 -46 100 -202 -33 229 -117 -192 59 88 232 -123 -140 123 248 51 230 -237 -137 7 113 -32 154 37 -150 -80 -81 -112 122 -173 -143 192 207 249 174 11 95 -138 38 195 65 61 -148 191 152 119 -105 172 239 155 -92 5 -79 -175 -19 -236 -249 -87 -169 225 158 28 106 115 163 -110 -193 112 -205 -83 -17 -75 -26 245 244 -102 -242 183 -147 96 19 -54 -50 -5 -93 142 -222 35 131 -39 -126 62 238 186 -7 243 27 -69 -235 -168 -134 -239 181 128 -13 -21 133 129 21 13 75 -120 -154 -151 219 -58 108 -155 91 -179 -3 -8 44 211 -172 -220 -6 20 99 -25 63 -74 -94 101 233 -163 237 190 240 177 180 43 56 -232 -68 22 125 -158 -60 -118 -78 -174 -180 144 57 26 -212 25 -187 -9 81 120 -67 -182 -196 -226 157 -146 -97 -215 -230 -116 76 223 32 49 121 -70 103 170 -224 -66 167 203 77 -119 -100 66 -181 -204 -225 89 168 199 82 -233 39 -156 -171 151 204 134 -29 143 67 17 118 -51 -139 188 127 85 -43 18 -167 -89 -106 -247 23 202 12 -55 205 -121 78 215 -157 -24 -42 
TEST 93 ARG:-247 8 -83 184 -130 -149 104 -104 -15 -62 233 -55 -222 -245 -45 237 -86 48 129 72 -177 141 36 -124 71 -9 -214 51 57 -68 191 -29 -166 -35 113 -187 -32 180 70 125 -108 63 -22 43 -23 -190 -71 -28 45 -162 -36 78 116 -146 -41 166 -91 -216 83 -240 212 -199 -102 230 107 -153 -33 135 176 21 39 160 -20 193 215 146 25 243 0 -145 -232 -110 -122 56 9 -37 -170 143 158 -155 -109 -174 120 -173 -116 118 209 199 130 132 208 -208 50 102 190 -181 -53 223 134 -178 124 249 142 59 10 97 221 -200 -225 152 75 -8 -227 58 42 -40 138 -125 181 -43 -138 40 145 -172 22 -191 14 127 -152 -74 222 -234 232 37 -97 38 231 -236 91 -89 139 67 -19 -204 -193 -10 -51 33 -67 111 -213 -107 -132 248 -87 167 172 -117 -195 -242 -196 -182 34 55 -60 -215 -197 -201 -175 -6 -167 -54 85 -85 64 228 -58 -140 211 -219 65 156 80 -168 -185 -131 -63 -38 -238 47 -148 -66 151 -123 -69 200 -2 11 -198 -90 -203 32 60 -94 -241 192 -118 -231 86 -105 217 -21 150 -75 -228 121 148 79 245 -183 115 -163 247 41 -5 -128 46 13 4 -169 173 175 185 -202 3 20 84 -121 159 30 -72 -244 244 -111 -44 -61 -17 7 182 186 110 214 210 -101 177 -57 68 52 241 195 -26 29 -212 -137 144 -230 179 101 15 -156 -226 -93 -42 218 28 126 -210 35 -129 161 -106 136 49 114 133 -79 103 -47 213 -221 -211 -100 174 -207 239 94 100 -171 188 -96 108 -160 -31 89 -147 -158 -103 -164 62 31 123 -82 105 -176 -165 -24 -246 69 -34 1 224 -25 202 90 -206 206 18 -157 -39 149 -30 -250 154 196 235 155 -77 178 157 -16 -80 96 -141 -188 -1 -64 81 -112 76 19 -3 137 -76 -27 -180 163 170 -233 -113 -134 -14 16 238 234 -92 -46 -220 -11 -120 165 -249 88 74 -73 216 -139 -248 5 112 44 17 169 -65 -59 -136 -209 -98 27 92 -144 162 -184 53 93 -56 -229 183 -154 -218 153 207 236 109 -192 -161 140 -115 226 -18 -133 2 -99 168 122 -126 -119 220 77 171 227 -135 -235 87 -151 54 12 6 -179 -159 -189 197 82 -52 -95 -194 -150 240 131 23 -186 -7 -143 -48 -237 98 -88 -4 128 117 198 204 -84 106 -205 -127 -243 -224 24 187 246 -13 242 -217 73 164 147 99 66 26 95 229 201 -239 -223 219 -50 225 119 -142 -114 -81 -70 61 -78 189 194 -49 203 -12 205 
TEST 94 ARG:6 114 -110 26 -134 -205 -143 -105 11 178 14 -3 -69 -247 -75 201 -113 153 -97 -248 -207 81 202 139 -124 -158 166 226 -44 -216 12 -54 -41 65 41 -74 186 165 -23 5 207 133 237 224 143 -194 -78 -172 -49 141 46 -191 49 -47 32 188 57 222 -37 -121 -211 -235 117 77 38 37 -90 215 -209 230 -81 -237 -6 -227 -31 -144 167 249 236 -242 -104 -150 17 -33 242 -43 210 48 -244 -204 -202 -117 91 -239 235 -123 -214 229 142 182 -224 155 19 40 134 243 -171 -206 85 55 -201 156 -64 137 -39 170 -7 -15 -66 -59 -138 -145 -188 -173 248 179 -93 78 -149 39 -12 -57 -192 -190 -21 219 128 151 101 -228 -16 52 107 225 120 74 145 -119 -42 -187 -114 -96 -46 213 -32 -198 86 209 -178 -50 -30 0 98 -52 -162 -19 197 -80 -107 75 -83 164 -147 -163 3 110 -127 89 -159 47 106 -94 33 64 118 -87 -182 200 -203 -76 -180 240 -168 211 -165 -238 -141 -34 -200 -185 116 -181 -130 246 100 189 103 -88 -58 157 113 -160 127 68 194 87 228 -176 -2 -118 176 -164 -223 227 -13 -61 9 -234 -24 191 -226 -183 -154 -91 161 239 1 -135 -218 60 105 -233 140 27 10 -161 181 154 130 56 84 -229 -139 216 152 -245 -116 -249 169 124 -196 2 -157 -67 180 -25 82 108 -210 -28 95 -62 212 -246 -1 -125 45 -243 187 -51 79 -11 13 245 61 71 -140 -45 -84 59 190 -222 7 135 -122 -17 -109 218 76 94 -26 173 36 -179 66 115 63 -136 -155 -27 223 -215 138 -63 -132 231 -142 30 -72 159 241 -195 69 -152 8 -128 -115 -240 -219 204 163 -148 -151 -169 51 67 -5 205 24 -40 -8 18 122 -174 247 -100 99 54 172 -120 -55 -106 -108 58 112 -212 25 184 150 192 -4 -156 -10 -231 -29 -20 198 -175 -153 -111 20 168 -170 -9 -73 -89 102 121 -103 148 43 -79 -199 -221 232 -225 -197 44 175 -48 21 -86 131 50 144 -102 -166 -146 80 233 -35 162 174 -241 149 -92 171 -60 -129 104 244 -232 -82 208 -22 183 193 214 -56 221 -208 -68 123 42 -230 160 -220 -167 -71 -95 -186 -77 -217 -53 -98 195 -193 -133 -250 -14 -36 147 -99 206 16 129 35 90 238 177 53 203 217 158 70 -18 146 88 220 -236 -189 111 196 -126 4 185 234 29 15 126 22 -131 136 72 83 96 199 -137 -65 -38 109 -85 -177 28 -101 73 93 97 119 -70 -184 -213 -112 125 62 31 34 132 23 92 
TEST 95 ARG:211 32 -91 137 -96 142 238 -160 -51 -145 -154 -159 -167 230 -109 150 9 -54 143 -170 37 -12 138 180 -111 -35 83 156 210 27 -71 -246 50 -162 147 -33 56 78 -190 205 -79 149 65 -63 15 19 172 108 -241 -175 -31 157 -106 -157 209 195 -36 4 -204 -20 -227 -191 -163 -248 233 199 -223 -230 132 -146 -98 71 194 118 -57 -80 -86 -209 198 237 89 60 -18 58 123 134 11 -165 64 -169 -137 -131 -211 -59 224 155 -110 22 24 55 160 113 -247 110 -17 228 207 -172 193 179 -179 -67 -44 166 141 -212 234 -217 244 -115 121 -73 -46 -45 43 -250 -19 239 -56 44 105 13 169 170 152 -158 -13 84 124 5 -174 175 -195 241 -120 -234 26 -196 -95 53 196 -2 30 159 -149 -24 -187 -22 232 -76 -99 -139 -90 226 189 106 -197 -130 63 227 -194 70 -201 -103 -225 -77 183 187 -41 125 -185 186 25 -5 77 161 86 -27 -207 -177 -198 146 -62 165 131 -39 112 216 -181 235 -52 -142 -69 -188 -42 95 -138 -189 96 -237 116 -43 -48 133 -34 79 222 103 -58 -136 190 -82 52 -214 -126 -72 168 -135 -74 -231 61 214 -226 -203 23 213 -49 94 191 -28 -3 8 122 -128 153 -141 -152 -11 16 49 21 182 59 -1 -118 -15 197 171 220 73 98 223 -219 31 -114 -4 34 248 -132 -37 -84 154 2 75 -249 35 206 -220 -119 188 -6 129 97 -101 20 -222 -184 33 36 -94 -87 -238 -147 -107 240 -26 -16 -178 -200 -206 -243 148 -8 -9 119 -202 107 217 39 74 -29 -182 -14 -156 204 151 -140 177 -113 -150 -224 -70 12 102 46 -85 -218 45 -30 -232 -155 249 28 229 -50 -100 192 -10 40 -173 -122 -199 -66 -164 -83 215 203 -108 -32 -65 -123 -55 101 10 -240 178 67 164 -213 -93 41 -166 -134 -112 176 -205 -60 208 -244 57 -68 136 -143 42 -228 117 -242 -92 91 247 -127 -171 -186 158 231 -180 163 -239 0 -192 -7 87 145 82 135 162 -151 47 68 -40 66 1 90 -215 51 76 69 128 -168 -210 242 -102 114 184 -236 -89 -208 -116 120 14 54 92 218 -75 -235 -233 219 -144 85 -117 -229 126 -161 -221 -38 48 245 93 139 236 -61 -176 140 185 99 111 100 -153 -148 202 201 167 181 173 -88 -133 212 115 -121 -124 -129 -245 -21 29 -64 225 80 -104 -105 38 174 62 246 -53 3 72 109 104 130 221 -97 -81 144 81 7 6 127 -23 -78 88 -25 -47 18 243 -216 200 -193 -125 -183 17 
TEST 96 ARG:6 -69 -141 -165 85 82 -172 77 113 167 68 61 51 207 2 206 -86 187 194 -16 155 193 -96 72 112 54 -76 -9 -15 -232 218 -93 -63 153 160 -25 163 29 7 14 50 129 -238 132 -116 -128 -49 217 -24 -201 -220 223 107 205 13 245 135 17 -187 16 -118 151 93 124 -213 145 168 25 80 -174 175 -14 140 -175 103 -139 -217 -154 63 -233 87 -88 -148 219 56 -114 8 81 -192 -47 188 39 116 -73 96 40 78 -101 158 -250 -185 79 34 -51 173 24 -168 -173 209 182 152 -62 -156 -125 -83 148 -58 133 -150 225 -180 227 37 154 73 240 -210 177 -85 161 -13 19 -209 -112 -92 195 -131 104 -132 83 -80 46 239 -1 59 105 52 -79 165 159 247 3 -60 -145 236 10 42 92 231 -153 18 203 -119 131 -242 -17 162 -71 249 -122 67 -22 -136 143 -144 248 45 -106 147 1 -18 -196 -124 -152 -105 -42 60 100 121 106 117 192 -84 -244 -239 -99 -212 -56 123 -243 111 -46 208 -197 228 -121 164 58 -151 -95 -100 -109 -31 241 -65 137 216 114 -23 -7 -216 -170 -36 200 -41 180 22 189 98 70 -75 23 -198 -12 -188 237 35 221 90 47 69 -133 -166 212 -77 186 33 136 -234 -186 -2 -246 -157 28 -123 243 -32 220 -177 -38 -52 -59 44 74 86 -164 -160 -107 233 198 -94 97 235 -33 99 -70 244 -135 -191 -5 -27 -237 -199 166 -44 -147 -231 32 -161 138 144 -181 57 134 125 -54 -158 -129 -102 -39 199 -120 204 174 215 179 -103 -178 230 232 110 185 -183 -143 75 -127 31 -155 91 -193 120 -146 -247 -228 -218 102 48 38 26 -74 -207 183 -35 -214 196 -245 -249 128 -3 64 -111 20 -195 -55 146 214 -78 172 15 88 94 -134 -194 76 84 -167 -8 201 -90 213 0 -205 -184 142 101 -115 -108 -204 -221 43 224 71 -215 -26 -6 -176 141 -235 -219 169 -19 -169 108 -91 222 -203 41 -34 -89 238 12 -66 115 -179 229 -117 -230 21 150 118 157 65 -182 -57 30 62 -50 95 5 -43 -202 -104 130 178 197 -87 -64 -29 -138 -113 181 -229 -211 -225 171 -224 170 226 -226 202 126 -130 -21 -37 -4 210 -81 -162 49 139 -171 109 -190 -240 -28 -241 -45 234 -53 -236 -159 -30 -97 -11 -48 66 242 53 -67 11 -61 -149 -163 -82 36 211 -126 -189 -248 -110 -72 -222 149 -98 -206 -40 156 89 184 190 -137 -140 127 -20 191 4 -208 122 -68 119 55 -142 -227 27 9 176 -200 -10 246 -223 
TEST 97 ARG:-6 -190 -119 -206 217 100 -219 38 108 -63 -51 243 -212 -7 -136 -151 34 49 -197 -204 -74 -243 120 -122 -182 69 124 -213 -126 121 87 -198 64 85 -32 199 -137 -64 -179 -230 -222 198 57 18 42 -61 -158 25 -225 173 -111 -67 -211 97 -218 20 -183 -233 166 -46 223 -5 -134 145 -49 160 240 104 -175 1 -53 -162 -226 -248 153 230 -86 73 143 203 -26 -90 169 -79 -165 77 -101 206 202 -80 -78 117 141 32 229 -242 92 -146 -153 -176 -50 83 -131 -106 -187 84 -188 -54 -172 -18 54 -103 -62 -231 131 -143 -3 3 210 -246 -23 71 111 -38 -69 125 -89 -42 -201 -37 171 138 -217 -30 -52 247 -115 220 88 -16 -144 43 95 -25 12 -141 -210 -56 27 222 82 -199 -41 67 -157 175 177 -125 114 -102 -59 213 35 17 37 4 -234 -34 -184 -76 -83 127 226 -249 101 -27 149 9 -33 -31 -91 -36 -191 -88 -145 144 89 -237 130 -11 232 6 148 195 -127 -105 91 -142 62 -15 147 -116 109 205 -107 -96 176 161 79 242 -123 106 -132 -99 26 76 139 -4 209 -114 -202 -108 -44 -130 -14 135 190 218 -77 140 184 214 231 36 234 -244 -35 98 128 -247 14 -104 -112 133 123 -152 -207 172 -24 152 191 -93 -205 55 -240 211 129 -227 159 -110 146 -81 136 90 39 60 185 -92 -109 30 -97 -72 -82 40 -156 187 -13 -45 -120 53 241 -239 245 11 -95 65 -17 75 -163 68 -117 -70 186 248 44 174 -159 233 -166 -171 -57 170 72 -98 -39 -113 -155 227 -241 29 192 246 208 179 167 52 80 -169 -250 112 -9 -1 -139 -170 0 155 150 51 193 45 -167 48 183 -223 -228 78 228 105 119 24 21 -66 163 -48 -12 182 -220 16 -121 61 56 -19 -40 -177 -189 -21 -174 63 66 74 58 -68 154 -245 -209 181 156 -55 168 -128 107 -147 165 207 2 31 -181 41 -180 -71 235 215 -215 115 -173 59 7 221 -8 -229 158 -75 -193 102 -65 204 212 -238 -224 -194 132 -196 99 28 201 8 -236 -10 -87 -29 -22 50 19 244 81 162 5 -124 13 224 239 -149 110 249 -168 -118 -221 10 -232 -192 188 134 -73 -148 -195 47 -133 194 103 -154 236 200 -85 118 196 142 189 70 -186 23 137 -150 -94 22 -28 33 -47 116 -214 -138 -235 -164 -203 157 216 86 -43 122 -185 -2 -160 178 113 126 -216 94 46 225 93 -60 238 -100 -140 -200 -84 -20 -178 96 219 180 237 -135 -58 15 151 -129 -161 197 164 -208 
TEST 98 ARG:92 232 -230 -177 140 -173 231 86 93 182 -30 -62 -231 -242 78 -76 -18 -66 -191 248 -99 169 139 207 -47 249 145 186 -25 184 -19 -55 209 202 156 219 -13 43 -164 153 133 131 -106 80 -74 197 -27 109 163 160 54 -84 -43 242 -91 -205 -93 -88 36 -16 -67 -125 -165 118 223 -12 -4 146 -32 228 -83 -244 135 47 -228 122 -86 110 173 206 205 124 -229 -221 -60 -31 -38 -85 188 222 -111 -139 104 129 3 -33 -246 196 -14 99 -144 -105 -100 237 -189 -137 224 136 210 -6 195 -120 164 -170 -56 -182 5 -50 -39 -233 27 216 -238 81 -42 194 -186 -131 97 62 -145 82 -9 -162 75 -102 148 -114 76 79 204 159 -232 2 -219 -215 -21 -130 144 247 -72 179 239 -121 150 -34 -240 220 119 165 -147 -227 16 63 38 -8 -176 -132 170 6 14 -239 -44 143 138 -98 60 -150 10 189 180 185 128 0 123 -187 -77 -226 -64 121 -59 -129 -109 241 161 -204 52 -156 181 212 214 -218 -213 77 66 238 154 -90 -22 90 193 -223 -54 57 100 127 107 225 -112 221 -214 -75 34 -175 217 -135 -17 -35 -65 -45 226 -78 -243 233 9 172 -148 -140 -180 234 98 91 29 -128 65 -210 24 56 -118 48 245 -110 -107 -146 95 22 40 71 -48 198 -123 -160 33 -159 1 -20 -80 -141 -142 -133 -2 31 244 -82 32 177 -154 218 -201 176 116 157 -70 -200 11 -217 -117 -89 -179 215 -178 84 106 125 229 -49 -196 120 -71 -241 55 -183 174 130 44 101 -127 236 45 -69 -101 -29 20 102 -163 -40 -41 -236 -169 -51 -245 -81 -136 -37 240 -193 74 -7 -195 88 -28 -5 -207 -104 105 -52 -174 208 -1 -168 168 -197 -161 111 115 199 -224 -24 -157 -143 117 132 -23 -122 187 -220 -155 151 -194 21 67 190 -250 -212 201 -234 -185 -248 -209 -225 -95 175 87 -26 -79 -198 -53 158 -94 211 -203 -113 -15 103 -158 15 61 -10 -61 -87 70 -208 42 -116 -97 -206 -151 89 -152 -68 -171 147 18 8 183 -115 126 152 235 23 -192 -199 37 -11 69 166 -149 227 7 25 -237 -184 -138 -247 -249 35 -134 -216 85 134 68 178 -124 39 46 108 -153 203 4 49 167 -92 73 -57 246 -73 -166 -172 -167 -211 142 171 141 28 51 59 26 41 200 155 -63 -222 230 12 53 -58 30 -126 213 -202 -103 -188 72 -108 149 -46 94 96 -119 192 13 64 83 113 -181 19 -3 -96 112 58 162 50 191 114 137 17 -190 -235 243 -36 
TEST 99 ARG:-35 70 -221 -18 -121 -158 116 -51 14 -92 -243 249 -212 -184 -68 -43 24 202 -71 33 -137 -166 91 37 136 -157 -84 -236 222 -58 -182 -216 -87 238 -104 194 -94 -102 221 230 119 -45 113 50 61 -57 95 -142 169 -8 107 12 102 31 -27 -80 -113 -34 69 -114 -196 173 -209 172 -125 228 156 64 189 89 137 -10 193 27 -78 -172 243 -204 35 18 -193 -54 -153 183 -167 49 223 87 -73 -240 72 -140 44 -36 208 -24 -225 140 -69 -42 -164 -46 21 -109 -163 135 -151 115 -60 188 216 225 -67 -59 -187 212 -97 121 -170 -106 -185 8 -126 218 73 101 -91 184 -180 40 -1 -129 190 248 162 247 -130 227 99 -135 -188 144 -213 -98 108 -233 -191 29 -190 -250 203 30 -33 134 -12 -37 -171 -86 -227 -134 54 -173 -11 161 -89 -132 -217 148 120 28 127 186 86 62 -41 -210 213 -72 178 41 -75 -47 109 -21 -95 -136 177 -83 -141 -215 -7 206 -63 -38 -17 10 -85 215 117 -20 -115 220 -112 163 17 164 -214 -14 57 -100 111 36 -249 -183 -229 -241 118 129 -23 74 42 192 180 -90 -6 -160 143 234 -237 -29 241 -96 -175 90 -26 211 -22 147 242 -31 210 -176 181 171 -203 3 -117 217 -247 -147 -28 -199 -201 -116 -93 159 214 5 -55 197 66 -235 -120 -52 182 229 100 -205 150 -162 -219 235 -88 -232 165 139 -226 92 245 -66 -177 195 174 82 -15 34 -168 191 -192 -245 -62 166 209 -156 84 13 233 78 38 -79 -122 122 240 56 -101 85 -32 -179 -246 39 153 199 -61 83 152 -159 -118 -76 146 -161 80 -4 -230 132 -105 105 -123 155 205 154 219 -208 7 23 128 -131 157 124 185 65 -77 93 207 81 45 -56 125 112 142 -25 198 53 130 -64 -39 79 51 -244 -128 179 -107 -108 94 43 1 59 -48 2 -110 55 75 224 158 -234 16 58 -13 -220 -53 -198 114 -65 4 167 226 97 22 -242 -19 -103 103 133 -127 20 232 11 -206 6 126 -200 -138 138 149 26 52 -211 -50 -174 -222 -9 -223 -5 -181 -119 63 175 -81 168 96 -44 47 237 -194 0 -189 -224 104 -133 160 123 60 -30 -207 187 -228 -231 -197 88 110 71 -49 201 -111 -238 -144 -145 246 -152 -239 48 9 244 19 -74 -148 -143 -139 -169 -3 -165 -124 106 67 -99 98 204 151 -155 32 200 -154 231 76 170 -218 46 68 -150 -248 -70 -195 -149 77 176 25 -186 -40 141 -178 -2 196 236 -202 239 145 15 -82 -16 131 -146 
TEST 100 ARG:41 16 156 4 -103 118 -202 213 -121 -120 -9 -197 -98 -142 246 197 226 243 205 -233 229 -144 -191 140 168 -224 -64 20 -243 84 -181 37 -154 58 225 -62 -49 120 -88 -22 -219 -146 236 -220 18 -10 -122 -187 -246 103 0 -19 -72 -86 151 142 234 185 176 -102 -147 19 -73 61 -76 198 -93 -138 -180 -114 211 -215 -217 244 -41 188 -163 43 -177 -38 88 65 53 122 -79 208 -221 -193 -56 40 102 144 167 45 -83 51 68 -223 -151 -127 -115 221 -14 -51 98 153 -74 57 190 62 -66 -189 91 -99 -140 77 -71 -207 21 85 -43 -16 -44 -152 -206 25 24 206 -95 -46 219 -160 11 -194 -84 -34 143 2 22 164 117 29 133 34 -31 15 -94 126 220 9 -4 -222 110 113 129 -7 193 -132 182 -143 50 242 -237 -18 -70 -231 -157 75 -25 -90 -21 202 123 210 -96 -190 -238 186 172 -128 106 136 231 141 94 1 80 -210 112 -159 158 -39 111 -116 -209 49 69 128 47 209 -145 -6 -166 -89 217 -149 -65 -110 149 -135 -185 -216 -164 -77 -57 89 -158 99 -32 -36 -108 -20 -113 125 32 -148 -80 233 -239 -178 -2 -11 -186 -75 -174 181 26 169 161 -162 -248 201 35 199 -61 -229 -179 218 137 66 241 -91 -124 -104 180 -69 -200 -55 -129 -26 -153 -137 138 105 -171 173 -226 230 157 216 -5 -168 166 163 79 70 -85 -212 33 238 -214 160 177 184 -48 -156 7 249 64 223 232 -1 -82 86 96 -50 -63 83 -161 -245 -225 39 150 78 60 247 147 28 90 170 212 -68 134 -3 207 183 -192 -81 174 95 189 -35 -247 73 127 -173 -111 131 178 82 192 -141 38 215 55 97 130 248 -40 100 -198 -92 -30 -52 5 -78 -175 59 203 -183 -42 12 152 -45 104 -240 -107 -117 27 -33 71 -199 -218 191 -118 -131 93 222 227 -126 -101 107 74 48 162 76 -28 200 63 14 -58 -106 -227 -205 -155 124 46 179 237 -242 44 -139 148 -169 -100 -37 121 187 -8 -29 155 -176 -54 -208 195 109 -23 -53 239 54 92 -204 101 -112 -150 -60 115 224 13 -109 119 36 196 114 -27 67 -47 -236 -130 31 -165 -203 -234 52 -105 -17 -188 -196 -170 -125 -184 -87 132 159 -123 -244 30 235 3 -213 -172 -232 -59 245 154 171 -67 135 42 145 -201 87 56 -24 -241 10 81 165 228 146 17 6 -167 -182 72 175 -133 -235 -211 -15 204 194 -136 -249 -13 -228 214 23 -119 -134 -230 240 -250 108 -195 8 -12 139 -97 116 
TEST 101 ARG:-71 -47 163 -154 -219 2 37 183 -82 58 -10 11 22 62 -230 -182 -153 44 103 -218 -186 -164 -72 -179 -181 -160 -236 -205 244 -60 -87 -48 239 -163 14 -216 147 -234 -199 206 -149 196 -58 242 24 130 -25 -241 -69 -28 -73 43 -131 108 -134 -144 -123 185 79 112 36 191 218 159 70 -65 -158 -177 205 15 101 231 146 96 91 220 -88 -207 190 -95 -80 211 -184 -217 -187 -50 -1 -169 229 234 26 -40 92 -54 -156 170 195 -165 -209 -118 41 -17 -210 -23 -221 -51 -55 -115 -240 143 -139 -136 -121 -127 8 -141 -46 114 86 -167 197 75 119 -45 84 157 -157 -35 113 -77 -37 -247 -114 -242 111 -215 -52 198 -21 -214 172 217 -103 -24 121 -120 -208 72 -108 -78 -34 213 -174 -155 7 31 -56 50 214 89 168 -119 39 -142 115 -213 -97 -57 241 -235 151 182 171 -91 -6 94 -96 47 -138 -151 212 -244 149 57 -222 -89 -9 -211 82 202 -101 -212 -20 -59 219 -105 -70 19 128 -168 -74 -33 -200 -145 132 -202 169 100 -175 -161 -90 -85 67 -64 -189 -188 -26 -245 -171 78 177 -100 -125 40 223 -183 -38 144 46 -83 209 145 45 140 124 -27 -238 137 61 -135 246 -8 51 -232 -94 35 193 -220 -206 233 0 247 74 -11 -201 90 -19 -148 236 -41 -68 -62 200 249 -5 -194 243 -170 -191 -190 59 12 129 224 -185 -15 97 -12 55 -29 71 76 123 156 10 -137 174 208 -193 162 248 3 133 -178 -104 150 -246 65 -227 -111 -67 -229 189 56 83 85 148 109 167 160 181 118 222 -3 -32 235 -14 -233 -198 21 13 27 120 -162 135 226 25 188 117 153 -7 -239 -146 -102 184 93 -128 -42 -110 138 16 -204 187 -75 68 88 -224 245 126 -140 81 -228 33 63 30 -93 -173 6 107 -112 48 122 -107 225 -192 -109 73 34 139 -159 49 87 -129 -124 29 -92 -126 95 -225 -150 -84 -2 -63 116 221 1 -250 42 18 53 -117 102 66 141 161 -116 166 5 179 -249 199 106 -18 215 -53 238 154 -203 -132 192 136 -176 -122 -99 -248 207 -180 32 17 -196 -195 -36 52 20 -4 -166 230 -98 4 -44 164 232 -76 194 155 152 28 210 237 -130 64 125 -39 -172 -106 -143 176 9 180 54 216 105 173 227 -61 -79 165 -13 -43 -133 -152 201 134 -86 158 203 -81 -231 240 99 -22 -30 178 -31 98 131 -49 -147 77 60 -66 -197 -16 -243 142 204 -113 -223 23 127 228 175 69 38 -237 110 186 80 104 -226 
TEST 102 ARG:94 73 -109 -8 -25 -165 77 89 -227 -153 -102 -97 -143 139 -118 151 -155 183 -162 43 -191 10 -106 199 -95 112 28 113 -78 49 -37 235 -125 -30 87 76 -31 -35 -234 -180 211 -98 -68 -105 171 123 135 -99 -182 -91 -3 84 0 168 -58 184 129 8 229 -82 -158 -89 -81 -131 -62 -185 -49 100 -145 165 -150 -184 33 -230 -225 85 -77 212 -34 2 248 247 -123 -223 -14 106 -188 109 -199 -75 -220 -74 126 40 -87 -17 -42 -4 50 161 -15 216 222 -245 136 -164 -47 -57 133 156 -79 24 144 -149 -22 177 -117 7 -240 142 -85 97 228 201 -27 138 48 157 -235 132 -156 147 202 203 -121 -200 145 174 -224 23 -206 180 -232 -114 -5 54 -130 191 -112 -101 59 -2 -90 190 -214 119 -71 72 207 88 58 -221 128 83 52 -133 36 -241 -120 140 143 208 42 131 -201 -147 39 166 98 30 -12 60 -67 81 -169 169 -196 -24 31 -189 92 51 -246 -50 -233 155 -172 69 175 -212 -159 67 -19 240 116 -54 53 173 244 134 38 -203 -69 44 193 -119 -80 -217 111 75 45 80 41 93 -151 65 195 -178 -33 -107 -53 21 -10 -29 -83 -177 -100 -236 189 103 -96 -72 153 -7 213 -186 -247 -243 170 63 230 148 187 -18 -56 6 219 -94 -218 -110 105 242 27 -40 194 61 -209 -163 172 160 20 -28 154 -48 -210 -45 -175 115 -207 -157 -51 -134 -161 -148 -43 146 164 -41 -86 107 13 227 102 118 150 198 90 -16 101 -244 192 -66 125 -181 -187 -44 -231 -168 159 -1 176 26 233 66 -138 37 234 -222 4 178 -215 196 -183 -195 179 -64 -55 104 46 -126 62 -228 96 243 -26 -36 17 214 -6 57 -108 117 108 -9 1 209 -141 82 -70 32 -237 -132 181 237 188 -124 15 -208 -52 206 -32 -190 78 236 16 245 141 3 124 -137 -116 204 127 18 71 149 223 -103 158 68 218 120 -65 -146 56 -197 64 -127 -135 -76 -179 246 221 47 9 -23 -171 197 239 -115 -250 121 -59 14 -46 185 -176 205 -216 249 231 -88 -167 -104 -136 -128 -38 22 -202 -61 -60 -226 210 55 137 -122 -63 -113 114 -129 -192 -198 220 -193 -160 163 186 12 225 -229 -11 -93 110 -239 -39 167 -111 -140 -154 182 162 95 70 226 74 -170 152 -211 86 217 215 35 99 -73 238 -248 -144 -21 224 -204 -166 5 25 -213 -152 -142 -194 11 19 -20 -173 -13 130 -242 -174 -139 79 200 -238 29 -219 -249 91 -205 34 241 122 -92 -84 232 
TEST 103 ARG:-165 -234 -172 -150 -226 -18 -131 -206 193 -147 -59 3 -6 222 -236 196 92 -163 224 242 139 -91 0 219 -123 -112 -63 -68 -184 221 -146 -9 248 -247 188 -196 -80 -248 -164 -89 -134 223 -212 181 74 11 -120 214 137 65 -139 -230 140 -20 197 152 -111 10 27 234 -97 233 75 125 -211 161 -240 -70 237 -171 -77 217 -32 -149 -33 -213 -86 -186 195 -167 16 34 128 243 -48 -154 -158 198 -19 -73 165 115 236 136 148 39 100 -152 -39 -202 -61 -145 -88 -173 -116 106 69 191 113 172 -162 -219 205 -179 131 70 -11 -79 -214 -41 -1 -13 -168 58 192 138 93 44 -127 -113 62 216 9 116 -204 -201 -199 -67 -29 66 56 -222 -180 43 147 -148 110 -209 1 157 -98 84 -22 91 13 -109 123 -178 121 -84 232 -55 96 112 20 183 -177 103 -121 48 15 -193 173 -46 -42 -72 -169 -220 194 -75 -45 -21 -92 144 206 240 -30 -224 50 146 35 -23 -64 -99 -100 -37 -94 -50 201 67 -34 79 213 -228 -132 187 117 -135 -242 -10 -203 -249 -82 145 185 97 -197 114 231 -159 228 118 -87 209 245 215 -189 78 71 33 202 124 45 212 102 164 7 -229 -122 180 210 -81 -166 109 -192 68 246 49 107 60 18 235 40 38 244 184 -208 8 37 -60 -105 -185 -24 -194 89 -161 239 -195 149 -128 46 -144 23 249 150 -250 -26 -243 -83 -241 32 52 14 -66 174 54 -62 -31 177 -191 -114 -221 199 17 -51 88 -181 61 25 -38 127 -35 230 24 143 -155 162 -140 -118 22 21 30 53 -225 98 -174 171 2 227 -96 218 -245 -151 207 -216 208 -69 -233 86 160 -27 -138 -4 132 203 111 200 90 -183 -160 -217 -102 225 190 87 163 19 -200 151 141 -65 -227 -190 -205 179 47 -136 226 6 -28 -187 101 -175 220 -36 -117 29 -76 -5 28 42 -56 229 5 -78 122 -232 64 108 -49 -137 -108 -44 166 104 -104 247 -223 -170 -119 -215 105 -238 156 -93 130 182 -106 -12 -235 170 -57 -188 -244 169 -141 126 176 211 -176 -58 142 -157 73 153 -133 82 -25 -246 59 -115 -47 -153 155 -207 -129 36 189 -14 175 159 129 77 -43 134 -90 204 -182 241 -126 135 -16 -95 31 -40 -54 94 -8 178 57 -2 -142 -237 186 -125 4 -17 154 -103 72 -3 -7 -101 238 -218 -143 -107 55 -74 -110 120 26 -210 81 83 133 -71 -52 -15 51 -124 99 95 -85 80 -198 158 168 76 -156 -130 63 119 -231 -53 41 12 85 -239 167 
TEST 104 ARG:68 -25 -88 -167 96 -109 18 -187 -55 -61 144 35 97 21 -39 31 -22 -6 175 138 132 -242 -66 164 133 13 142 183 -72 221 -124 -123 212 -221 -82 236 -185 -234 -4 -21 -118 -11 34 -42 -244 177 112 93 -197 203 167 57 78 134 59 -95 -162 80 -237 217 208 -202 181 158 58 -31 -62 -46 -222 62 -102 -165 -148 171 224 -13 165 -231 117 -34 100 -203 163 135 248 148 -38 -198 67 -51 66 -3 26 -140 6 232 235 146 180 63 -168 116 -103 0 -155 226 27 126 189 -239 -54 173 10 246 -161 -139 -169 38 -129 -249 -14 -158 -192 -160 -91 -110 168 -228 -1 12 -125 -47 231 -96 -57 152 114 -115 -126 -2 178 55 205 -214 -15 4 -146 209 -19 -17 210 -172 -56 -10 -184 33 -97 -58 228 -132 53 -213 131 -141 151 136 -166 71 121 -24 119 -215 25 -36 -183 46 15 -53 -107 -142 240 242 -163 -186 -211 -177 225 64 -101 87 -104 -45 -8 20 120 -193 -243 -128 -105 -241 230 -230 -229 17 -195 -98 -227 3 179 48 128 115 -135 137 84 -245 -74 -176 86 -69 -171 -133 -182 -235 -68 -60 155 214 162 207 191 -207 -179 103 197 127 -223 184 -87 39 11 77 204 -18 199 195 140 -131 2 206 245 129 -113 74 83 -50 32 227 -83 50 -23 -174 47 -112 113 118 -206 -89 -63 218 -99 200 160 -20 -196 202 -173 -73 106 -210 107 30 174 -52 -76 -170 -216 51 141 41 52 -85 194 -44 -152 239 88 -16 243 45 -190 -28 -80 222 8 108 36 -201 75 -136 -5 -154 -92 76 -81 -157 -94 150 -189 249 143 139 -27 37 40 223 72 -40 56 -164 -79 5 24 -90 219 -219 79 156 170 -180 185 -26 95 105 -117 149 90 73 193 -224 -137 -208 -41 196 172 -30 -106 125 -111 -43 123 211 241 9 -200 69 -108 -205 -250 -178 -191 14 187 110 215 -199 61 99 81 44 159 -130 -236 -100 220 28 -204 16 -37 201 -114 -159 198 190 -151 233 147 -71 192 82 111 -150 130 54 -143 -32 153 -127 -33 188 182 238 213 -226 -212 -86 161 19 94 -225 -153 166 7 101 42 -12 -246 -238 -119 186 -67 -248 102 -65 23 -156 -145 -75 -120 60 1 216 29 -64 65 -181 -138 -48 229 109 -209 237 -77 -7 -9 -84 176 91 169 157 -134 247 -35 104 -59 -116 -188 -93 85 124 -149 89 -144 -218 -194 -233 43 234 49 145 -247 154 -122 -147 -29 -232 -121 -70 -240 98 244 -175 -49 22 -217 70 -220 122 92 -78 
TEST 105 ARG:-128 -17 -117 155 72 226 -136 224 -103 -90 -208 -166 -225 -75 -149 -71 -27 -105 243 138 104 -19 -180 17 -159 -104 236 177 -77 16 -70 189 -143 74 -21 -219 66 -94 143 248 156 -42 127 -153 -163 174 -148 -242 -32 191 -43 207 -25 98 -188 121 27 -114 194 54 -101 203 239 -178 -145 115 -129 7 208 78 63 28 -243 200 91 -29 -89 240 -56 -147 -67 59 38 -125 -167 -46 235 209 -175 31 -23 -54 20 93 94 71 101 39 -24 232 -30 40 -100 -210 110 140 131 47 -209 -63 168 52 175 -158 -212 56 173 -87 -124 -6 -2 -184 118 58 -220 83 -142 158 -28 119 -116 5 204 86 153 -99 112 -34 116 -47 108 -172 -224 6 161 -66 193 186 -234 -110 -106 -189 244 14 -73 159 24 117 87 75 65 105 109 -169 -206 120 215 -119 -233 188 245 -249 202 -141 -250 230 -174 35 -138 -248 36 19 152 -156 -13 113 123 -7 -49 171 -241 -194 -72 -214 -230 -12 212 241 10 69 198 122 92 -26 222 -131 181 -59 225 -193 -80 -123 77 4 210 196 195 -36 -244 -247 -9 26 -65 167 43 30 12 -170 -55 84 -236 147 57 88 242 -84 50 -122 -160 -8 -14 34 -45 0 82 -78 -112 146 103 -1 73 -155 187 85 -121 157 -235 80 -96 -126 114 -91 149 164 136 -98 228 -39 199 -151 170 180 -246 -164 -211 32 134 48 172 160 151 -191 -157 -76 -51 -108 176 37 206 -196 -186 -57 169 223 -115 68 -137 -16 163 179 3 162 -245 233 -35 -48 -37 -68 -139 190 -88 -161 64 -171 100 97 9 -113 106 139 53 144 21 45 33 -226 -118 237 148 67 246 29 125 -69 46 -74 -81 219 -179 41 192 -207 197 70 -11 -146 -154 -229 -185 99 62 102 -228 249 -93 49 -130 150 -144 -150 183 -85 -222 145 -111 18 61 -53 -168 -120 -38 -232 -95 141 1 227 -40 111 -197 129 11 89 -181 -177 -152 42 -10 -109 -216 -132 137 79 -240 -97 -195 -18 -60 -223 184 -134 51 -64 -213 132 -202 213 124 238 -182 107 130 182 -41 201 211 -192 -162 -61 -127 13 218 216 220 -198 -86 128 8 -165 -200 90 -82 60 221 55 -44 -50 -140 -20 234 44 178 -227 22 -15 -190 142 205 247 -187 -107 185 214 76 -135 -52 229 23 -5 81 154 -92 217 -83 -183 -201 -204 135 -133 -102 -217 -231 15 -239 -221 166 96 -62 -199 231 -237 -215 -238 -173 -31 165 -205 -203 -4 25 -176 -3 -22 95 2 -218 -79 126 -33 -58 133 
TEST 106 ARG:-38 -73 -184 -199 -97 -183 53 -110 -181 55 -7 -66 58 -142 -212 40 -58 -88 235 218 155 208 230 114 231 36 -14 18 -59 140 -208 133 -27 -194 -231 232 193 192 -33 -122 144 167 -118 13 141 238 105 10 116 8 71 33 5 75 -104 -182 -242 92 -196 -174 -230 87 -115 -53 -108 -57 236 -145 -18 244 -195 -224 -36 -138 239 -225 -52 78 242 -189 97 142 -245 160 77 -34 84 -113 126 151 210 15 22 -171 37 44 249 237 -204 -150 -215 -45 -16 -234 -84 -15 -22 164 99 102 -125 85 47 73 -124 110 -156 -39 -51 -143 130 -202 -220 150 54 -13 131 -201 201 -50 -141 -236 111 83 -117 -19 101 -233 219 -65 -64 135 189 202 109 -177 39 162 146 -159 -140 -11 -241 -61 -17 -3 136 -80 -42 -167 -187 163 243 -23 12 205 220 -213 168 -12 194 181 195 17 -95 28 -249 -132 -91 -179 -168 183 -116 -75 169 -186 221 -155 100 199 -185 -209 -28 93 184 -63 -76 -81 187 -157 -2 -44 246 11 -26 227 91 204 -31 3 -232 43 106 -5 209 38 -121 166 176 -109 -211 6 -191 165 -160 79 -119 -40 107 216 103 90 -193 46 64 153 -101 25 203 -148 -166 127 82 108 -190 158 248 -69 113 -250 -161 74 14 95 247 -89 2 98 -78 -203 -112 86 -219 138 211 222 -172 -94 -128 63 159 214 29 -192 80 207 -197 154 30 196 7 149 190 119 -246 186 198 129 42 148 -162 -170 -248 200 139 49 -24 118 72 -4 96 23 191 -6 -244 188 -77 26 234 66 -173 -214 179 -20 -188 -21 -218 21 -49 -83 -107 -68 -210 -198 -99 -216 -48 134 212 -229 -8 -25 -29 56 -103 -60 -217 0 117 41 -135 -56 59 177 122 217 -136 -207 -175 -32 178 -55 120 226 -165 -134 51 -239 -46 50 -151 -144 -67 61 35 -9 104 -86 -85 -98 31 -100 -139 182 -163 70 69 112 245 89 60 -87 65 124 224 121 -178 62 68 225 20 -147 228 -200 -176 161 215 -235 240 170 -205 -180 -120 34 32 -149 -79 -137 229 -223 175 -127 27 -206 -228 128 171 -130 16 57 -123 -238 -129 48 -114 -237 81 185 -93 -30 233 -37 206 137 -102 94 -62 -71 156 -72 180 -169 223 45 88 -164 197 143 52 -54 -74 -92 241 67 147 -152 -105 -111 -146 -82 132 173 -10 125 -227 -43 1 -41 -96 24 -153 -222 -131 -226 4 -243 -154 157 -90 123 -126 -70 -133 9 19 145 152 -247 -106 -221 -47 -35 -1 213 115 76 172 -158 174 -240 
TEST 107 ARG:2 207 166 -174 248 13 -41 -159 -86 -5 -73 -138 127 -204 -108 -162 201 115 147 -176 131 69 -128 73 150 -148 187 12 -115 -21 124 -212 -110 -18 143 31 -163 25 -98 77 -56 -121 229 -235 243 48 -230 233 86 -122 176 -180 -157 159 -72 -74 29 -185 -182 141 -237 -124 -112 107 210 -199 92 192 -66 105 -109 43 -120 -145 -67 109 135 110 162 219 154 65 -209 -223 -249 -207 38 -181 -236 8 196 167 102 -222 47 -216 -32 -51 148 101 235 -167 -228 -130 -3 -15 138 -64 51 -42 200 37 -155 -54 168 79 -218 81 -169 -117 -52 -177 -61 -233 -99 226 -24 -87 153 -179 108 -84 221 -168 -214 119 220 -208 95 -62 209 56 -221 85 160 -166 142 -149 122 183 -160 88 72 68 -250 -7 189 117 181 144 231 -133 -175 -37 10 225 236 7 -53 -114 156 132 55 18 164 9 161 24 22 -57 0 180 -134 139 -248 -79 44 -39 113 -94 87 17 -173 45 -40 -178 103 -186 112 182 80 -140 -27 -247 71 -49 -118 -9 106 237 145 36 78 16 199 118 -141 -211 222 152 -45 -44 63 -152 -189 5 178 19 218 -205 239 -34 -77 -241 -123 -190 232 40 -242 -184 -194 -131 -1 99 129 -100 66 191 -127 -35 -203 -161 -231 93 50 240 -60 53 -50 34 -183 -244 193 98 30 58 -12 -55 -23 -220 100 39 -69 -234 -197 -101 128 3 130 155 126 -22 -196 -227 173 -103 -47 -25 -142 171 136 -95 -88 20 -193 -156 70 -26 -59 185 1 -31 -219 -147 61 -195 249 75 -33 -213 -43 -68 133 41 49 -151 33 35 198 163 26 59 -116 134 195 -29 -217 -4 -206 186 216 89 169 -165 114 23 -38 -92 -20 97 190 11 76 234 224 64 120 -82 -170 -187 175 -102 -137 244 202 -210 -226 204 -70 -6 212 -75 215 -14 -58 -80 74 -28 6 -111 -63 205 -85 -144 172 165 -201 -119 206 123 -171 -245 111 46 -96 -164 -215 -132 179 211 91 -78 -240 -36 62 -83 194 -93 -150 -10 -135 177 -153 32 -224 54 -17 -146 245 213 203 -30 84 -191 -107 14 197 96 238 -202 104 -158 -19 230 223 151 -113 82 -90 -11 94 -198 -246 -71 157 137 -136 247 149 -48 -65 21 -225 -238 67 -106 242 27 228 42 146 184 -188 57 52 -46 246 -13 -2 -105 174 -243 -104 -76 208 -229 28 227 -89 214 15 -81 -239 140 116 60 -91 170 83 -200 -97 -172 4 -232 -126 158 188 -143 217 -192 -154 -129 241 -125 -8 -139 125 90 -16 121 
TEST 108 ARG:36 162 53 52 40 16 -32 -54 22 -36 -83 131 233 180 -217 14 -136 -114 249 -103 12 234 43 9 -185 227 -45 17 -104 -233 -91 196 -210 72 130 60 126 225 237 -149 134 -191 106 -160 246 176 -169 -244 62 81 86 -80 -33 73 24 236 192 -130 -105 166 41 158 -111 -121 35 -89 199 -79 -199 61 -112 125 215 -165 244 205 -87 68 45 185 -133 95 13 -239 -147 102 -118 -74 -140 90 -69 -92 -34 -5 -241 -247 -144 97 -135 -39 -60 186 214 2 -110 145 147 161 -179 105 140 194 48 7 -48 -38 165 -47 -172 -1 -51 -26 240 46 83 -15 -235 235 -115 -150 -62 -143 -58 -50 -211 -134 -100 141 -19 89 29 -126 -138 -178 193 -76 231 -21 184 -209 -66 55 -200 -125 32 -186 143 -119 -37 -64 -161 -192 135 -141 93 76 144 224 -46 56 44 188 111 -222 202 115 -175 157 129 173 5 -131 216 212 189 116 80 -107 148 39 209 -86 121 99 160 222 168 -13 59 27 -162 94 101 -127 -183 117 4 239 -122 191 169 -218 229 -102 -246 -225 108 154 118 123 -159 -88 -93 -224 -145 -146 -82 -30 50 -70 -188 -234 -215 190 210 66 198 -189 -174 87 -227 -40 120 -157 -129 247 -49 163 -78 25 -101 -213 -142 -220 -18 -67 15 -151 6 -180 -24 100 26 0 230 -237 92 164 139 -198 -205 58 88 67 18 -106 228 -22 114 -108 -236 -153 82 217 -155 206 -73 -75 142 218 -195 -14 8 -4 133 30 -148 -2 74 -116 -228 155 31 174 204 -168 91 -216 34 28 -90 -243 -10 -182 178 242 -117 -193 37 107 -16 151 127 149 78 75 -77 -170 57 -61 -231 84 243 -72 -187 159 3 51 -166 241 -11 -173 -249 -238 -177 220 110 -229 -171 -226 -12 -190 124 172 21 23 153 -81 203 -248 -35 -152 38 -25 -223 -203 197 -194 146 248 -124 219 33 -204 -52 -245 -96 77 11 -184 -9 -17 -53 -206 -57 -99 64 -29 71 -97 49 207 187 -232 -42 122 -250 -43 -242 65 -201 -158 -113 -139 221 -41 213 182 152 200 47 -23 -31 -55 -176 171 223 -163 -94 238 -196 96 -6 208 98 85 -132 -71 -164 -65 -156 70 183 79 -137 226 54 69 181 -3 -123 10 63 -109 -84 -27 150 42 -85 -230 -240 -212 1 167 -154 -95 109 177 136 -219 -221 104 -208 138 -181 -59 -214 -128 112 128 179 -44 170 211 -68 -202 195 232 156 119 245 -120 -63 -8 201 19 137 -7 175 -28 103 -167 113 132 -98 20 -56 -207 -20 -197 
TEST 109 ARG:27 -233 -167 -236 209 74 105 -122 229 -244 82 -177 -26 219 -138 81 116 -16 63 -37 62 -73 -185 236 113 221 -175 67 -165 -137 -240 10 -28 -78 -235 -170 247 -120 -46 -21 21 42 -152 94 -243 95 -176 -168 178 -200 50 33 131 59 180 68 38 157 77 137 168 191 148 216 -182 -156 205 162 153 -15 101 -86 -17 152 -119 218 141 -171 35 78 -100 192 -178 -47 -114 -228 117 172 241 -24 -198 -192 176 -189 187 -204 -101 84 -224 29 118 210 5 -181 248 4 -217 -19 190 197 -51 2 -163 -134 111 206 237 196 89 8 -162 -103 149 -230 -29 -212 123 -88 -145 -188 188 -196 -57 53 -179 167 -38 -109 44 -174 -81 -201 -36 -108 234 -190 -66 -117 243 83 175 169 223 173 107 -55 85 -91 166 119 -79 -191 -136 -211 -8 -187 36 -4 -14 31 -207 154 -9 48 -142 -127 179 217 0 -94 -154 108 -125 -115 -193 -89 -124 -111 228 -147 120 16 -195 224 -68 -98 49 225 -183 142 122 145 -65 242 -226 -113 195 -56 34 -229 -246 -128 -7 246 103 -242 165 238 182 -223 66 -99 58 186 212 15 -48 183 12 -3 -54 -20 202 -1 92 239 -50 -87 13 115 -118 54 144 -158 -150 -209 -199 1 -160 -18 130 -249 -107 7 109 133 93 -239 147 134 231 -173 -247 185 170 22 -43 -208 -161 -159 161 -32 249 -133 -225 -95 136 60 -39 -186 -146 158 6 -227 90 -250 -70 -90 -13 150 -58 193 110 -231 40 -169 214 -33 -237 215 138 -248 -180 -63 124 72 -157 -75 80 -148 -112 -241 69 -215 155 -139 -69 79 96 -82 125 174 132 -129 128 39 57 164 86 127 129 18 -116 139 45 171 37 245 -27 114 230 -10 -12 -123 159 -213 -155 9 41 -141 -210 -96 65 201 -110 -216 -234 71 -25 25 146 -64 -80 19 47 -132 -126 156 -203 -218 14 30 -22 106 -140 235 -72 -149 -220 61 207 -245 -84 -5 -202 -71 -59 3 -11 -61 204 -2 -44 -144 51 -206 189 220 -83 -221 102 177 -30 76 -222 70 -74 -41 -232 75 213 194 151 -172 200 163 100 121 -106 -131 -93 -67 28 52 -76 32 244 112 227 -45 143 -104 24 56 -40 135 87 -164 198 99 -214 -130 -143 -85 -135 -102 181 -35 -153 211 73 -53 -166 -121 -60 98 46 26 -34 43 -52 -31 -194 240 233 -197 -6 222 64 203 208 -92 -49 -184 160 -219 -105 -205 140 17 -77 226 -62 23 -23 -238 126 91 -151 55 11 -42 97 20 -97 184 88 232 199 104 
TEST 110 ARG:114 185 -24 24 -241 116 240 34 -58 77 18 129 219 -177 211 4 -56 -12 85 150 202 -240 -249 -59 169 -7 -202 -173 -175 -218 -137 -110 134 227 136 161 -211 196 46 235 148 105 93 -80 -206 -67 228 -65 107 130 -70 -159 -195 119 -180 -141 26 -73 215 -178 51 -207 23 167 27 17 -158 70 72 -120 55 84 -209 115 -10 -227 206 140 -63 6 159 -130 -72 200 47 -204 -148 38 -220 231 -84 178 234 100 -164 -245 -216 28 -189 -166 -155 -167 -145 241 -192 198 111 149 -135 -217 60 -174 -93 238 -229 166 -244 104 61 -37 -172 -132 127 204 -74 -41 -163 164 11 139 -33 239 226 45 110 -208 78 -223 170 162 -17 -22 -83 -45 225 -112 146 -64 180 -116 192 245 -53 -133 -28 -111 21 -171 20 153 -129 -57 -151 145 35 121 -117 -69 -154 -199 -87 -103 233 -90 -62 158 76 53 87 -215 91 -18 36 0 247 -161 63 -188 -78 -119 -71 -108 -109 -43 -238 -200 52 15 113 -127 25 -105 -98 -96 14 -99 201 39 -16 -236 186 -35 230 95 66 151 -38 -198 -3 -89 -153 -230 -97 -231 -222 73 -50 207 5 -20 172 -118 -26 -60 -235 106 -29 -104 246 205 44 -197 9 -194 144 -239 176 -193 -181 -196 224 99 220 -36 -49 -221 -54 -219 174 10 13 -205 75 16 -168 221 -68 101 243 -214 83 -128 80 71 -187 177 -9 -100 156 -79 -232 223 68 -125 120 58 -190 216 -94 160 197 232 154 -165 -30 -157 -121 203 -213 126 152 32 125 -201 3 -115 195 -114 -134 -152 -234 -226 218 217 89 -162 -243 -48 -139 43 -225 -250 188 123 189 -212 213 -19 199 -140 138 -203 131 210 -248 -75 -107 -66 -113 81 103 -91 208 -76 181 86 -176 -51 112 12 -146 -5 -170 -237 8 41 249 -40 2 122 183 88 -95 147 -182 168 67 49 -15 -124 -92 108 -131 -13 -27 193 -11 214 -32 -34 -183 -150 117 57 74 -185 -42 137 -246 222 96 40 -147 212 -210 62 -179 -52 50 -1 69 143 1 -23 65 187 209 236 135 175 -191 -144 -186 179 128 -46 109 163 -101 -6 -31 -82 -106 -14 97 -149 191 30 -122 194 33 -2 -39 248 -44 -88 -77 237 242 141 142 -160 -224 92 155 59 133 7 48 -55 157 -143 -85 -81 42 -138 -126 173 182 244 90 102 132 -142 -184 -169 -21 -242 -156 -102 54 118 184 -136 22 -86 64 -228 -233 124 31 -61 190 -123 37 171 -4 -8 82 229 94 56 -247 165 19 -25 -47 29 79 98 
TEST 111 ARG:-44 -153 -164 144 -67 -111 207 43 -168 127 136 69 23 -89 50 -28 -107 -99 82 111 -178 -105 54 -174 -231 -166 83 198 56 -139 223 -91 5 -65 41 104 157 25 -192 -177 -4 2 -77 40 181 -18 -121 -239 -245 -31 59 205 -21 208 -17 -64 -113 57 -169 -16 35 246 -73 -133 -95 -14 -189 176 -62 -158 -226 147 226 135 90 93 -98 138 203 0 -58 22 -163 248 219 160 119 -26 -145 153 -199 -85 103 -53 -19 68 -35 -9 -100 -233 -110 86 129 62 -225 80 -218 -63 -88 235 170 53 -223 -131 -15 -157 234 -208 139 -156 -243 243 -211 -171 156 -241 -10 -52 137 214 39 44 77 -92 -242 63 -116 49 -112 -20 -167 150 161 42 38 -29 -57 101 -123 26 113 -229 -236 215 33 72 209 171 -36 -75 -93 -125 173 -8 132 -160 237 -60 151 120 -45 244 108 16 200 92 -247 76 -32 186 159 -219 121 230 -124 46 152 -138 117 -161 -114 149 145 -137 29 142 -109 78 -187 14 182 -159 112 -209 123 -205 -84 202 -148 -49 -61 -210 -186 13 109 154 24 146 79 130 -81 114 -130 206 -185 -108 -3 168 45 -248 -59 236 133 -155 96 -134 148 67 -72 -151 189 15 -1 -103 31 28 3 164 128 97 -150 -50 -101 85 -41 -234 21 -55 155 -230 -212 105 66 -180 175 107 -102 249 -143 64 143 -217 36 190 -232 48 -222 -203 99 212 247 6 -175 10 -74 61 -122 74 -221 242 -120 -13 -48 231 174 32 -39 -22 -126 -42 -238 55 -86 240 192 163 -170 196 11 201 -68 -12 245 -34 233 71 94 229 187 197 70 116 -82 131 -66 -213 194 -149 -104 -40 -135 -11 -136 -206 169 126 -2 -56 227 7 -162 199 158 -181 -250 -127 -38 241 -129 -94 218 30 -215 102 -6 -235 -204 224 -183 37 217 -97 -196 12 -172 184 -200 -106 -25 -194 134 98 225 125 -240 -24 124 -80 167 -70 -90 -144 -147 -197 210 178 91 -141 -51 -191 106 -69 -184 -190 141 193 -152 -119 172 162 84 -87 188 75 -182 221 -78 238 -249 118 51 -228 -202 -198 -79 52 -33 -117 -27 34 191 65 177 -188 -54 17 110 -207 -154 -96 100 216 1 -140 220 232 -176 -195 18 -5 -37 -220 4 27 -43 180 -46 -227 47 -142 222 20 9 -146 95 -7 211 166 -179 -237 -224 140 -214 -47 -246 60 -132 19 -244 -83 -173 -201 87 239 115 179 204 -23 122 183 185 228 -30 213 -118 -193 -76 89 81 8 -71 -165 73 88 -115 58 -216 165 195 -128 
TEST 112 ARG:-222 -240 213 -163 -185 238 173 -31 96 129 79 31 -249 -148 243 -130 183 -144 9 -65 -113 94 39 -181 58 5 242 11 -220 -20 -38 163 -104 168 65 -147 -23 234 -29 236 -135 193 2 -105 -238 -131 151 -142 -151 76 101 138 109 -1 43 -84 -134 103 170 -100 -244 -204 -123 -109 -79 -90 239 95 192 27 71 -216 89 -27 -199 -86 40 6 -150 99 37 117 -120 -11 211 141 204 -133 -214 215 140 201 -178 235 -17 69 -96 -21 245 82 -3 -169 70 67 -230 186 145 -33 -98 -13 -234 -153 179 134 165 -180 73 97 194 64 131 -149 78 -16 -45 115 -71 -162 -99 106 -171 -207 -225 -10 -4 -24 223 -59 12 -177 -85 -69 -64 -125 107 231 114 -75 -175 212 230 -242 -63 -12 48 -129 -196 25 36 17 116 23 150 178 68 45 149 -143 -78 -57 122 -193 20 66 -55 84 -9 -110 120 187 -121 -170 -168 -188 119 225 135 -237 -136 202 144 -132 87 244 158 -248 -77 -202 162 -201 29 -50 -250 22 237 32 221 13 228 -161 -190 -52 240 -223 -191 -157 63 -115 -82 -93 132 81 118 139 104 7 -94 -47 -226 75 182 -43 -26 124 -61 -247 222 197 50 24 -7 -15 -166 -212 174 156 90 -167 -182 -68 -126 44 -91 203 130 52 -218 33 -103 -74 -39 -232 -152 -141 181 217 -235 -146 -246 -89 47 200 -83 10 -67 105 -5 -211 -56 41 -2 -54 34 161 -73 56 -140 -102 -95 -107 227 -145 -25 -37 -229 -87 -40 191 -44 167 -228 -239 -41 -227 -210 -154 -114 -183 -36 154 -138 -97 83 205 38 -46 -236 189 30 232 93 214 59 -241 196 -208 -70 -186 35 53 -127 -172 -81 15 21 -42 185 127 123 220 3 -174 108 19 160 -14 -116 102 159 8 128 133 -137 -139 169 -112 -88 -106 88 175 -209 42 249 137 143 -159 -8 -158 -187 -118 207 85 -62 -28 -156 -219 -19 80 -165 72 229 16 -111 226 57 -101 -66 -119 -72 -203 -179 49 210 -215 -192 -117 125 60 -108 74 4 -245 -205 -18 -80 184 146 247 -160 0 -92 -195 110 -221 142 28 -22 126 -32 100 -189 216 113 155 -60 188 218 -51 157 136 -176 -231 164 219 153 180 18 -6 -34 206 171 199 62 -124 -243 -184 121 -76 -53 -164 -49 172 209 224 1 54 -233 198 -194 152 111 61 -35 -197 248 -48 -155 -128 208 26 77 241 -122 166 98 233 112 -173 -198 -206 147 92 195 -224 14 176 91 -217 -213 86 148 55 177 46 51 -30 -200 -58 246 190 
TEST 113 ARG:2 -59 213 85 176 -122 167 -167 -189 84 30 -128 177 -66 124 21 -114 -165 228 34 53 -164 -229 -87 32 -10 235 81 136 197 215 207 216 234 179 125 23 -245 -67 -28 -82 -35 -121 -152 152 -190 155 -175 -93 -156 55 190 201 -154 8 204 226 -60 112 -105 -134 -211 171 101 115 168 119 -111 -77 -88 -144 159 116 -173 -21 69 -132 -40 -30 -80 -103 154 -38 -148 182 -200 219 -182 233 225 -104 39 109 143 0 247 -107 141 96 105 160 -138 181 51 107 -18 65 -135 50 72 89 9 -123 -219 -41 33 70 -174 -227 -45 -163 -143 -54 -196 -102 90 203 80 26 186 212 37 178 -157 -14 -153 -4 -83 -220 36 -139 -216 103 87 -9 -37 129 -209 236 -233 79 18 -106 -168 -226 -141 -217 221 -244 -126 -15 131 -221 -204 11 54 94 165 102 -136 -250 164 214 157 -241 -195 -1 61 -24 -246 14 -146 62 71 -191 -240 -62 -65 170 12 -133 -158 146 118 -166 183 -119 -197 86 73 -120 -25 47 241 28 -5 -242 -192 -218 -55 206 244 193 -237 -33 198 -238 -130 24 -185 230 -64 191 -96 56 3 -145 249 -95 -69 227 -207 -223 -85 -176 -159 -56 -110 229 13 128 -171 -52 -187 117 -127 -225 -206 -48 -137 132 58 199 -26 83 -91 -198 -32 149 218 210 114 -147 -248 151 -116 104 195 -125 238 -16 29 -84 153 224 166 -112 -215 -6 209 -22 95 -53 144 45 156 -42 -109 -36 137 -44 162 -71 97 108 245 -243 -212 4 243 -99 -231 -43 38 161 -51 -2 31 63 67 -247 -140 237 7 10 -63 -162 138 194 -186 93 -178 77 -180 -79 -70 52 120 6 -49 60 -124 -46 187 -214 -57 150 -58 -224 -100 -228 100 17 -27 172 88 43 -92 -213 -149 -47 92 147 -181 82 -172 -73 66 185 196 -3 -160 -201 180 -117 -31 76 202 126 -234 -34 242 -210 -23 173 -108 19 113 -222 211 -86 -101 -20 -249 68 -155 64 130 248 145 -203 -236 240 -113 25 140 78 -184 74 46 -239 246 -97 -170 98 -142 -94 -150 -17 -230 75 223 -39 134 -118 42 122 -232 -115 22 -199 -205 208 -188 -151 44 174 127 20 59 200 -7 169 -98 -193 -76 110 222 133 -81 123 15 217 -131 142 48 -78 -68 135 -89 -208 41 -61 -177 -90 184 232 205 -19 40 1 -12 -11 -202 -235 -72 16 -179 189 27 -169 148 220 158 139 231 5 -183 57 -8 99 175 -13 106 239 -75 -50 -194 -129 192 163 35 121 -161 111 -74 188 49 91 -29 
TEST 114 ARG:131 212 125 -158 246 -40 237 -7 -26 -248 -76 26 224 -129 -182 -58 136 -183 -81 187 56 -41 -179 45 -204 214 67 -102 -124 242 164 58 165 -232 -108 129 163 238 113 -138 77 230 -29 167 -197 7 -68 -202 39 -169 -27 -171 -62 -91 -104 229 145 -131 28 141 236 -103 -100 206 -43 123 207 81 -203 34 -231 -161 188 -212 -189 -24 79 -220 153 43 -176 -52 62 -55 -216 155 8 31 -249 5 23 20 -211 -128 -11 173 -95 75 -118 197 -148 -93 -15 -222 -149 -144 27 185 -185 -246 -106 -25 -19 -205 -157 15 -208 -57 -244 68 16 -201 209 -80 243 226 183 -133 14 -53 13 154 -84 -74 -209 -181 -167 182 -147 152 223 190 32 83 221 100 -96 140 245 -97 48 -151 249 -146 108 211 -235 90 -3 -145 -31 171 99 91 193 103 -226 -192 -37 -113 54 234 199 -180 111 17 -237 101 -70 -214 -60 -139 80 0 -65 -105 -178 64 176 126 208 3 30 -153 -99 184 74 219 124 -228 -236 -245 -98 -198 -150 -196 -174 -72 53 -121 -213 -210 94 -79 -77 -116 -1 -193 65 228 -22 66 -190 -165 -111 150 -159 29 63 -89 117 -184 -9 60 44 -46 37 -120 61 72 135 -168 -227 86 247 46 -42 85 -217 -59 71 -239 40 -123 174 120 12 160 -191 -10 51 97 205 -30 144 19 121 88 -234 191 -219 -54 -221 -63 38 -6 232 -170 -56 -75 194 96 50 -163 109 -229 -17 -44 -50 -47 21 139 -112 -83 210 -88 -134 -33 172 -143 -94 -85 70 156 -20 -23 -64 -233 36 147 196 -135 189 -4 95 -48 9 137 2 6 204 33 24 114 -73 -82 -215 216 138 -90 -162 69 133 93 -242 -140 -92 -67 132 241 -194 42 -45 -164 -114 -51 -224 122 105 57 118 -247 202 -243 -154 47 -187 -195 -141 -8 18 10 -199 -101 -156 55 218 -130 -166 52 -177 -186 35 127 -14 41 203 -127 180 146 -36 248 -2 235 98 149 115 -137 102 104 157 168 161 112 -122 107 -119 200 22 84 159 92 192 -136 -78 -218 162 -110 240 11 166 -132 195 151 -87 177 181 -207 78 25 143 -160 175 233 215 213 -21 -71 87 201 -35 -38 -12 -175 82 222 -173 49 -223 116 142 -107 73 -16 106 -115 119 -188 -61 134 227 -142 -69 59 220 128 -28 170 244 198 -34 169 -241 -225 -39 -125 76 -152 -66 4 -230 148 -240 -155 -86 1 130 89 158 239 -250 110 -117 -32 178 225 -49 186 -13 -126 -109 -18 -206 -238 179 -200 -172 231 -5 217 
TEST 115 ARG:11 15 142 -177 -155 -237 92 -6 -25 115 -99 67 179 -176 -3 203 -47 -92 0 157 87 -217 145 205 -182 -110 97 -125 -87 -227 -49 55 -202 158 -104 175 -159 -96 -86 -207 108 -148 159 241 -129 -205 110 111 243 197 183 10 -201 184 -244 -24 214 140 -166 220 -173 134 233 -112 88 209 38 -71 -229 -53 118 -98 -144 93 -40 -197 -84 198 -57 239 -198 -134 188 -178 167 104 206 -174 230 -220 -31 -21 -206 -5 -108 138 -127 -135 -141 133 70 -9 -81 -45 221 73 -105 -114 237 -189 -199 -133 -243 35 -63 -151 -200 77 124 229 149 45 -50 231 -101 -249 -17 -180 -73 -116 181 -145 -240 50 -102 219 -126 -137 210 178 128 -1 56 94 -48 191 -28 113 235 -153 -246 132 33 -80 139 -113 -19 -196 -2 -194 130 -187 -46 -88 -74 105 126 -64 171 -76 -60 -169 54 -170 -29 -51 -27 -181 226 -90 223 51 -239 -212 186 -184 25 -232 166 -95 212 -213 -160 -26 176 18 83 189 48 37 -238 -37 -121 -38 161 -195 -165 -168 62 12 23 59 -79 127 69 121 82 -82 96 -13 -167 32 135 -8 125 26 -85 3 -34 123 5 -23 -70 -97 90 99 190 -111 19 -109 -54 242 187 44 200 177 -149 -22 185 -191 199 98 -188 146 -210 106 -72 -44 136 249 -158 217 -225 215 -218 122 -62 -245 -138 -83 202 -119 144 -77 155 -124 -147 -146 91 -154 -16 -69 173 -208 -242 -42 -192 117 46 -143 -14 -67 154 -226 -193 -43 150 -52 114 174 207 -15 236 89 -209 -117 22 -118 -12 120 -93 -56 81 232 43 129 -233 -163 -58 131 -20 172 -228 -32 28 -91 64 6 2 234 -66 24 -236 66 240 -214 165 -132 -4 -179 -142 27 -171 -156 116 -11 238 107 -224 57 -131 72 -103 193 244 -183 -94 42 -230 -219 68 246 -68 75 1 148 -172 119 31 109 -250 169 -157 163 13 201 -61 180 -231 -162 208 -140 -222 86 41 53 49 -75 -78 151 -120 -161 39 -41 -216 -186 -247 192 47 143 100 216 -107 137 -35 79 76 -122 80 -7 213 71 -36 -39 7 -211 -215 -130 9 245 17 58 -30 -89 160 153 34 -123 141 -221 -235 -223 -190 182 78 196 -203 112 194 195 152 162 170 -164 -175 -139 16 61 102 228 40 -33 -10 224 -248 95 52 -204 20 168 65 222 29 -136 156 -100 101 -18 204 60 -241 14 164 -150 218 -152 147 36 247 103 30 211 4 248 225 84 -55 -185 21 -115 -128 8 227 -234 85 -59 -106 74 63 -65 
TEST 116 ARG:179 -205 -23 -160 81 -101 12 69 -124 -76 34 -173 -72 -25 -115 -31 -250 86 244 50 -140 27 236 -247 33 -8 181 -198 234 -61 -38 -110 -213 187 -208 -22 -10 49 0 158 -53 -200 98 -246 -85 190 -108 226 -194 240 -203 -60 -226 201 168 217 67 -190 3 -143 -116 -210 237 -45 152 41 53 176 -69 54 -131 75 -211 -77 -174 59 -50 -100 -212 29 120 -39 -93 203 191 115 52 -42 -127 -215 -123 -21 94 -78 135 147 230 -209 -235 21 -244 17 96 -65 153 -28 -218 189 221 -233 126 -239 -104 149 -106 -243 -236 -225 -224 -91 20 113 90 208 79 105 -156 170 -26 88 -181 186 102 64 238 229 -217 -175 -46 -249 23 39 137 -83 -24 -2 -130 141 95 -95 196 -4 15 84 155 214 -9 65 136 130 55 93 -154 185 -47 -142 -196 -92 -245 -145 40 85 -102 -11 200 -188 218 178 215 8 -234 -195 -138 -12 174 150 -79 -189 216 91 239 -34 -157 -155 108 -178 182 -97 43 -177 73 -220 9 28 192 100 -192 -199 -87 224 110 134 89 36 225 167 -149 -48 57 106 -216 66 -202 -119 -84 47 223 -126 123 -103 232 246 -159 173 18 26 103 -191 -3 116 -148 249 -153 -15 194 -37 206 198 118 235 -183 146 220 -238 -88 -147 -74 -70 172 -29 25 199 166 -109 -222 -89 -221 72 -167 -121 83 -13 129 45 -180 -129 -113 2 74 -179 -96 -197 35 143 204 78 -32 -231 -168 -229 169 183 159 -5 -185 -201 109 -43 61 6 -90 -19 -223 -230 82 76 -118 148 -33 63 231 38 -56 188 -112 245 193 -227 -248 -107 32 -81 -117 -75 -40 156 -27 -134 46 68 227 -170 122 -187 -193 139 157 56 16 -120 161 -17 -6 -144 -132 -164 -16 71 -73 142 -161 51 -99 -135 163 -241 177 114 -67 -162 -122 -237 -240 -30 184 151 7 -66 -242 128 -166 -35 165 -14 -86 125 -111 -94 145 -62 241 -55 132 247 101 -150 154 -169 164 -68 48 99 70 243 195 -141 -64 140 4 117 -152 19 -139 30 210 -41 213 138 80 222 -128 -176 -206 -136 -105 162 -219 121 -82 107 92 -1 248 -7 -44 -207 -59 -58 -137 -165 197 -214 119 -228 -20 124 -51 -232 62 13 60 -158 -71 205 31 11 10 160 -18 -171 -133 112 212 44 111 144 228 -52 1 211 -125 58 171 37 87 -114 -57 -54 22 -186 207 -151 14 -36 97 -184 180 -163 -182 175 -98 209 127 104 -172 5 -63 -146 133 242 42 202 -80 -49 24 -204 77 233 219 131 
TEST 117 ARG:-81 -129 -123 -63 -80 -144 228 97 77 -105 -72 -229 -15 46 -5 -76 -214 -186 -116 -19 -138 -208 145 74 52 -152 61 115 221 168 -187 -41 136 206 -69 213 109 -170 -111 86 -108 220 245 -189 -176 -149 76 247 -250 -9 64 156 -171 3 87 -135 198 144 -60 26 -49 105 146 79 236 211 50 141 216 -162 94 -172 162 -133 -2 234 182 172 -66 21 -14 38 -167 124 137 -211 122 238 189 -212 -40 -82 -157 140 -203 -114 -65 -22 11 152 -44 -198 128 -209 -4 -31 107 -106 129 2 153 116 183 -200 16 -90 191 -192 -166 224 -7 69 -194 -184 34 -61 232 -38 244 -147 -245 -17 -210 41 125 -137 188 -193 12 179 6 -34 60 203 -231 147 56 -182 -56 -50 -67 -119 142 -12 173 -112 227 -85 -78 165 112 92 98 -225 55 -165 -35 44 106 -243 131 -1 111 196 28 202 -241 -246 225 -77 -204 19 -53 108 -196 15 5 -37 -218 185 113 193 166 -115 192 164 -110 -92 133 -190 -42 176 -29 -54 -18 -87 239 -173 167 248 -242 -188 205 -217 -227 -191 -195 -36 177 93 -197 -249 -121 240 1 8 -221 161 204 -161 175 -134 -125 78 -185 -98 -247 -202 -181 89 -88 -8 24 -238 4 249 -228 -52 -84 29 121 -199 80 -146 -201 208 157 -175 36 10 -237 159 -159 99 -30 230 43 48 42 186 -39 -64 -101 -28 88 31 139 -99 -95 -6 18 -136 81 45 199 -132 -177 -158 -26 201 -153 23 217 -27 -142 -94 -155 20 67 -233 -89 -68 -131 -248 -57 57 231 160 104 -109 -58 -183 -71 246 -244 -164 169 -93 -124 -51 54 118 -169 154 -207 209 132 30 53 -141 -117 82 194 -128 91 37 178 -73 215 -126 222 32 223 237 85 148 73 187 95 243 -205 110 -118 -74 241 96 -139 195 -21 -47 242 -20 207 65 143 181 -100 210 149 27 25 -223 -103 -168 -154 100 49 -150 117 197 66 150 62 -48 -23 218 -151 -180 39 -3 -148 17 -55 -127 -70 75 -45 47 -75 114 59 126 14 233 155 103 102 -160 -206 101 -174 -96 184 -107 70 -86 163 -235 -91 138 -220 -224 -222 -219 22 -143 135 -104 -213 -10 180 -79 -236 -97 -102 0 7 170 -239 40 84 235 -156 -62 90 -16 -83 190 -32 -145 -226 229 120 200 83 -240 134 -179 33 226 68 -59 -215 -113 -178 -24 -11 -232 127 171 71 -163 51 130 63 -230 9 72 214 174 -46 158 212 13 -43 -216 -130 -25 -140 -33 123 119 -120 151 -122 -234 219 -13 35 58 
TEST 118 ARG:-193 -204 -137 88 5 -164 -142 231 -99 29 220 -115 -48 244 175 -214 163 170 243 30 151 132 -239 -98 79 98 -30 -219 120 233 123 -203 13 -177 160 102 52 119 17 7 -63 219 70 15 -8 -183 -195 -136 -176 -233 -107 -246 62 149 92 90 -211 -180 -124 -19 229 8 -92 -45 125 -200 2 211 0 -117 148 -238 242 156 117 -41 -33 -96 -149 -54 192 -151 -145 -112 -65 -26 -143 -100 116 -57 -35 -184 189 45 195 -15 -40 112 75 -207 -225 55 50 -110 28 -240 171 -169 -165 197 -73 -178 -113 154 223 66 222 108 -44 209 -102 -182 245 143 144 225 166 216 138 -105 57 -197 -155 -104 191 -234 246 131 -133 60 118 224 37 -140 24 -209 -236 -190 159 -153 128 53 65 54 -226 -249 -248 -89 40 61 -167 217 -81 -131 97 185 -106 203 241 141 -20 89 -47 -235 -52 -186 186 -109 -122 162 -97 -192 -13 34 -171 71 178 80 38 -3 -18 -87 -156 -227 47 76 -126 63 -198 150 232 -212 18 188 -144 179 -152 59 155 -74 16 -241 -7 -71 -108 110 41 -135 9 46 240 221 39 114 -220 -123 208 -72 122 -114 -101 130 106 83 234 68 126 194 -128 -66 12 -12 -49 -37 25 -60 -90 85 201 -231 140 -132 206 56 -146 111 168 107 -148 -80 -78 -141 94 14 247 129 10 202 -32 145 48 -50 -79 -75 -36 236 -181 -64 23 87 1 137 27 20 -51 -111 193 136 133 26 239 -86 169 167 -229 -223 6 161 -163 213 11 183 -157 -70 91 212 147 74 124 200 101 109 -175 -68 -221 -67 -230 -82 -161 -170 -21 -185 -210 104 -208 249 -162 174 -43 -158 207 238 3 134 -119 -242 44 214 -150 -17 -154 -228 181 248 199 153 -139 -159 -6 176 69 -83 187 -160 165 64 146 99 230 -118 -25 -202 -215 31 -147 -216 42 -125 158 215 43 -91 105 180 152 19 -5 -129 -250 -39 36 -69 82 -189 -46 -4 -85 -10 218 -201 226 142 -247 204 -172 -196 -2 -53 190 182 35 127 -11 -28 -120 -84 -244 -116 -232 58 -59 78 210 81 227 103 -24 -56 -179 -9 -103 49 235 -34 228 184 237 -243 -174 -173 95 -42 77 21 72 -199 -245 -187 139 32 196 -76 -191 -205 -134 -29 -1 -206 -188 -194 51 157 93 172 135 -130 -22 -14 -217 -27 84 -93 164 33 -88 -224 -138 -94 100 115 -121 -77 -38 -222 -62 -16 -23 -166 -95 22 205 86 -213 173 -61 -55 67 177 121 113 198 -127 -31 -237 -58 -218 73 -168 4 96 
TEST 119 ARG:-213 167 11 -217 -172 243 135 131 13 -195 249 94 -4 -51 163 -136 -227 92 -127 -7 10 128 -25 65 19 114 -245 149 232 -161 112 235 -129 201 108 208 -86 -68 -94 -192 -204 -175 -165 -109 -157 -229 193 -88 -38 48 89 -168 224 16 -57 118 -189 136 52 172 8 205 -137 -250 73 -242 -2 4 -95 96 27 -193 174 164 98 -156 -220 117 -134 28 -120 -32 87 216 217 18 189 -171 -121 -61 -28 -232 110 -124 69 -100 63 -5 -63 43 152 84 39 -20 -11 -15 -207 211 -243 182 -208 -9 -24 202 -80 -113 -148 -202 51 80 -125 35 60 203 -77 -90 -41 22 231 -83 146 -178 233 75 156 -117 -142 -158 150 -205 -167 101 192 -59 204 -107 209 239 -46 -147 -111 -216 -224 -53 83 -55 -132 126 191 -73 -139 -210 -49 -81 -62 -72 -233 175 -99 176 -30 -79 -230 -19 72 -67 144 -218 -93 125 -212 223 168 17 247 -138 220 62 -27 234 40 41 -6 -13 214 -89 225 -244 76 -102 91 -163 -188 -177 106 100 6 159 -82 177 240 212 -69 103 213 171 -185 -186 26 66 -36 124 -196 178 -101 -159 151 67 -155 -221 -133 71 -64 -71 -8 238 -140 93 -154 9 -153 -194 5 142 -173 -23 -39 -112 153 -241 7 -122 47 221 -126 122 -1 -106 160 -60 145 248 215 -228 198 -169 -187 -135 -22 14 -201 1 245 21 -48 -239 -152 70 180 33 -108 200 130 -50 241 -40 -29 -199 116 104 229 207 139 107 -56 226 -160 -170 123 113 183 -162 -247 50 81 230 36 3 -65 24 -240 170 -190 186 194 188 23 115 -214 196 61 68 -206 -191 -35 38 49 102 -78 -149 -231 -225 -222 161 -176 46 -246 57 166 79 -31 -164 2 -26 -180 121 -219 129 -179 -181 165 237 228 -12 -18 -70 162 -174 -110 199 -144 -141 -14 -44 185 173 -114 -16 -84 184 -223 -166 -76 58 120 82 -98 137 244 218 -47 -128 -105 -33 154 119 133 210 -34 -52 -234 29 157 34 25 -118 -42 42 -238 -54 -119 -197 206 -183 55 95 138 222 64 -97 190 148 -123 88 0 -116 37 12 -145 169 -182 109 97 246 -184 86 181 -104 -66 105 -226 -3 74 -151 -43 141 155 -37 -236 -146 -150 31 -58 127 -215 -92 45 99 -130 90 -115 219 140 20 -143 -85 56 -21 111 32 -131 -103 197 -211 -235 30 134 -96 53 85 -75 -203 -248 187 -237 -17 143 132 59 78 -87 -200 158 -198 227 236 44 77 195 179 15 147 -45 242 -249 -74 -10 -209 -91 54 
TEST 120 ARG:81 104 -132 232 175 184 169 87 209 223 -37 136 71 54 -48 -111 -67 -120 -164 -244 -222 111 35 -211 -4 48 163 -69 61 -135 89 -51 -10 -229 141 156 22 -241 46 -232 158 114 228 -237 -205 207 58 233 -92 -197 -194 120 -186 -184 -168 -61 -141 189 -24 -35 -32 196 100 192 -11 190 -49 -159 -225 -98 182 63 -206 49 -22 -145 84 131 123 -152 -142 185 180 241 -66 118 202 194 -134 -90 -88 -137 183 96 92 -43 -81 -189 -93 -54 86 -249 -75 -29 67 164 -106 147 -242 3 245 205 83 -7 -47 152 -99 -179 -191 -72 50 -117 4 -103 247 159 -104 -50 -181 134 76 30 -13 65 -224 -185 -167 -213 -217 34 -64 20 -226 -148 124 240 69 -70 -220 -52 117 -165 24 132 -57 -124 55 -149 227 -17 -143 23 -97 -125 -155 9 -183 -41 -33 -146 -202 95 -207 -6 40 56 -188 -230 -150 171 36 -5 103 195 122 85 53 150 -208 214 16 33 -243 225 -79 187 -157 -199 -129 -110 42 -107 238 1 -36 -30 88 -112 -195 43 -53 -193 -63 -60 139 -101 143 107 -102 -200 6 213 52 145 138 133 -74 -68 11 211 193 -201 74 140 26 12 188 -1 239 -139 -204 -82 -46 -190 -62 153 32 -218 -94 199 -209 75 -227 222 231 -169 -140 -133 -27 -109 166 -28 155 78 -171 161 -187 -219 210 236 -71 -121 178 15 37 77 -214 -39 -45 25 -180 219 102 31 221 -234 200 -127 44 99 19 113 82 28 80 70 -84 64 127 39 116 126 -23 -247 -172 125 57 51 110 242 -236 -44 151 -14 101 -246 212 -119 179 244 176 -21 197 206 -91 68 137 -123 154 62 -158 41 -89 -116 109 -250 -173 -238 -161 -108 0 105 45 -8 162 -147 -239 -216 -136 -40 217 73 168 -166 66 -215 79 129 201 -240 -85 72 -78 18 -160 -25 -83 246 119 -182 -126 14 -26 -3 157 -248 -80 146 106 93 -96 60 235 115 172 121 -203 -170 160 170 165 -87 181 203 -231 -118 -192 -18 229 230 243 -73 204 -65 5 -210 -56 -138 -105 220 -58 -114 -131 38 216 237 -175 -154 21 -100 -174 -42 13 90 -15 -162 -223 -144 -130 -156 191 -20 -115 112 218 -9 -16 97 29 177 -38 -233 -19 144 -59 27 -2 94 2 173 -77 -176 142 167 149 17 -95 -113 148 249 174 -128 -31 208 -177 -86 98 -221 130 -198 108 248 -178 -55 -76 198 215 8 91 -12 -122 224 -212 59 -196 -153 128 234 -151 186 10 226 -34 -163 -245 -228 7 47 135 -235 
TEST 121 ARG:194 -84 179 85 128 -13 69 -28 -167 -92 110 44 -15 -147 174 -188 136 -20 -214 -146 0 79 164 -237 -82 -197 -35 84 -227 -30 14 17 41 -31 -36 -171 21 10 -178 -177 -112 206 189 50 28 -86 -8 142 -162 -134 207 -150 -229 -135 70 -241 -12 60 103 57 162 161 -41 6 -63 -130 232 -193 -111 -194 -98 83 -118 18 80 30 -239 -25 -93 130 -21 99 215 154 172 -16 -156 217 -132 132 216 146 61 -94 -81 -33 185 -245 87 100 66 49 -108 58 -46 133 32 -1 -26 -195 65 3 -17 200 148 235 -155 -192 29 -184 86 118 -236 -89 167 56 163 36 107 104 -100 9 149 24 219 -67 -148 115 27 112 -158 -58 248 -126 -77 -7 180 -205 -242 -42 -59 72 -141 122 53 -166 -249 40 196 -222 -129 -73 237 -102 199 64 -219 -179 141 -206 7 227 -173 -47 2 224 221 -183 -213 -91 -182 -160 -70 -131 -83 211 233 -244 131 -96 125 243 -169 20 -136 119 88 123 181 -50 204 -39 1 117 -57 -116 213 -235 111 138 -3 249 195 37 -221 -64 -180 178 25 -208 192 94 90 -4 -9 129 223 140 -230 -110 101 -54 -246 -10 113 -238 173 -233 76 156 177 -163 51 -49 -202 137 -76 -187 135 -198 -87 46 -115 242 214 -106 218 -224 116 95 166 -44 -72 73 52 -170 151 75 -123 144 78 -189 205 89 -18 184 124 229 -62 68 48 71 230 -75 -65 82 -209 93 23 202 239 -125 91 -55 183 -149 182 -88 13 -38 -14 -211 -95 222 143 -240 -138 175 246 190 186 102 -43 -48 -66 -207 12 -218 -165 -142 193 -243 -37 4 33 -199 -220 -127 139 -45 165 210 47 -143 236 -101 158 35 159 -34 -191 238 92 208 39 15 -56 -215 16 -185 -144 54 228 -217 -85 -40 77 -119 -133 63 -27 145 -175 -22 152 -212 -78 -159 244 -157 34 19 155 -152 74 -228 -216 -104 -161 42 188 203 -99 -74 -234 -200 150 -53 147 -196 -51 231 -232 31 -105 234 -23 -174 120 157 -114 5 -201 96 -154 -210 -19 114 -80 105 191 -231 -128 -71 -60 55 -250 -69 -153 127 168 197 -109 -90 220 59 98 -164 -120 38 201 212 -181 -172 -32 241 -186 -204 -176 170 -107 43 -223 -61 225 240 -203 126 -29 -225 247 -247 -79 187 198 -139 62 160 26 22 -248 108 134 81 -68 -190 -97 -24 -168 -52 -117 97 -226 -124 209 -5 8 226 -11 11 -113 109 106 -103 121 -2 176 153 45 67 -151 171 -137 245 -145 -6 169 -121 -122 -140 
TEST 122 ARG:-103 -142 -172 -181 -113 92 172 210 -81 171 -65 87 97 182 -197 -10 4 -135 229 -85 187 -77 -158 -133 -206 183 204 -5 -246 107 -201 -16 18 56 -156 -96 23 176 -242 240 205 158 29 78 -175 13 -71 -240 -13 -27 117 133 -34 55 -187 212 95 -205 -29 -132 137 -25 219 96 174 188 74 -243 192 114 -189 215 157 10 -51 60 111 -86 28 -112 61 90 51 -191 112 -105 -160 -118 -20 -178 3 6 15 -215 -100 -199 161 184 118 -94 66 194 160 163 -190 -217 -196 -93 180 -204 -129 -219 214 17 224 48 5 234 221 -39 195 94 165 -11 243 129 20 223 76 -176 -102 -136 237 202 -186 -108 -17 -212 -124 213 59 -131 -147 67 119 168 138 47 64 199 71 -70 -241 -32 155 99 -63 -235 -76 139 80 -101 147 -54 -229 -91 -95 -67 -173 -114 -165 -87 159 197 232 -237 236 -42 -164 54 -231 -3 86 -44 -24 -210 103 -146 37 231 88 -248 70 65 -119 63 -211 -222 -117 -192 -1 -57 -216 132 33 72 -31 -170 83 -218 -150 -84 226 -225 -151 233 -233 -98 -239 -115 8 149 -238 34 69 141 22 -62 -145 123 43 -155 -40 40 25 -28 209 -75 249 -88 52 85 -23 45 -9 102 179 -66 -36 -73 -109 -58 11 82 113 120 207 144 79 238 42 -163 81 -183 -92 115 -144 50 222 49 -64 248 185 -247 227 39 247 57 -214 228 -50 30 -69 12 177 -79 -26 246 196 146 -220 -179 -148 216 -174 140 -245 -49 241 104 186 -89 -38 127 91 19 -157 -227 -106 190 -15 -4 -120 200 -18 -99 245 -193 31 151 -213 -167 -140 142 -168 -198 -228 -208 124 126 -78 136 131 36 -236 -41 -68 -141 -59 189 -22 191 167 -166 -232 -60 173 -8 154 38 -202 206 -224 121 1 125 143 -154 73 -162 -30 150 -143 -35 84 -185 145 -209 -125 -230 122 32 101 -130 217 -55 208 98 -53 -177 35 134 16 93 181 75 -152 -47 -169 128 -61 -52 -21 27 -249 24 156 175 201 -107 -221 21 -46 -171 130 46 -223 108 -127 220 244 -182 -80 -194 100 230 116 2 -128 44 -226 77 162 -200 -159 211 203 148 198 110 153 -161 -195 235 -45 -33 41 58 -6 -138 -207 -121 -14 -180 106 164 -82 169 135 -134 -90 239 -12 9 62 14 89 152 -43 -122 166 -139 -116 -56 -97 218 -37 -188 109 -74 53 -104 -7 -19 -250 -184 -203 -149 105 178 -126 -153 7 -137 -110 -111 26 -234 -244 -72 -2 170 0 -48 68 -123 242 193 225 -83 
TEST 123 ARG:148 246 175 119 112 244 166 -39 -73 -33 -199 -106 212 47 -19 -191 -224 -99 -55 -80 130 -170 245 151 100 -11 215 -155 -114 -216 71 35 40 -228 -48 60 -238 141 -17 30 -133 -84 93 174 -157 -166 -223 44 -181 -108 -169 -87 -212 12 16 158 -16 -51 -203 -187 21 15 87 -72 -70 81 134 -204 -165 222 221 31 243 8 36 -65 110 229 -109 -97 -120 -52 -98 -118 -230 232 -231 -57 50 -22 237 -129 154 32 173 -82 131 147 248 -154 108 -250 99 -49 171 210 7 -35 -32 -50 181 78 -220 -15 196 -101 3 9 73 -205 226 86 -177 -150 -156 -74 -88 211 197 -67 -213 153 -221 -209 4 -34 49 184 104 102 92 -64 29 -115 -36 129 27 128 -162 -41 -110 -37 70 85 214 -127 -152 -54 77 200 88 -137 -31 -218 -200 -159 -189 -18 96 24 -244 220 -173 117 176 -61 225 -153 206 -4 -5 111 13 -78 -158 -95 89 170 19 189 -147 -77 45 -190 125 152 43 -104 41 -182 -9 -69 -175 -91 -144 51 247 207 37 -27 202 -46 188 203 -141 -142 249 186 -47 -232 -124 -236 64 -219 236 -76 -119 -192 -100 109 240 -148 121 -206 242 185 106 38 -2 -208 133 140 157 -122 162 209 -197 74 -26 169 114 18 23 -13 241 219 107 6 -214 -59 25 -58 216 46 177 -92 149 136 194 59 192 146 -227 -45 -247 199 5 -56 -241 139 -233 -131 190 56 239 11 -62 66 150 -121 54 -126 -7 208 -90 118 -38 187 -125 -171 -143 -246 -194 -237 132 -42 183 123 217 -229 -128 -146 -21 155 -43 164 -211 195 -116 83 -198 165 48 -40 227 235 -185 -134 167 -8 -71 84 101 -93 61 -23 39 -25 -179 -44 191 -1 -89 -12 14 179 -140 -234 76 -178 -66 75 -135 127 98 -186 0 17 -163 -160 -81 52 -130 -75 218 -28 198 201 -172 -225 234 -217 231 20 -107 -138 163 -248 -193 90 168 -249 142 65 223 -184 -168 -105 113 -235 -210 91 97 161 172 -60 63 122 -242 105 228 224 -183 143 -83 -167 79 68 -86 124 -3 180 -29 10 205 -245 28 -161 -113 34 -226 116 -139 182 -79 120 -180 -240 -239 -85 -112 22 -132 53 159 160 -103 -215 -14 204 82 213 1 144 137 233 57 -149 69 193 -201 -151 -164 -96 -111 -145 -222 -195 138 -102 -30 55 230 -176 94 178 -6 62 145 -20 67 72 -24 58 -207 95 -196 2 -10 135 33 -243 156 -53 -68 126 -174 238 -94 -117 80 42 -136 115 -123 -63 103 -188 26 -202 
TEST 124 ARG:-82 -93 124 171 218 38 5 132 223 67 -65 108 7 245 133 195 -47 -3 -95 -81 221 -106 -7 -22 -6 -18 151 116 -157 -137 187 12 91 34 97 59 -44 -51 -42 145 17 -149 186 73 -161 -115 47 103 174 114 -224 92 65 190 -69 -190 158 135 160 18 -227 -153 -35 192 -240 -134 206 -123 -116 25 81 -179 88 -15 -21 127 3 37 180 198 -141 125 -61 -75 168 98 78 -76 -212 -147 -85 217 -26 -142 -235 -236 49 -66 -140 48 -223 241 226 -130 148 -216 6 128 163 -100 -139 220 -72 -8 -219 19 -207 100 227 -191 -217 70 11 66 99 121 194 68 39 -68 181 -158 27 -174 106 -238 30 -104 -156 210 209 -200 -166 -70 213 -165 233 -10 -245 238 208 15 -37 -202 196 244 -99 -155 101 -167 -103 -203 157 -135 -218 -206 -187 -124 -112 -120 54 31 -80 1 -145 136 -114 77 -214 150 -79 -25 10 76 96 -228 207 -176 184 109 134 -250 239 112 -213 -50 41 104 53 -91 -118 28 -83 120 -73 224 95 -19 84 -40 -54 13 75 89 -229 193 -2 130 -41 -77 -204 87 -17 -181 42 -138 -90 -234 235 71 -12 -86 94 -9 202 -159 162 44 -249 173 -110 -225 -59 -49 -175 61 212 -101 166 -201 -211 63 -193 229 175 -27 93 -173 230 -28 -36 197 -30 -150 131 159 -163 182 141 72 58 129 232 -244 -121 -14 -172 -215 139 -170 -109 147 55 169 -24 240 -169 -127 52 4 -185 -152 33 -186 -119 45 0 29 83 123 122 247 237 -78 -63 155 -146 -230 111 236 14 23 -29 2 115 -48 80 -196 -34 -131 243 -241 138 -195 -108 -84 170 -194 -199 -144 -180 152 -247 222 183 16 26 -160 -151 24 199 -222 -162 -122 161 -237 167 143 8 -183 -92 117 225 -46 201 -105 234 203 107 22 -45 214 200 21 -208 176 -20 215 -164 -246 248 -221 172 85 -231 -56 191 -197 -128 -32 -177 90 -43 -129 -226 69 -74 -132 153 -96 -143 -182 -117 -125 9 51 178 -184 -205 -23 164 140 -189 -242 20 -188 -60 156 43 -102 -88 60 -71 -31 -33 -126 40 110 -178 32 142 -64 249 -52 -98 -5 228 242 50 -220 105 188 36 62 -168 46 -154 177 179 86 -97 -248 185 205 -55 113 119 -232 118 211 231 165 149 -148 64 219 82 -11 -57 -209 -38 -1 -62 -136 79 -239 -210 -113 -133 154 -94 -198 -16 -89 35 -13 126 144 -243 -4 146 -192 74 -171 -107 -53 102 204 -111 -67 56 -39 137 216 -87 189 57 -233 246 -58 
TEST 125 ARG:188 98 -54 -142 37 192 -14 20 199 -212 -112 105 -105 155 69 24 92 236 -155 135 15 -220 -127 -2 181 -10 -26 -173 -86 -231 -178 158 117 235 109 -66 -156 -97 153 -153 16 203 -199 123 -94 -57 190 -91 -69 115 142 126 -74 237 187 32 73 -104 30 -151 104 194 -7 -146 -103 94 49 59 67 -193 -33 81 102 35 164 -70 -210 148 34 122 163 88 125 180 -180 -80 -85 154 -235 -28 -205 248 -136 -24 60 87 -143 196 -167 -135 171 23 247 41 -170 0 66 110 -58 129 -6 222 -215 38 -129 -171 -82 -59 197 80 -131 -113 176 -202 -71 -11 -75 239 162 -164 124 -117 33 168 -154 -84 -8 174 2 -196 -88 -246 -239 -63 86 65 -244 -76 206 128 200 -99 184 111 -140 97 -169 -250 -107 150 -203 84 183 -79 29 215 76 -110 -198 152 -38 25 45 -36 -150 185 -43 91 -248 101 -17 -172 -101 13 -242 89 -23 133 -45 1 189 -233 4 -211 -241 27 -123 230 9 234 242 108 -228 -20 -19 208 -230 -194 145 -227 -158 -9 -42 -237 132 -137 120 -188 -175 -47 -48 -115 -182 246 -160 -236 -35 36 249 193 -174 46 231 51 -90 225 71 221 -124 -162 95 -229 175 6 -145 68 245 -214 241 178 28 93 42 144 212 -62 85 173 -243 151 118 -60 113 -191 -128 11 -64 -22 -78 -120 -245 141 10 220 -87 179 229 -3 137 -100 -27 -25 -49 -147 -50 232 -18 -206 -108 57 166 -13 161 39 207 130 -72 177 244 218 -224 -225 -102 44 -187 -114 -204 198 -130 19 172 106 186 21 -55 61 146 58 -109 138 209 79 75 -144 107 8 182 -44 -96 -30 -249 74 52 -197 116 -166 -83 -134 -177 226 -195 26 7 48 -46 136 -221 -125 202 -234 112 -119 -138 12 -40 127 149 214 103 -52 -21 -37 -165 -89 56 169 -168 -216 50 -67 -121 -219 62 5 72 170 -163 213 217 219 -157 -232 -29 -238 83 -226 -186 201 -189 227 143 -81 -106 82 167 -184 -161 -201 -247 -176 -222 54 3 -122 -149 243 159 -181 147 -213 31 224 -5 -53 223 63 211 119 -77 53 -116 -190 240 238 139 -39 -218 55 165 -159 -1 -185 -98 -73 -41 -223 -200 100 131 -92 -152 -93 -32 121 -111 156 134 216 -61 -148 -95 -240 70 -207 -16 -31 -209 47 157 43 78 204 -183 -217 140 18 -118 -208 -126 22 228 -65 17 -51 96 -12 -4 90 114 233 -192 -132 77 -139 -179 191 210 -68 160 14 -34 99 -141 -15 205 195 64 -56 40 -133 
TEST 126 ARG:-89 -179 104 -146 128 192 65 -116 -75 124 133 -87 114 83 194 -182 -81 -39 -109 230 52 -7 160 -134 -8 123 112 -150 -122 -111 24 -66 -173 -142 -243 -138 -143 -203 49 -34 -79 58 205 248 190 21 -174 97 225 95 179 -98 -84 237 -202 185 100 75 -240 142 -94 223 34 247 -123 -154 -162 7 180 120 77 195 55 -141 -29 -59 32 -96 -242 -140 138 -175 -110 -97 -44 -211 33 -187 -58 198 -113 86 20 107 137 -245 -213 219 212 105 239 149 43 -171 -250 -200 134 30 125 42 186 -14 233 130 187 176 172 -160 200 -92 80 146 -126 -62 -206 -214 -64 173 -186 241 68 159 102 10 229 155 -234 -6 135 -51 -192 196 245 -135 165 23 91 -167 -3 -196 -115 16 44 -103 -23 -204 -104 -9 -91 90 -72 -82 162 78 141 -183 115 93 -43 -205 11 -65 -25 140 214 193 -144 -112 74 197 121 -227 -198 217 -131 189 -11 -55 4 -181 -27 226 -74 82 -57 5 117 -37 -191 -222 17 -136 -169 -151 -148 89 216 -129 60 54 174 -246 8 79 161 148 210 215 129 9 -238 53 231 -170 -46 -190 109 -33 38 22 56 -121 81 -45 -63 13 203 -177 -50 47 -30 -125 28 96 -53 208 169 191 153 14 -166 -95 -137 -209 -26 218 -47 -78 150 2 50 61 -249 -239 -108 59 -32 62 -83 -68 -139 -217 228 -28 -48 -118 -155 -20 39 -161 -180 246 -56 -38 -16 -163 -22 -232 -156 -194 -153 -119 188 209 -189 222 76 167 -17 72 -248 -67 -124 -247 -207 238 -101 -226 202 -244 -178 -102 206 244 -61 113 64 -208 -41 73 178 -185 144 119 -127 -157 69 227 106 -106 235 -215 46 -70 -235 3 -193 -165 88 -147 127 -60 175 220 -12 240 -184 -71 84 221 -18 25 -35 164 87 -224 -132 -199 242 -128 -36 6 71 45 201 -210 41 -19 98 213 -152 -176 94 -219 132 249 154 -233 101 116 51 103 -201 -93 -76 35 -228 -85 110 -88 99 211 -195 -24 139 1 31 40 177 -42 183 -236 118 -15 152 -69 -99 -212 126 122 182 -225 -221 67 -77 36 -216 -114 0 48 156 -13 -5 -4 -21 236 -164 -159 145 166 -197 224 92 -1 -237 -220 85 -2 232 207 -231 -80 29 108 184 18 243 -188 171 -105 151 -54 -86 170 12 -73 57 143 168 157 -149 -49 -158 -31 63 -229 131 66 15 -145 -90 199 -120 158 -100 27 -172 -168 147 204 -218 136 -130 -117 -223 37 163 70 -52 -10 -230 181 -40 -241 26 -133 -107 234 19 111 
TEST 127 ARG:99 -14 189 -244 -143 -170 82 -46 -72 -195 -69 -102 229 -221 143 205 185 -210 -17 -97 51 -248 175 104 -23 1 37 11 -128 -56 244 211 54 -201 -152 -178 -155 174 186 -16 121 242 243 -172 -15 84 -35 3 -181 225 -216 -76 30 -227 0 -220 -212 197 108 88 -83 160 -57 17 9 -101 -217 -84 122 -188 40 67 -165 159 223 -26 -70 33 -140 116 168 29 -142 15 -124 72 -145 -163 -141 148 -161 -233 -44 136 -129 75 -147 -43 93 -96 238 -50 192 49 59 57 207 183 -228 222 -68 -4 248 237 -67 -139 105 -225 110 45 -186 -34 -49 -133 -30 -114 111 202 206 -200 130 95 90 -109 123 235 -18 -183 194 115 -154 -73 66 144 201 215 -48 52 196 -86 107 -242 -105 64 35 -226 -243 233 -52 199 53 227 -232 -175 246 89 -90 73 -119 213 120 -66 -158 -75 -117 -51 80 226 -189 -231 224 -108 133 -146 -41 -174 -39 249 -24 173 -61 -197 208 228 58 -193 203 -204 -111 -241 -137 -25 137 138 157 176 -249 12 187 46 -159 5 152 -36 170 63 167 151 180 56 -42 155 127 -3 -215 -123 134 -177 -209 -47 -29 -135 103 112 150 -2 -19 -82 85 195 87 -218 -157 -205 -166 55 232 128 -115 178 -180 69 162 -21 -78 -203 91 -77 139 101 113 145 22 -55 -103 10 24 132 -89 20 -171 118 -53 19 125 41 158 200 231 16 -240 -150 -33 -169 14 34 -38 -31 171 161 182 43 109 114 -93 -22 -122 -1 166 -156 -239 6 119 -45 -246 -110 -187 106 -37 -219 48 86 239 36 2 100 236 -185 -206 -88 83 -54 70 -98 -238 -9 -81 -130 44 -214 179 -27 -136 25 -149 -236 -60 -85 -151 -5 -134 -99 -202 7 -116 135 140 -121 -176 39 -91 -211 153 18 230 -125 247 -87 -62 -247 -191 190 210 214 -7 -190 74 217 -198 -100 -127 -224 219 -179 163 -59 -168 -13 -80 -104 193 -12 26 78 -8 142 -160 -63 146 98 129 -40 141 71 -199 -95 -235 -167 -79 -58 220 32 -173 -182 60 240 149 126 218 -65 96 13 -64 234 216 164 -113 23 204 -131 8 241 62 -11 21 -120 28 4 -32 198 131 -107 50 92 -196 221 -237 -118 147 117 184 76 27 -230 156 42 31 -74 47 -138 -192 -94 -208 177 209 245 165 102 -162 38 -10 -153 212 94 -194 -184 188 -148 -164 124 -234 -112 -144 79 -207 -223 -71 61 181 -213 -20 -250 81 68 -28 77 -92 -222 -106 -132 -229 -6 154 97 65 -126 169 191 172 -245 
TEST 128 ARG:101 108 10 149 -214 125 -156 -18 198 -27 -93 232 153 -16 -96 59 113 248 -53 -184 -220 79 -136 63 222 184 -128 -55 -177 58 -10 -250 8 75 68 21 4 -125 130 -163 1 239 31 54 -35 29 -104 -36 -11 -133 115 148 228 229 230 240 -34 189 0 179 194 181 225 123 -78 -233 -182 151 98 -69 182 -21 138 30 24 -180 -204 235 57 124 -155 210 14 -191 219 116 -123 -176 74 -74 89 139 120 166 -76 -219 155 -175 -13 217 -192 144 -230 77 91 111 -248 -237 26 -194 104 53 221 -148 204 146 -238 -31 -185 -154 38 196 234 -52 -164 168 55 147 -64 -61 105 -114 205 -241 -33 -216 161 -242 -51 -207 6 -66 -2 -244 47 -222 134 131 -172 -20 71 191 208 -223 -109 -141 213 247 -200 -94 -39 35 -83 185 -106 -195 48 -130 88 -59 61 62 -231 176 52 -187 195 22 -178 -65 82 -115 -97 73 -212 186 11 140 -29 -101 -144 -167 -151 83 -208 211 -80 -5 12 106 121 237 86 -131 207 -42 23 145 69 -47 -132 170 87 -249 -38 -68 -63 175 -17 244 -121 107 -9 -32 122 126 -46 -203 -50 78 -188 114 100 171 20 -159 160 -23 133 -102 241 40 99 156 9 -168 -179 215 60 -99 -22 227 -246 109 -235 -134 -169 84 28 -153 -15 214 -196 -209 233 51 173 -129 -232 -171 190 -211 169 192 -86 -236 -137 117 -226 -228 -157 -45 33 159 238 129 -95 41 66 56 158 177 -215 -105 -135 -6 -199 -81 76 37 3 193 -213 -60 152 -190 50 -62 245 95 -37 -138 180 -57 39 -119 45 132 42 172 -30 -127 -201 -243 136 -160 -224 90 118 97 67 2 135 236 -197 -183 242 128 -85 216 -170 206 127 178 141 -98 46 -82 49 92 16 164 249 25 -111 -227 43 203 -198 -25 143 -202 15 -162 36 -41 -150 80 -19 201 212 85 -193 -75 -221 -181 -124 102 -43 -4 -71 202 187 246 -120 -152 13 103 -118 -79 -247 200 218 -218 -87 93 -88 224 -117 27 220 -147 226 -89 165 70 157 94 -206 -28 223 -239 -112 -110 137 -24 119 -54 -90 81 110 -70 162 -142 -67 -40 -139 -1 -161 174 -173 -73 7 -48 -44 64 -149 65 -58 -240 -165 -217 -229 -146 -145 -116 -158 209 -84 72 243 -174 -3 197 96 18 150 -189 -126 -26 231 -107 183 -100 -108 -92 -234 -56 -12 199 17 -225 -143 -140 -103 -77 -122 -113 -166 -210 -205 -7 -8 163 142 19 32 -245 -72 44 -14 5 167 -49 154 34 112 -186 188 -91 
TEST 129 ARG:-197 -81 -159 101 -201 -46 143 216 -151 60 -245 42 -113 220 -242 -167 180 -82 -67 130 -125 190 -234 55 35 -175 44 53 -230 -191 -206 -27 -192 -235 45 82 212 142 67 -137 -32 34 -38 -144 181 -39 41 244 -210 -220 -80 163 -18 213 -26 -45 234 84 129 -158 -174 68 -249 141 186 -123 -100 -195 -214 -41 -85 191 238 122 230 28 -108 -135 57 202 25 -200 77 138 243 -209 153 -56 -233 -5 87 62 -112 81 -2 -160 105 -83 -111 -161 -139 9 -49 140 -87 -238 189 40 95 29 86 -145 74 -122 -231 -181 159 -232 175 -4 125 75 210 137 239 -103 -22 -226 -68 147 121 -64 73 249 80 18 -215 -13 -152 -216 27 -149 -77 -133 30 -225 -120 76 160 -237 12 -12 37 177 -40 206 32 69 98 -178 165 -142 -204 203 -8 196 15 -186 -146 -205 108 115 16 -236 120 123 167 207 31 -7 46 131 150 90 -155 -71 47 -15 -193 -212 -93 -129 -1 134 -30 204 -90 -29 -47 188 145 -218 -223 -35 -157 49 222 209 -172 132 -199 -165 -118 161 162 -188 144 187 200 50 -134 -79 -247 -219 172 107 -24 201 -98 23 83 -189 -169 70 0 -250 214 247 -78 133 20 198 71 38 33 -70 -228 242 -184 154 103 -202 -86 110 127 -163 -173 -196 -141 195 -50 -176 -54 -74 -217 -106 -55 -138 1 135 -36 -107 174 96 -72 -84 17 -208 171 155 -65 5 -148 231 -96 -31 -20 117 -156 11 -33 -48 48 148 146 -207 -62 -17 -89 170 -180 -150 -117 183 -187 26 92 208 -52 233 -143 139 91 -246 24 -166 151 -177 65 173 99 152 39 -203 59 -131 -109 118 223 -211 -58 -136 -76 -43 -42 -95 -11 -21 114 -240 -63 -170 97 -224 225 94 217 -116 -66 109 -243 136 211 -119 66 126 -23 193 -44 93 -126 -171 -154 -14 -221 58 -183 -25 -73 102 156 -114 149 -182 -94 -75 22 168 13 178 228 -128 112 72 -239 119 241 78 226 21 -91 199 -101 -244 54 -69 -37 8 164 2 229 236 -153 63 169 4 -121 -53 -16 106 64 246 219 -194 -222 -185 -19 194 184 -59 -168 -179 -198 157 166 224 -147 14 128 197 -99 -140 79 -130 43 111 -51 124 -213 -132 36 -115 -92 6 227 -110 -229 -10 -164 205 104 232 -60 61 56 -102 -6 116 19 158 3 235 -97 -28 215 -61 245 51 -88 -124 176 185 -241 100 218 -57 -248 -127 -9 -34 248 240 179 -227 89 -105 52 10 182 -162 -3 88 113 -104 221 192 7 -190 85 237 
TEST 130 ARG:115 -221 16 220 117 -16 63 203 -238 134 144 234 96 -186 -136 -134 -111 45 4 110 246 -13 -244 -211 224 44 75 -24 -190 26 -57 -100 -162 -236 2 152 116 83 174 130 183 178 107 -55 58 -206 197 -131 -145 -170 187 168 -82 3 61 -87 -164 -22 -38 -54 82 -225 219 99 -52 159 -117 -36 51 -6 -240 -68 -85 -44 -113 -14 -203 47 129 -102 -28 -120 -207 -10 -74 65 -43 227 -184 89 98 -209 -79 -239 247 119 70 -196 163 -157 222 140 -41 -191 128 131 237 -4 -187 12 249 191 -250 -137 -224 -132 -119 37 145 7 -75 -175 -150 13 -147 -35 49 -125 -169 -167 -88 -96 -80 88 -107 -115 118 -124 -241 -212 -25 -146 5 40 -49 -245 -227 -142 15 -217 14 -173 209 27 -64 -60 -143 52 19 214 241 143 -180 -185 36 64 165 158 -218 243 -233 -114 239 -112 147 -154 -243 -228 217 135 -27 97 -92 42 -104 67 161 -56 205 -171 94 233 -63 30 56 -174 10 -39 0 -182 103 -126 -204 -33 120 -223 221 126 -246 17 138 -83 23 76 105 -188 28 -222 -215 102 -205 213 -1 68 194 78 216 86 -248 -81 153 160 228 137 164 -199 -210 157 -51 240 -140 -156 193 25 232 -110 -105 -53 142 -197 244 188 66 171 80 146 -235 -141 -214 -65 189 121 -91 -19 -42 -69 -165 248 -47 -138 -195 -103 -231 -158 -151 -59 -9 -20 -71 -181 81 -97 -172 182 -133 -48 201 108 -213 91 112 -31 6 -183 245 139 166 92 -152 39 -123 87 170 34 18 79 -58 -148 101 -94 -93 8 -26 48 -198 -194 -99 223 84 -176 -30 -242 136 -166 -177 9 -208 71 202 225 33 32 74 180 -160 -34 123 72 -78 -73 -62 141 -66 127 198 169 1 -67 22 -130 154 77 93 -106 150 196 155 151 95 -178 162 210 -72 -46 -45 -202 -7 -18 109 229 73 111 11 -237 206 90 104 -101 69 230 184 -109 -200 114 -220 -127 -11 226 -29 -40 59 -108 -23 -50 53 54 20 -229 176 41 -128 -116 204 -155 -232 21 -168 -61 211 207 -15 242 -201 -230 208 50 38 185 175 231 -2 -95 -8 195 -70 -121 62 -226 -77 -12 -98 -189 -193 -17 31 -234 215 238 133 125 -159 -219 172 167 -118 177 181 190 -192 218 -21 43 200 156 124 235 -129 148 -84 -149 179 -144 -32 -122 -135 24 149 192 106 35 100 -90 -3 -249 -5 113 186 -161 199 -76 60 -37 -139 -247 132 -89 122 236 57 173 212 29 85 -216 -86 46 -163 55 -153 -179 
TEST 131 ARG:244 -74 -91 188 240 -221 -23 -44 -165 120 -93 -85 -64 -124 204 -119 -48 160 31 14 -6 141 102 -136 -170 64 99 155 197 -206 185 -18 -16 44 -38 -94 199 -110 -176 -195 -181 -198 20 71 162 -226 32 -21 -26 -101 177 52 116 23 33 189 183 -36 164 168 -80 -111 110 186 -242 -29 133 -13 -150 -228 -107 -239 -39 -122 151 -142 159 59 -117 193 97 139 227 230 105 4 -73 -168 17 166 -20 40 -98 62 -53 -75 -31 67 53 3 83 -219 -166 210 94 208 -102 92 -218 -62 170 131 -196 124 -207 -22 150 -241 147 -208 48 -12 -243 209 34 -82 218 121 137 165 -32 158 222 245 143 -188 231 -132 215 -186 220 -63 134 -76 157 -43 35 -34 -1 224 6 -163 -47 -178 103 63 194 -92 -179 -246 216 81 181 -60 79 187 -115 29 148 88 -81 -37 69 236 73 -240 18 -141 112 -197 101 77 145 -128 -104 7 225 -87 -187 -97 -113 -227 -231 -155 243 226 195 -11 -164 111 -147 -100 -192 198 108 -78 -14 206 -30 173 84 -84 -153 100 106 -140 223 54 -151 -66 0 239 15 -4 172 152 -159 -200 -185 -175 -99 -59 -248 -51 24 -77 -193 47 27 -70 5 -106 85 129 146 -167 -161 249 130 126 -143 -52 -152 41 -71 70 -108 -220 140 -244 -154 219 -146 -68 -58 -112 179 -8 238 -209 -137 87 174 247 -42 -125 -96 16 -235 182 -245 156 -199 74 132 228 39 72 154 -172 202 171 -138 115 -162 91 45 56 -182 -247 -173 -191 25 -157 149 -129 -148 -19 -212 -213 -250 -35 232 30 -121 184 1 -156 68 21 167 -86 125 191 -134 -25 13 -174 -139 75 -45 242 -135 119 -67 -210 163 200 57 217 221 -54 -57 -205 122 -230 175 49 -131 214 205 28 -236 -127 -217 234 -33 93 192 12 26 138 -88 -90 123 -79 176 37 -24 10 -225 -202 -9 233 -17 -50 61 -171 8 -116 -118 -234 -10 -69 80 109 229 -72 178 22 212 169 -103 117 -204 -149 -120 -109 -194 -214 -144 42 241 135 -224 65 180 114 248 235 -169 2 82 -49 113 213 107 98 -65 203 -95 86 196 38 11 -203 9 43 118 -216 51 58 104 207 -145 -229 90 161 -222 153 -5 -15 246 201 -56 -238 -233 211 -41 -160 96 -83 19 46 95 -158 -46 -133 -89 60 -183 -7 -177 -3 -123 136 -249 -105 237 66 -27 -40 -215 -126 144 -61 -237 55 36 -211 -184 127 -189 -130 76 -190 190 -223 89 78 -201 -114 -180 -2 -28 -55 50 -232 142 128 
TEST 132 ARG:71 -211 -239 -215 166 -170 -80 -137 74 172 -58 101 -42 238 -49 248 -244 -161 220 -179 -240 165 92 141 -74 -82 211 -136 -37 8 234 155 -226 -236 -115 89 175 219 -28 -120 78 -63 -106 137 31 26 -39 -165 100 -4 -156 239 157 -86 -88 -129 -17 184 -12 -56 105 -13 207 61 180 60 148 108 206 246 90 226 87 80 -95 32 56 170 189 183 33 209 -44 -27 -14 -113 230 25 -157 -10 -159 177 187 81 -146 -143 -182 76 -75 -77 188 -250 -55 -103 169 44 88 -198 -171 225 42 -177 -96 30 -162 247 -109 -31 123 -11 -174 205 20 -227 15 -116 -62 -234 9 109 147 -212 240 86 -68 223 51 -218 -83 103 -94 -127 -99 -209 241 -50 -35 198 5 -34 62 -169 116 -64 -110 23 -166 -16 -87 -60 -164 -72 196 -76 -196 190 186 -54 35 -22 181 -102 237 84 -118 -145 128 203 191 -200 140 -191 218 -151 214 -124 -222 -163 216 -141 -70 -25 -89 -223 -178 7 -237 -214 249 -97 122 135 119 -238 -93 -92 149 45 29 -117 199 -43 118 -210 21 -187 102 -101 -38 -108 167 114 73 231 67 -173 -32 -154 -84 -206 -186 -192 49 -33 151 -61 208 -40 40 -15 -66 144 -235 -30 125 -241 242 -36 85 -149 69 159 138 150 197 -26 178 -231 2 -21 176 -48 113 47 192 83 -90 130 -242 12 -6 -246 -139 124 53 55 34 16 173 -153 -175 13 232 -18 -2 4 59 136 120 -185 -213 -45 -51 -160 75 168 -71 179 68 -111 222 1 -46 -208 -203 153 94 200 -205 -73 -176 -221 -172 72 133 36 52 -224 -232 -3 139 -190 24 -123 -112 152 -119 -65 -98 -107 -125 -105 50 156 -155 18 161 11 -152 -194 63 79 -193 245 182 -29 -249 -131 -245 -24 -1 -138 -202 22 221 -180 66 -81 -167 106 93 43 -5 142 -104 -142 95 145 27 -183 143 -78 -150 115 -188 104 -181 -158 -229 -133 -233 -168 -8 10 41 -121 195 -122 233 -69 -201 224 243 -9 194 -243 -207 -225 117 38 -144 77 235 204 -7 -135 70 228 -53 154 213 -204 17 58 99 -91 -148 -230 3 193 -114 91 -20 210 215 -130 132 -23 164 28 82 -228 37 -217 -47 96 112 57 236 201 121 110 -195 -57 -248 -199 6 129 -247 146 131 -59 -67 0 65 19 -189 185 244 -100 -216 227 212 174 -219 98 54 217 -197 97 48 127 39 -147 14 134 160 162 171 -79 -85 -19 -140 -128 -184 46 -41 126 202 -132 -52 163 107 64 -126 229 158 -220 -134 111 
TEST 133 ARG:-167 -134 44 148 230 85 -42 -91 -123 -83 129 -175 -11 76 225 23 -215 -187 248 -74 36 94 47 -239 160 -84 139 -40 8 97 -125 32 176 -236 -161 166 220 107 0 -67 -192 231 132 144 -107 -53 229 -154 -243 -242 -76 45 -103 -155 101 6 83 -93 197 -196 -120 185 183 186 -195 5 208 13 -96 61 -2 222 195 -115 -12 -190 9 120 -150 -104 104 -117 -16 102 -244 -3 -144 65 -219 18 -63 -7 49 -135 127 -75 236 106 -37 56 88 -201 210 163 -182 -145 93 81 199 149 -10 42 -205 133 241 -29 -9 227 126 -119 -194 -129 -231 -130 48 182 -8 -170 -249 161 -133 128 25 152 113 -86 -164 118 16 157 41 -160 -59 -165 -112 40 -128 142 110 190 -138 27 -44 -126 -60 -230 -136 249 -99 -221 103 17 -56 14 68 174 -235 201 -106 -6 -180 31 116 -137 -109 52 223 -202 38 -27 172 28 -54 226 193 124 -25 207 -127 181 213 37 -102 -199 12 54 141 224 -22 -98 178 -105 3 -26 -111 70 -68 -189 -20 74 -142 -157 -5 82 67 117 202 164 69 243 -35 22 150 95 -49 111 72 -132 112 -58 7 244 -1 71 121 200 100 189 180 -45 -248 125 -19 10 138 -34 -241 4 245 -80 216 -108 -38 137 -14 -220 19 -197 -204 146 -71 -64 98 -31 105 21 -184 -65 -100 -203 108 26 175 -156 -90 -234 122 75 165 -232 -43 109 188 184 219 30 232 -238 -229 -33 -225 62 -233 79 87 -4 53 123 209 170 50 -62 177 -210 -141 -181 156 35 -178 91 -69 -217 24 -116 -174 -169 114 84 -140 -176 -28 -143 -88 -55 154 -30 -240 -146 -114 -211 233 51 -52 -94 238 130 -149 -78 206 -72 64 131 228 55 -173 158 151 140 -153 -206 203 96 205 155 -21 191 29 218 -228 -61 -41 66 -122 -237 -171 -15 159 -85 60 147 -51 -110 -227 46 242 78 -124 -226 -218 -131 -247 59 217 -23 -81 80 -97 192 89 -48 -213 214 143 -92 212 -18 1 -207 215 135 -186 -82 237 -214 -166 -216 2 99 -151 -200 -121 -50 63 -147 194 145 -118 15 -193 239 153 -168 171 -163 168 -212 73 -179 -185 221 235 -148 -159 -139 -101 198 -208 -224 -152 -24 -245 -222 119 57 58 77 -223 115 196 -77 173 211 240 92 90 -57 -95 -246 33 -13 -66 247 -46 187 -87 -113 -89 -47 -172 20 43 -79 -39 169 -162 -73 39 134 86 162 -36 -183 136 -177 -198 167 34 -191 246 -17 -188 11 204 -158 -250 179 -32 -70 -209 234 
TEST 134 ARG:-80 137 54 244 119 -236 204 -248 33 24 -64 -6 36 -179 -237 -171 4 79 -216 -95 -94 98 -126 -41 193 -19 -102 -224 143 124 10 -122 116 174 210 61 -177 141 138 122 -195 -3 -23 -213 145 1 93 -153 115 222 -33 56 -5 -133 52 -141 -2 -25 -29 -173 -172 125 128 234 19 55 -84 147 -207 63 -93 231 -35 -117 -241 -43 -158 49 161 196 0 127 220 135 -107 -221 -49 -215 74 -101 225 -231 165 238 -81 -159 -190 148 134 -38 28 -247 214 171 -132 -32 13 -74 109 -113 -34 -203 -124 107 -11 136 129 152 146 239 -88 195 -150 88 -199 -56 123 248 -120 -24 227 48 228 -58 -112 108 132 -89 191 -220 185 175 180 209 -249 -115 34 111 -229 199 -183 -200 58 -45 -66 -73 187 103 -205 -98 32 240 160 40 -31 -140 -187 190 21 -181 -166 207 -164 29 206 -51 224 149 -142 44 3 113 -240 65 -160 92 -212 177 -186 -85 18 -114 5 9 -139 16 -116 99 110 57 -40 -52 121 142 -54 106 241 -208 -92 235 -36 38 246 139 131 -83 211 -217 -70 -131 97 77 14 -1 68 -9 245 -168 198 -161 -76 -151 229 -143 -87 162 -118 -155 -48 -30 -75 17 -67 2 219 184 -145 -17 212 -127 221 -105 22 67 11 151 50 26 87 130 -144 176 53 -192 -206 -165 213 170 208 -119 -68 -27 -234 20 105 -163 37 47 104 159 178 -191 -69 -174 8 -42 31 -109 100 -169 140 -59 -14 -196 -55 182 -162 154 -250 -225 91 102 -154 -4 75 237 71 -130 -15 84 -157 -10 -97 -128 183 42 202 -239 -178 -233 158 -175 -198 -110 153 126 25 -238 -28 163 -194 -214 189 -91 172 -44 -125 242 -78 -39 -123 -135 51 -121 -222 -106 -152 166 89 -193 27 -226 118 39 -57 155 200 -246 -60 78 -137 45 81 -90 -103 230 192 83 72 80 205 150 -188 -108 -189 96 -62 -26 -204 223 194 -16 59 -111 -20 114 -149 -218 101 35 -244 -104 133 197 156 232 -46 117 73 -202 -37 -72 -53 -77 216 -138 -170 -201 -134 95 -100 -235 157 -185 243 70 46 -22 -148 -61 168 144 -50 236 169 -8 173 -209 247 -167 -21 23 226 179 -197 41 15 -176 181 201 -180 64 -7 -243 -99 43 -210 82 -223 -227 120 -182 60 69 -12 249 -136 186 217 94 164 203 86 -79 66 6 12 -82 -65 167 -211 -18 -232 -13 215 -242 62 188 -156 -245 -129 76 -63 -219 85 112 -47 -230 30 -96 233 -228 -86 -146 90 218 -184 -71 7 -147 
TEST 135 ARG:47 -25 -112 -32 -230 164 75 121 -146 -131 12 -51 -132 -155 -26 -15 70 232 -98 163 88 -249 -145 -7 178 30 85 -56 -200 -65 118 29 5 -52 -84 -90 -147 146 196 -124 21 112 2 77 124 201 -114 140 -123 33 -198 248 -209 134 217 -105 -38 -142 -152 218 222 57 192 95 223 76 9 -96 -186 221 -165 -37 -29 -211 173 -63 61 195 22 36 -116 181 -23 125 50 -83 220 168 111 -150 -45 17 -70 -69 -97 102 51 132 -8 109 126 241 -143 91 -22 -80 -140 136 58 -185 52 -241 155 -157 -181 -169 -136 14 148 40 24 -158 97 184 -189 243 -72 160 193 59 179 46 -244 198 -224 103 149 28 -149 80 -159 236 229 -61 -138 170 -156 234 -13 -168 -223 -57 -133 -234 185 -117 152 -1 -194 165 -183 224 62 207 131 182 81 197 -47 -206 -226 214 -120 -219 -53 -192 238 210 -231 202 94 26 -126 -208 110 86 -222 142 -48 228 92 141 226 32 -217 25 79 78 183 -167 63 -94 194 -60 -228 177 -91 -172 -246 -64 107 35 209 117 116 96 -75 133 175 247 -95 -127 38 13 144 -19 159 -173 -216 113 119 4 -199 -237 -176 37 -220 242 191 67 1 239 48 -214 -163 3 249 -134 49 -99 98 -85 -122 69 -238 176 -178 104 -144 -239 -248 72 -215 45 65 11 -49 145 206 -20 -203 -92 -6 -104 15 167 -110 -162 84 212 -119 -202 -141 -139 -55 23 216 200 -245 190 -86 -242 -128 245 -182 156 64 139 -135 -36 -193 -130 213 43 137 20 -180 -101 -103 -39 204 -108 -170 -179 27 93 -160 -17 -232 130 -40 -236 150 -87 -187 -229 -42 230 115 8 -2 39 -89 -243 99 -21 162 -59 -5 -188 101 -113 82 166 187 -14 7 -3 143 158 -33 -106 -111 44 34 186 -201 -151 -18 -43 -93 -54 -247 -233 -197 41 56 -79 -177 127 188 31 135 244 -164 83 233 154 -125 211 -175 123 0 -100 -9 -78 89 -27 -212 -213 -235 153 -205 180 -10 -81 -148 203 -161 -11 174 -4 147 -58 208 74 -107 -50 -115 129 -153 -46 -77 128 120 6 114 73 -74 18 -129 -174 100 -109 -195 -218 -190 -16 -67 189 205 -166 -68 157 199 -154 10 231 -184 66 -102 54 -82 -73 19 169 -227 -76 -31 -66 -28 42 -137 71 219 151 161 -44 -191 105 -210 172 53 240 -71 -225 90 68 16 -240 -35 237 -62 -207 246 -171 106 215 -118 -30 55 -221 -250 -24 -121 -34 235 -196 108 138 60 227 -88 122 -12 -204 225 171 -41 87 
TEST 136 ARG:141 173 216 -174 190 68 -119 246 129 142 -72 -138 88 80 104 -206 -77 -35 115 -101 202 117 176 148 137 -247 -7 -205 175 -169 -249 108 -25 145 -130 -123 -186 213 204 158 39 215 -137 62 10 224 -30 18 40 -171 84 218 -10 -60 -125 49 -166 123 7 93 -17 36 -129 122 79 230 19 -228 53 -245 -42 22 184 188 -159 133 -61 -226 -139 -33 179 59 178 -156 -49 -26 -135 41 25 222 24 239 -48 138 119 249 241 3 -141 164 -6 -124 1 -92 -121 31 -221 -118 -52 60 226 75 -239 -39 210 177 174 163 214 50 -220 172 15 125 -216 -29 131 95 235 -75 -201 -71 -199 -157 30 -62 -173 225 -98 112 159 29 101 236 51 -64 -89 2 -27 -153 64 16 -215 -23 -203 32 -161 -82 -24 -63 6 -5 -165 -120 238 -28 135 140 -18 -111 -83 -70 -172 -240 121 -234 170 180 12 -74 -149 -32 171 166 153 116 -188 -20 -233 208 -104 -44 240 -212 0 212 -140 57 196 -107 56 -193 -230 -217 -66 220 191 92 -38 144 9 245 -95 110 -112 109 149 -250 -69 -223 -185 232 -12 -73 165 150 -40 234 -94 81 -45 -84 -68 217 -110 -15 85 35 -116 -227 136 -105 -58 -108 -132 44 -208 13 -99 -1 248 86 54 -242 130 -51 229 -37 155 186 156 147 219 -100 -88 8 -235 -133 168 -189 -13 -21 -34 -4 -76 73 -163 -160 -178 45 42 -196 -154 -222 -144 197 91 139 65 -19 -115 -36 114 5 -183 -202 -91 106 -106 -200 -211 -131 -198 -158 -14 -248 72 247 -236 -8 237 185 -97 -56 -103 189 124 -22 -150 -168 -53 -128 187 52 -218 -237 223 146 193 -57 71 233 231 74 103 -41 100 162 194 23 -46 87 -197 199 143 67 38 -190 181 76 48 -143 207 169 198 -184 98 -59 -225 -244 69 -204 -195 -126 26 -134 83 -96 -155 -122 55 120 -2 90 -3 -117 63 -109 -78 -170 111 46 151 -67 17 -176 -90 -81 134 89 61 154 82 126 20 243 183 77 167 -177 97 94 -65 37 -11 107 58 4 221 -50 201 21 14 128 -127 28 227 152 -194 160 161 -80 -232 -87 102 99 -192 206 -175 105 -213 -231 211 -210 -145 70 -214 -102 -147 -243 -136 -148 11 -164 -43 -55 118 -31 -224 -182 127 -146 -113 27 96 -142 200 -47 -85 -16 -179 34 203 132 -241 228 182 242 -162 -246 192 -180 -187 -219 43 113 -152 -93 66 -9 195 -229 47 -181 205 -191 157 -79 -207 33 209 -114 78 -167 -151 -238 -209 -54 -86 244 
TEST 137 ARG:-74 103 -211 -73 140 -60 220 142 41 132 35 -91 -21 -99 -194 112 121 -140 230 50 197 -45 -41 -27 212 -102 129 107 -13 -170 19 194 80 236 216 214 -68 55 195 83 -87 211 1 48 -159 -113 190 115 209 29 -71 161 -245 -115 -50 -246 52 -235 -250 -230 238 -96 84 -38 68 42 -184 66 -187 -86 156 -67 20 -93 86 -62 -25 -51 125 6 -33 75 -46 -163 -14 180 182 196 99 243 246 152 155 -153 148 7 -168 -146 203 184 226 -207 -17 -34 33 -69 56 -116 -152 143 232 71 49 116 -196 -136 -42 -8 26 -109 210 -248 130 198 168 164 -89 -161 -236 102 78 -227 40 -35 151 -138 222 -201 -48 135 -22 105 223 -56 160 30 -206 -61 -23 229 -155 -112 187 237 -111 57 -82 -30 141 -105 178 -107 -66 85 -239 -143 -210 27 173 -1 -75 -234 76 -198 -83 -104 -226 165 12 -40 -5 74 169 -233 16 106 -195 45 -224 215 -209 -147 -124 245 43 2 0 -78 90 -84 89 -106 -24 -63 228 34 -28 -156 82 -58 -6 -2 117 -103 -137 181 247 -29 18 146 -88 -131 -237 -149 -95 235 147 -90 -15 -94 -31 -204 -164 -243 -123 -32 188 81 233 -200 -118 -197 -175 53 -191 158 14 -167 213 -76 -148 208 128 131 -231 200 79 69 -199 -128 -157 159 118 139 28 62 192 -100 206 -20 -130 189 -121 -4 -203 -132 -216 88 100 23 163 217 204 -174 227 -16 199 -54 37 241 234 31 64 47 9 -3 -119 58 -101 8 -176 193 205 39 174 108 -53 -64 87 98 -7 126 25 -108 -79 4 -77 -238 63 -26 179 91 134 -80 240 -81 -172 170 244 -120 137 -193 -218 -182 166 -18 -127 -212 -241 183 -144 176 -134 77 -37 95 110 -139 17 138 109 120 -43 92 -133 11 -110 122 97 231 -202 32 -158 101 150 -166 -10 21 218 171 127 113 72 -169 3 -141 -19 104 201 -249 224 65 24 54 -151 -190 -125 175 -39 -59 119 207 136 225 67 -142 36 -223 -57 5 167 221 13 186 -12 10 -98 177 239 124 -160 -217 242 145 -154 -232 157 -215 -85 -181 154 -173 -180 -97 73 149 -240 -186 249 61 123 70 94 -221 219 -162 -117 -247 -129 111 -205 -145 -225 -189 202 144 133 60 -65 -52 -178 38 -179 -55 -244 -135 59 15 -185 -114 -72 -165 153 -222 46 -11 44 -214 -150 162 -183 -220 96 -47 -70 -177 191 -171 -9 -219 -126 -242 51 -213 22 -122 -49 93 -228 -44 -208 -188 -36 248 185 -192 114 -92 172 -229 
TEST 138 ARG:4 65 -78 68 -187 185 238 213 -2 142 -118 -97 162 87 34 208 93 5 109 -59 159 202 82 -128 33 -181 -162 246 -16 -131 154 81 -249 -235 96 77 228 -165 239 -87 -92 -29 -12 216 207 -146 -245 -28 -58 -113 -143 -168 196 -70 193 -110 90 9 132 124 -3 -132 -194 -86 232 13 245 -237 70 -199 -35 247 138 -22 178 229 112 30 23 199 197 122 139 -231 170 180 2 203 -55 95 -184 -215 -71 157 7 179 0 -123 -11 -37 -167 60 217 -68 -206 39 -219 111 -201 8 -180 43 -18 153 -226 59 -129 -25 -223 -57 -173 215 94 -77 -144 -243 -40 -21 -88 89 69 205 -91 181 -80 -120 -121 -135 -216 -241 -112 -152 -150 -151 190 80 140 -159 -222 -218 123 -102 -104 -191 127 -47 103 -192 -200 -183 149 48 -72 -34 -89 98 45 12 78 -82 -217 222 91 -182 40 241 135 -208 -124 -198 176 -24 54 -65 -4 -139 -119 192 227 155 3 235 -54 72 137 128 -211 -51 211 -158 -244 194 27 -186 53 47 198 -190 -175 175 151 -240 152 -148 71 -69 -107 242 -111 183 -179 244 41 233 -49 -149 37 -66 -46 -174 231 29 144 -224 131 -61 -169 177 223 -13 38 50 -178 130 -116 -64 -67 -156 -145 166 -98 -103 -225 1 36 129 125 120 249 -248 110 21 -36 -164 147 -166 85 -238 66 24 118 75 -155 167 -95 -27 172 -127 -50 49 -93 63 -204 225 -73 35 64 62 -26 -23 243 160 -31 -197 -233 18 -247 -79 56 -17 115 -53 25 -212 46 -227 -52 57 -76 212 -221 -161 -39 -75 -176 165 186 -105 -210 -5 -170 171 -209 113 -20 -15 -115 106 -246 -45 86 100 -108 -109 206 -126 -205 88 116 214 107 230 55 169 -106 -6 -44 226 -141 -48 164 74 -83 -100 240 -10 19 -136 14 150 221 158 84 -153 148 173 210 -196 -101 218 76 16 -214 108 -230 -96 136 97 -163 -1 79 -202 133 141 -63 -33 -117 189 234 126 -134 11 117 83 17 101 -157 61 121 -220 156 248 -172 -9 -84 -138 -8 195 236 -203 -188 26 188 -229 -154 -62 146 -177 187 -130 -160 -195 -250 -7 -90 119 220 -193 204 -43 -142 -171 -99 -85 -81 32 -140 -189 -185 31 28 -147 145 99 58 237 184 209 10 -32 168 -213 -30 -242 114 -234 -239 -60 -41 -125 -137 -42 201 200 6 -133 -74 104 20 134 -236 182 -14 -38 -122 161 51 42 67 -94 163 -56 -207 191 -114 52 -19 105 92 102 73 15 -228 143 219 44 22 -232 174 224 
TEST 139 ARG:-13 -151 131 -39 -183 -217 49 75 159 242 145 126 226 -2 197 83 166 236 211 -147 177 127 -129 106 -157 232 -120 147 78 10 -67 -61 -126 55 -71 -91 -135 -31 70 -144 -164 -218 -219 60 -159 104 -190 -245 -231 -82 113 35 120 58 79 -98 57 -57 71 227 -94 244 54 -172 11 124 -108 224 -113 2 -59 175 -182 216 -160 -38 41 51 -33 -141 -9 148 47 85 228 108 -92 -229 173 59 161 204 206 -247 22 225 91 201 200 -77 -156 194 152 19 -70 80 199 -234 -134 217 -115 -138 -248 -189 -165 -29 39 -95 72 243 101 -87 3 -47 172 -6 235 -210 174 -204 238 14 -52 -53 -63 -148 -212 229 -202 249 -75 65 -121 -143 143 162 -162 -223 45 139 -68 223 77 -225 100 -32 -232 111 -186 -37 -200 -73 -131 121 -46 -7 61 68 109 115 -221 -191 231 -69 -104 240 -109 -93 247 -124 123 -161 -213 -130 -62 -178 -84 -167 -97 -153 48 209 -168 63 89 184 73 -238 27 -196 153 155 -90 -81 246 -24 192 42 6 185 110 -195 138 -11 87 122 -174 103 25 202 -169 9 -249 18 -201 76 241 114 -250 -89 46 -103 69 210 102 205 142 -239 -236 -55 -86 -205 -16 -117 -4 -192 -107 -146 0 97 99 -56 -28 44 233 33 26 234 -145 81 -240 -133 105 150 -140 -99 149 133 -66 -43 196 112 171 -78 168 -184 -222 36 213 -185 1 129 -123 12 -149 -112 191 -41 74 170 -51 -85 95 56 -241 212 -40 117 -125 -10 -179 -23 -20 -139 -110 157 -128 245 230 -154 -215 -211 -208 67 -242 -235 5 214 15 29 178 207 23 50 -102 86 40 132 222 -72 -206 248 -74 -243 62 118 -106 237 208 -34 -209 20 53 -88 167 -158 24 -181 203 -173 21 -1 -228 64 -214 13 -226 -193 -105 239 -96 43 -35 134 176 151 -207 -175 -44 -163 160 -187 156 140 128 183 -177 -224 116 -111 -142 189 -25 -54 -49 -12 215 -18 -127 -171 -17 -100 186 88 -227 190 -176 -119 164 -180 37 221 187 163 180 125 -58 154 17 96 94 195 98 158 181 218 -65 -114 220 -22 179 -5 -30 92 119 30 -166 -152 -203 90 -19 -150 -36 -21 -80 -116 -76 -27 38 -118 -45 144 -8 -199 -15 31 -48 34 -244 -136 -155 -132 -60 66 -237 146 219 8 -26 -14 16 28 137 -220 -42 -79 141 4 107 198 -50 -230 -198 -170 169 -197 -194 -122 84 135 -64 93 -137 130 182 188 -101 32 -3 7 -83 136 82 -216 -233 193 -246 165 -188 52 
TEST 140 ARG:-101 -193 -129 -116 -197 -216 -52 -144 -189 43 -87 -173 -221 133 -126 16 238 204 21 112 -162 36 -15 225 241 -169 228 -150 156 96 -235 -24 -111 -231 174 234 -177 -115 55 -1 -119 -137 100 -86 135 -4 13 -54 -218 59 127 49 -122 -114 122 24 -113 -22 70 205 -166 9 -7 -82 -138 75 -226 188 187 132 -96 -85 173 214 -42 -230 171 197 64 202 -41 -64 -130 58 -182 25 -109 -112 -142 155 19 -45 134 -224 -19 -36 -72 81 -171 -53 -5 44 233 -106 -34 -25 144 -223 120 216 -210 101 223 -49 195 194 115 -97 -209 -67 -83 -175 152 239 -176 229 232 206 -185 35 71 1 82 -158 189 180 -14 147 -222 -133 -207 -143 -204 -30 11 56 -199 86 -191 -152 -125 -94 128 97 -227 -9 165 23 178 240 141 38 169 222 -123 150 103 72 192 110 -146 31 -16 40 -11 -167 181 -240 -141 30 50 191 131 247 -239 -120 33 -208 139 14 -32 215 179 26 190 -26 242 47 20 -225 -244 -213 137 163 -93 236 -202 8 107 -154 -8 -60 142 51 -110 -77 -147 -184 91 106 -75 -238 39 -56 -55 -61 -35 32 17 217 203 -132 84 -48 -88 213 199 -242 65 -148 99 140 -165 -236 121 184 -65 198 -187 -131 -200 138 -3 -108 69 95 -241 -51 -201 -183 -219 -194 -104 -206 78 6 -220 -145 63 237 -73 185 -57 5 -43 -124 -47 207 -50 41 210 -140 -107 130 0 -121 88 -76 116 10 -2 -192 92 177 18 164 -80 22 76 29 196 15 -157 98 160 66 -186 149 -229 218 162 108 -172 113 -233 68 145 129 -151 119 83 -247 54 -228 -105 -215 -217 200 -92 186 -118 -46 -163 -198 -103 -170 -117 136 74 -156 -153 94 125 175 -245 87 -243 221 -18 -203 -98 -174 -66 -195 -84 243 176 52 -237 -89 231 102 249 2 -6 -179 61 193 -33 168 226 230 -155 235 -78 166 -31 -205 167 -17 208 -59 109 172 -102 48 -27 -161 79 -188 157 -249 34 -164 151 -39 -62 -178 3 183 -13 244 -10 -28 201 -90 -196 73 4 114 -212 57 80 -38 105 111 62 -63 -12 -160 161 60 -99 90 148 -234 182 85 117 -248 53 -29 -232 77 -71 93 46 -21 -91 12 -214 153 224 -40 7 227 -37 -190 -69 -159 219 123 -127 -100 158 28 -168 -58 118 -136 146 211 -70 124 67 -134 209 27 170 -44 -20 -74 104 -128 -81 37 248 212 -139 -79 126 154 45 -211 -23 -95 220 -250 42 -180 -149 -135 245 -68 143 89 -246 159 -181 246 
TEST 141 ARG:-54 63 91 29 -125 -124 -147 -57 -94 215 147 -188 208 195 137 -10 71 -17 186 -203 -75 105 -140 -168 224 -67 -237 -89 189 31 -135 15 174 -34 -68 204 -163 -72 -55 -223 -134 -239 -169 47 -242 23 -190 86 138 188 -27 43 -59 5 239 -85 140 98 -162 -192 -249 181 85 154 -4 -209 112 -181 -130 196 -73 119 54 -189 -110 185 -30 66 -107 118 53 -106 172 234 153 229 109 104 -97 126 207 12 48 133 176 131 190 170 117 115 177 -8 202 45 -99 28 76 -204 -24 111 -31 130 -50 168 -18 -243 -96 -108 187 212 -149 -199 116 11 99 162 206 -210 96 -226 178 -224 -26 135 -194 -154 -186 -53 59 -240 64 -35 -14 -176 221 217 -16 -225 -122 -152 143 -43 -41 97 165 75 -11 180 -51 -88 39 80 156 167 -47 223 -61 10 52 210 235 -115 102 -241 -12 83 -193 -238 192 -222 -129 -246 -42 9 -216 -116 -131 -69 8 -114 -155 -119 -173 -70 -86 6 211 226 84 42 227 -198 -13 106 129 -19 197 127 -183 248 -104 32 -172 1 -185 110 -23 78 82 35 -77 -126 209 122 14 2 159 -178 46 -144 -148 -33 44 198 -118 -80 -21 101 164 -138 236 205 -48 231 62 200 26 -84 61 74 60 152 -156 -39 -32 -195 173 148 228 73 -143 -101 -87 -196 -65 -20 -153 -207 -45 -214 124 -211 69 -81 90 50 22 -139 -76 -187 68 245 -220 113 -236 -174 132 -113 79 -5 92 89 128 -145 -56 -109 4 -71 -37 -44 -170 16 -46 -202 33 -111 -159 88 175 191 -120 -218 144 0 142 -158 -141 -215 -127 120 -74 108 -98 51 34 -52 182 -112 19 -245 134 222 -123 -3 146 150 55 -205 220 201 -38 -142 7 -49 -157 17 81 -184 121 -247 -191 151 216 123 -78 103 100 -40 -227 219 107 -63 -250 240 199 -150 72 166 149 -182 -231 -228 -9 -206 -136 3 37 -166 -29 -25 218 -160 -90 -62 -100 67 65 -82 -221 -103 230 18 -213 -64 -66 -146 -60 232 -128 145 161 241 238 194 -102 157 -248 225 242 233 -105 -1 183 179 38 24 -167 -137 244 58 -91 184 -208 136 -79 203 171 193 246 20 -93 213 243 139 41 -151 -132 56 -133 21 40 -95 -83 -165 77 247 -28 -175 -180 -58 25 114 -212 -121 -177 -217 -22 94 -164 -244 -179 160 49 30 93 -229 -197 -201 57 -6 237 13 141 36 27 70 -171 -92 -219 -235 -161 163 125 249 -7 -2 -200 158 -117 -233 -234 -232 169 -15 214 -230 87 95 155 -36 
TEST 142 ARG:246 -215 -14 -159 -137 23 -17 2 147 -60 84 -149 -54 -77 208 -80 212 72 56 -110 162 -209 -111 38 217 205 40 -27 3 242 -115 -222 -163 191 -242 -160 111 161 54 -138 164 -170 29 -150 199 53 39 -219 11 187 -102 194 207 25 -55 -13 -221 248 175 202 123 216 134 -166 -238 -67 -248 -81 -4 -79 -2 -12 177 -230 206 80 61 243 142 33 -196 130 44 -184 97 94 -105 -37 -195 -127 128 -214 -136 -193 -224 28 106 167 76 -161 186 -176 16 -116 -71 115 -179 -24 96 -157 172 -69 -140 -120 55 -61 -144 120 156 79 57 155 -87 165 215 -122 152 -130 -39 -93 124 -145 181 67 93 -72 180 36 108 178 -194 -139 -171 31 -90 -173 233 -47 -43 -233 -228 -128 154 -181 -189 163 100 133 -109 88 1 169 -92 125 -246 -239 222 146 69 221 -250 224 -104 59 14 237 168 60 22 110 -50 -133 204 145 -182 -3 -7 35 12 249 -198 101 228 247 170 -44 -200 -28 -245 -40 226 27 -247 -45 131 136 197 103 -108 -30 -188 121 15 99 -76 41 157 -98 4 -213 239 37 219 43 135 -96 -63 -180 -82 -52 18 -155 159 -95 176 200 -21 68 213 -197 -42 -249 182 -175 166 -234 92 65 -186 -70 -199 -142 17 184 -19 -84 183 89 -8 -229 225 -51 -33 236 198 32 235 20 -117 203 -220 -168 196 63 -178 185 -135 -49 -207 -58 195 -86 -119 153 -231 -241 -73 -36 144 118 21 -126 -141 -112 -131 87 -211 -83 70 143 24 126 73 119 58 -78 -1 102 211 -172 -91 34 231 -10 148 192 -203 19 188 -34 137 13 -201 -190 -16 85 229 -85 -216 -103 50 -6 -57 -158 132 -32 139 149 -217 83 -101 -23 5 -113 -124 -244 109 -121 64 114 -97 -183 127 -41 51 -100 -204 -167 -237 6 -187 245 -75 47 -118 232 230 -147 122 107 227 -99 210 -62 49 75 -106 -151 -202 -64 189 -154 -5 -206 138 46 -66 52 -240 -191 150 238 -236 -31 -235 -156 193 -129 -38 -223 113 7 173 151 -22 129 9 -35 201 -59 -20 -15 -68 48 -123 209 160 -74 66 26 95 -132 -185 -212 -48 0 -169 8 -225 -146 -243 -125 -88 71 45 90 -114 -152 86 -174 74 -25 -94 214 234 223 -210 179 104 62 91 -153 -107 -148 174 141 -134 98 -143 171 140 218 77 -29 -232 158 -46 -208 -192 81 30 -165 -205 -218 116 240 82 112 -53 -164 -11 -227 -89 42 241 -9 190 244 10 -177 78 -26 -18 -226 105 220 -56 -65 -162 117 
TEST 143 ARG:-144 88 -226 48 -111 -70 -28 -13 147 -232 -168 236 -2 125 121 213 -113 195 7 -131 -59 240 33 49 -18 111 60 181 235 248 27 141 -227 -34 165 174 57 167 39 -30 -237 -5 238 -196 120 162 43 -146 -43 -203 139 154 -178 -183 -174 115 -162 -133 -123 63 -220 110 -142 214 -169 -127 -57 14 175 93 -179 4 -125 -147 -221 52 80 221 53 244 113 -32 -165 192 -195 -110 -208 -212 149 -199 -158 -231 -39 -235 -215 -11 -48 131 -121 -7 38 -94 0 241 -202 40 98 -60 207 224 -130 -143 -95 227 -6 75 -181 -219 -98 -160 205 -145 -139 130 -109 239 216 -175 -229 123 -222 -105 -129 -23 -136 -10 -33 86 230 2 -230 112 51 20 193 117 -186 -184 71 -46 -67 187 24 -116 222 -177 215 171 -101 -71 15 -87 -55 201 -74 103 72 143 178 170 -44 84 -77 -150 -173 177 -63 -201 -75 -200 46 -170 -234 200 169 -16 -248 161 228 -64 163 247 30 -29 77 225 -83 -223 -115 -89 -225 -66 -240 135 229 -72 -99 199 21 -153 -106 -68 -51 12 31 -217 -207 -119 62 145 85 -132 137 233 -47 -171 -78 68 -151 -192 -122 160 87 -108 61 168 151 -107 157 -164 -9 -241 172 -24 44 -245 41 -166 212 -53 78 144 90 -104 179 -194 -198 -69 -249 -238 243 -188 218 129 54 11 25 -236 217 -20 -103 189 -88 159 97 45 47 -161 59 -193 -112 -26 234 74 -41 -102 -191 32 69 188 194 99 -126 -206 184 204 -82 -35 128 223 10 182 196 -22 -134 -239 -216 -213 133 55 127 13 104 -152 -3 -93 66 176 190 148 -157 -209 134 -96 -49 183 231 58 8 65 124 -17 226 -167 -52 1 114 -4 -155 56 197 -205 -38 150 -140 -85 -185 -214 -204 245 -233 73 232 -91 246 126 89 -242 -84 108 219 -244 -250 166 -58 119 -27 -92 101 -31 173 136 -54 210 -19 -15 202 -228 158 -100 -156 186 79 -224 26 35 206 -114 92 -141 -197 203 140 242 81 -138 -211 -190 138 220 -50 237 34 17 -148 -180 122 94 -246 -163 -154 -79 146 6 -128 -247 107 156 -159 -243 -172 16 23 -182 -12 70 3 -210 -45 95 -36 22 -8 100 142 106 -86 -118 -176 42 116 9 -124 132 67 185 -90 152 -14 28 -135 -97 -62 155 -189 191 -73 83 208 180 249 96 5 29 -40 109 -117 164 198 91 -56 118 36 -42 -218 18 -80 19 -76 50 -65 102 37 -61 64 211 -81 153 -25 76 82 -137 -120 -187 -1 -21 -149 -37 209 105 
TEST 144 ARG:247 -29 -225 -196 -250 -77 -193 -222 5 -160 -138 182 139 136 -186 248 243 -9 -50 -227 18 164 -70 -87 237 -164 100 117 -128 22 -74 -36 137 150 245 -192 -189 126 -165 -45 -233 82 -111 -41 225 -82 166 19 154 96 -169 -185 203 -68 16 177 209 26 15 -57 54 -180 -26 196 147 42 -199 234 163 -133 140 -132 124 72 -158 226 192 242 -17 -119 27 184 20 49 190 -194 -131 4 211 60 -246 152 159 144 187 -155 75 108 132 47 197 -33 -126 94 -129 -42 -139 249 122 -23 -121 -99 -183 2 -187 -163 -28 123 -113 222 116 195 -136 -217 -69 -176 -83 -7 -95 193 168 236 -197 -234 14 216 -201 78 31 -166 39 95 228 -114 175 227 -37 68 36 64 98 -25 -39 -40 -106 235 -105 -107 181 -143 -6 -205 -152 186 120 69 130 176 -144 -101 -49 37 170 -229 7 -90 169 -214 -4 -75 -154 61 -216 -79 -47 -148 13 158 215 -181 -66 230 -10 135 -72 -115 149 38 -188 -84 233 204 -110 -172 -240 -27 155 210 -150 -124 48 46 -65 -60 -149 151 -16 90 207 -97 133 -145 -96 198 12 160 165 86 -76 229 174 -236 -19 -109 -103 34 -157 167 189 66 -53 -112 102 238 33 -208 244 -156 221 44 -80 -140 57 -207 -228 92 -92 -218 63 202 -44 8 74 199 -226 -32 -134 -67 -24 128 -13 -173 -8 179 62 121 97 -161 -78 -244 71 -102 -147 -34 -122 241 -179 -43 76 -86 205 29 -30 30 -167 -247 55 172 -52 -239 -11 -61 -46 85 145 67 -220 157 -2 -38 87 -51 84 -243 -94 119 115 -137 220 200 232 -170 118 -108 213 52 -203 -1 183 105 -241 -89 131 -73 223 111 88 0 -175 180 -200 112 -20 -174 -100 240 125 -159 53 -210 50 17 -62 -198 109 -63 127 161 146 -21 -56 23 -223 -245 41 6 -202 206 107 45 -55 21 -104 -127 -195 -204 -142 185 -91 -219 113 142 -12 -212 103 58 208 -81 191 217 -54 -178 43 173 -248 -249 -213 -22 162 89 32 79 70 81 1 -125 224 11 -93 -146 -206 -232 -182 -18 -118 56 138 -15 156 -35 171 -59 3 -3 106 10 188 178 141 101 -116 -98 110 73 -117 -85 -171 -48 -130 246 -123 212 239 -177 -141 214 91 219 -58 -238 59 104 -184 -168 -211 -64 28 114 65 143 9 -224 -71 93 -235 134 231 218 -151 -31 -5 148 -135 194 -14 -120 -221 -88 -237 80 -191 -231 -162 40 -209 99 -190 35 24 153 -230 -242 -153 51 -215 201 77 83 25 129 
TEST 145 ARG:-71 96 214 210 -67 77 -66 111 198 -97 -157 -139 36 -130 180 -137 21 -115 -36 -53 -156 -131 1 34 -207 225 -227 27 243 -78 129 -14 71 -19 236 -91 -62 -167 48 103 -210 114 65 -109 23 75 -50 -51 -247 -217 178 17 -107 188 -102 -16 202 -110 155 -176 -64 -148 141 237 157 -215 209 -114 5 153 118 -117 -161 -187 -108 -92 194 -100 184 -39 -33 196 -22 33 144 152 -99 -26 124 -106 -65 97 -42 104 32 2 233 244 122 176 -123 -74 226 232 108 -235 -101 -224 -80 -54 185 93 78 -1 91 140 -116 29 -146 235 -197 -61 62 -72 24 94 37 -213 120 -204 -98 221 11 -45 231 61 -96 18 14 68 -214 190 -68 -141 201 228 -17 40 20 -83 -195 207 -143 -13 136 -178 -59 125 64 -46 169 160 134 -232 173 -147 -34 28 102 8 12 46 42 241 135 -112 52 -135 -63 187 73 206 159 163 -84 -7 -200 -238 58 53 50 -25 133 177 -219 -122 -231 246 -120 -150 26 -186 -233 115 183 59 -246 -185 89 222 -189 148 223 45 7 -18 -240 116 -60 123 -70 109 203 247 146 105 199 -3 86 82 200 150 85 229 138 35 92 -121 69 66 -94 -2 -44 -27 -243 -145 110 30 -168 112 100 -173 -193 -56 -30 -181 98 -184 -183 -206 189 171 -105 145 156 25 -218 -196 132 216 -125 -88 -229 -208 -166 -118 -132 182 70 106 -128 -89 -209 -77 76 234 -144 -228 143 -43 127 -5 -234 -47 158 -37 175 -133 31 -194 -154 -180 -225 -20 43 80 208 -24 170 -170 117 -127 205 47 204 -241 -171 227 54 162 213 249 -4 -93 -158 -198 -250 19 -248 -85 -152 -205 211 181 10 218 -35 57 -220 -104 -48 -182 -9 6 88 -164 4 -49 -11 147 -58 -6 -40 72 -113 -23 -29 -138 -163 142 -172 41 -86 195 -203 -199 215 101 -160 -211 -142 44 -179 131 95 -169 -55 242 179 -230 166 -244 9 197 -190 174 39 107 219 217 149 137 -245 0 60 -15 -52 -159 -192 -249 -21 -31 239 -201 -8 212 220 192 172 165 -239 -149 99 245 15 164 -202 119 -12 -136 -76 84 193 -140 -103 83 230 161 -242 63 151 -134 16 224 -223 -188 -165 -216 -10 248 238 113 240 74 81 126 -226 -221 87 -162 128 -81 -38 -28 56 191 168 154 -155 -79 -175 -90 -73 -69 55 67 -153 -174 -111 -237 3 139 -212 -82 -32 79 -95 22 -41 -126 90 121 -75 -151 167 -191 13 186 51 -177 49 -87 130 -119 -124 -129 -57 -236 -222 38 
TEST 146 ARG:-171 167 199 -74 -208 -38 -222 -118 163 31 89 64 -79 -231 -165 66 221 -60 -247 -169 217 -66 11 126 238 -135 -187 -243 30 -209 -104 -139 -110 46 37 -101 -105 -178 168 239 231 -154 3 234 27 183 -127 -140 68 -224 245 197 219 -177 -14 -77 -5 -71 141 -227 140 122 -228 119 -48 17 -191 -226 -119 92 53 -189 99 -149 -230 -36 -91 -185 -156 -86 -4 -111 73 -13 47 -39 -108 -58 211 -157 35 -106 7 198 104 -175 83 229 220 -237 -167 -174 106 -204 -113 200 -112 -195 29 218 -245 137 51 -7 204 -54 146 -176 -59 -146 -232 -41 132 248 -84 90 -99 -34 13 127 -182 -29 9 -199 70 158 -97 -234 139 193 86 -240 -202 -148 -183 -210 -107 202 -55 -82 -217 242 -155 95 26 -121 -64 162 157 -25 -30 -96 1 -184 -10 -180 -100 79 180 -206 -141 -166 -43 -117 32 151 -81 172 -28 -63 226 -137 -88 -249 125 208 -126 143 108 -190 -65 78 110 194 120 39 210 98 -246 -170 94 -144 -93 118 138 23 -223 -162 -164 -27 117 142 -92 -235 -150 103 -151 74 20 -203 206 123 153 130 -56 -129 136 205 187 216 -51 112 67 249 62 8 87 243 44 -153 233 165 -220 169 -52 113 58 135 191 209 111 237 -134 185 81 -128 -138 222 -18 -12 93 55 -188 -207 133 -95 -201 41 -197 43 -6 223 -229 76 -70 -124 -136 72 -160 -163 -83 -244 240 -238 -89 -32 109 45 -78 52 -90 -205 38 154 -61 189 149 59 214 34 -40 -62 -23 75 -131 91 -125 247 102 134 236 181 -179 148 115 -98 155 177 -45 -16 -24 15 224 -211 77 88 182 244 61 161 -181 -123 190 -147 60 175 -239 -20 230 147 -76 150 -67 56 -214 213 57 -21 33 -132 195 -94 -11 -87 -218 207 241 -212 -200 12 212 129 235 84 232 176 128 -159 -225 65 145 246 228 71 -242 -114 107 201 105 131 159 16 2 114 -198 85 -44 -68 -73 144 -75 121 -215 -161 -213 227 -26 -42 97 173 -31 22 96 -158 101 -103 -250 164 -109 186 28 -145 -47 36 50 4 188 6 225 152 -219 10 0 49 -102 -186 203 166 14 178 -72 -120 -15 124 -122 -221 -2 100 -3 42 -173 -248 -236 54 -152 -130 -53 -172 -50 -9 -241 -192 -19 69 -85 24 -22 196 116 -8 -116 80 -233 82 -80 170 171 -142 -35 63 -193 5 21 25 -143 156 48 -49 -33 174 -133 160 -57 192 179 184 40 -115 19 -168 -194 -17 -196 -1 -46 215 -216 18 -37 -69 
TEST 147 ARG:-133 -249 187 184 188 52 -52 202 159 -230 132 -104 2 -113 100 181 -76 -231 70 64 105 227 -232 -69 185 -217 67 148 -95 134 -158 -70 -116 78 -186 -220 248 120 -149 -34 -196 183 108 -222 -114 123 -240 225 -119 -198 37 -67 190 194 135 -27 -101 179 98 -140 224 -132 -223 196 -124 160 -85 -199 44 35 203 -40 240 97 223 -170 -155 -246 59 230 -159 162 30 -2 17 -203 205 24 140 28 171 82 -82 49 31 -191 -14 154 232 94 238 -20 -36 115 18 -29 -234 69 23 93 -197 65 -146 -65 -218 -97 -182 133 -233 -153 -139 -15 90 119 41 129 -235 112 -50 -45 164 -84 -78 142 26 -11 191 -109 -135 32 50 -128 -93 -44 56 81 -21 -1 71 -72 -210 43 -168 80 199 -178 -144 217 104 -245 168 -46 57 207 -32 8 145 -229 -106 165 235 -96 -120 200 111 19 180 -92 -154 -181 -4 -206 -87 -91 -172 -166 -9 16 -112 130 -107 139 -53 21 -195 -105 10 -103 86 -175 176 109 87 72 91 117 -60 113 -137 -194 -16 -164 -51 -242 -157 116 45 -48 127 -77 -71 146 -89 144 -238 89 61 -58 -55 -136 22 -6 -167 60 212 -162 234 6 42 9 152 -61 195 -200 219 -171 -122 13 182 -31 -73 -145 -237 101 -189 220 1 33 -130 0 222 -201 -38 -193 -248 -250 155 136 158 -184 -204 153 156 209 62 -187 126 -66 173 -165 -225 -23 -150 -68 107 -57 236 245 -221 -129 -173 -224 -163 -3 -79 -192 -118 -131 233 -17 -83 206 -56 -208 25 213 166 197 216 -180 -211 -147 -47 231 -88 -177 -169 -205 15 -111 246 186 -207 5 221 151 -8 39 68 147 -185 -99 -143 229 95 211 7 92 215 -117 -161 -241 -127 -156 88 48 -138 -183 237 214 249 121 99 -134 149 46 63 77 242 -80 55 -33 -228 -219 -202 20 226 -5 -115 -13 -176 34 125 66 192 244 143 -49 4 74 -54 -35 79 -90 228 38 -37 11 -110 3 -213 208 76 51 -244 114 141 85 174 -102 -81 137 178 -42 210 102 -179 -64 -190 122 14 239 47 -39 189 -59 75 -43 -12 -126 53 -239 -142 -215 -141 -125 12 -41 -247 -62 -100 -209 -22 167 27 161 -19 175 128 -108 138 172 193 198 -75 58 -30 -74 157 106 -123 177 110 -94 -10 36 -188 -160 150 204 -86 247 201 -98 -174 -151 84 96 243 -121 -25 -7 -214 218 163 103 -28 241 169 131 -148 -227 40 -152 -226 -24 118 29 -212 -236 -216 -26 170 124 -18 83 54 -63 -243 73 
TEST 148 ARG:165 198 -67 100 247 -142 120 186 -201 -223 80 174 -148 114 -205 182 -92 -83 121 61 -138 160 -64 118 -149 243 234 237 -157 52 39 232 138 60 122 -241 57 8 -35 214 -156 -72 29 -74 -185 -31 241 65 208 -121 226 6 123 20 -90 -30 67 -18 -128 -110 -210 -1 72 -140 206 33 32 -20 152 10 83 119 -166 -250 -228 -188 146 235 223 -24 35 117 242 -143 -141 222 -46 -189 41 192 25 221 -139 166 231 -227 -38 49 -176 -192 -172 133 34 -87 201 -54 -159 228 177 -126 -184 -197 193 -9 -199 -14 31 107 -211 22 -34 155 27 71 101 12 -150 -44 147 249 -147 -98 191 59 163 -125 -221 9 171 170 156 216 141 -135 180 -81 143 164 -28 178 13 -173 239 69 4 137 -123 136 154 -109 -63 66 53 -145 -39 44 -226 -214 73 202 7 -196 99 19 36 161 128 -58 -203 -234 236 -232 98 -153 -3 -247 -115 -23 -88 -183 -13 -5 -244 -104 -207 -208 -231 -53 142 -180 58 -219 215 -216 -114 -212 145 -93 75 126 -220 -61 -103 176 158 -200 112 62 28 -181 187 26 131 -245 -174 -120 -179 -76 -124 -59 -17 218 -165 -222 175 85 -236 5 -26 -108 -171 15 200 43 129 -96 -16 -235 -248 -60 246 -82 124 -175 -238 -94 -105 51 47 -95 -198 -213 -101 150 -84 194 -27 151 -69 -186 -190 -242 -202 -209 93 224 -136 -193 48 -204 211 203 109 -224 199 -4 90 -162 -52 38 -160 -129 -65 -152 -130 30 -37 -56 220 -154 92 -85 195 -25 -225 18 -127 181 168 -144 -21 230 -47 204 113 153 108 -41 -2 210 70 185 -168 179 -73 3 -91 -132 63 -229 64 -194 16 -57 -112 -246 40 97 -70 88 79 -19 -218 -187 -182 162 -240 -62 -169 -237 125 -233 1 -178 183 -170 240 81 105 -230 197 148 144 -86 127 238 54 110 212 169 55 -146 -119 77 -102 -177 -117 184 -158 -15 14 -51 -12 -191 -32 149 -155 -167 -137 -79 -49 213 50 37 -206 248 -50 91 95 167 -239 -97 -68 -163 17 -33 94 -111 21 -217 -151 189 -22 130 -77 -106 -78 42 45 23 217 135 -131 139 245 173 46 -36 -243 -116 78 -43 111 89 229 -164 -80 74 -122 -6 172 196 225 -113 190 140 106 -10 -42 -48 -40 159 2 207 -99 -249 -195 -134 205 102 -11 68 87 244 76 -118 -55 -107 219 56 -66 233 188 227 24 -7 -29 132 115 209 -45 134 86 -89 104 -161 -100 -215 -133 157 116 96 -71 -8 -75 0 82 11 103 84 
TEST 149 ARG:-58 -249 63 79 -200 -111 -143 233 156 105 162 -6 -215 -35 -31 -227 48 -8 -12 -40 81 142 -181 247 18 -48 64 -85 190 98 -135 36 -237 6 -211 169 60 80 109 -202 49 34 197 148 -242 187 -245 -49 110 -219 -136 -122 117 -231 -250 -246 -221 138 45 -177 -216 151 -43 164 19 -20 183 180 -182 -74 175 104 161 -168 186 -29 -1 -21 -210 -63 163 -39 -44 -56 -224 -2 -34 -236 -161 -175 -155 -80 -73 -65 140 244 -206 56 -96 125 -77 -226 -10 152 -178 -160 -24 213 31 -105 226 166 210 171 -121 112 2 -131 32 120 -199 111 172 227 122 146 -89 -146 -188 232 -201 207 -61 -4 -244 96 236 30 193 97 1 -207 -197 -228 -47 82 42 -71 -46 230 70 -3 -171 78 11 -87 5 158 57 93 55 -169 -240 220 144 -166 4 -70 14 -19 135 8 -116 -9 181 41 66 223 -213 -66 73 -102 -81 10 228 118 -198 214 234 -115 -234 -76 89 134 -33 126 184 -86 242 -109 -112 155 113 -32 133 215 129 -114 -142 38 -53 -150 -203 -57 235 141 -110 200 218 -164 77 -25 -214 219 101 58 -99 -62 -172 74 37 -104 -68 204 188 71 -37 -154 240 44 238 29 92 221 23 65 -208 153 -69 -243 94 203 -118 102 -93 99 106 225 3 -106 103 185 145 -205 -23 -158 -191 -196 53 -100 28 -92 -184 -241 -230 27 -179 -75 9 -113 0 -134 -157 -120 39 201 -235 -232 -98 -194 -16 -127 139 217 -170 159 25 -185 84 224 33 -190 -15 -195 40 -67 150 -133 -212 -173 -149 -176 -60 114 229 167 -229 -5 -223 -26 128 -217 241 205 95 -132 -14 115 -22 -239 87 170 59 -41 -183 160 -55 149 -95 143 51 196 -145 -165 -137 -153 194 -125 47 245 -218 -152 -123 137 -64 136 -140 -91 -107 26 246 123 -101 43 -192 198 -180 -225 -117 52 -130 -204 13 199 16 -248 -187 239 22 208 -129 206 202 168 68 -78 -186 -11 119 -52 -84 -18 -54 -27 -141 -7 88 132 157 46 108 50 -45 -28 -51 174 -36 182 -148 20 -88 121 -233 -13 76 173 -124 176 107 191 -144 -38 195 17 216 -119 211 116 21 24 67 -108 -90 165 15 189 -222 7 -209 -174 75 62 243 100 54 179 -220 -59 -79 154 86 72 12 83 -156 -97 61 -163 222 178 -30 -103 -238 35 90 -139 248 -17 -159 -151 -247 -167 147 -83 -42 -162 -128 85 177 -189 192 69 124 -126 -72 237 127 212 249 209 131 91 -147 130 -82 -138 -94 -50 -193 231 
TEST 150 ARG:178 -151 169 207 25 51 -14 135 92 -196 86 14 -4 -232 -231 85 63 -220 134 47 243 -141 -19 95 -84 83 170 -178 12 189 146 173 -46 28 -171 84 191 -105 -179 -125 76 -64 11 -39 -80 123 -124 79 -1 -6 246 -239 54 42 222 -74 -247 215 239 223 -22 -206 -212 -147 -246 90 -167 150 157 37 -8 -233 15 -159 156 -194 -41 40 -96 125 4 -40 196 -11 -114 -59 46 -248 -210 -152 -205 208 96 153 -95 206 18 -70 -68 166 106 176 -193 -32 31 122 158 91 36 -36 151 78 -222 225 -66 100 -21 160 144 197 55 -60 -195 133 -85 -229 -136 -130 32 136 145 -208 -89 -29 -146 75 214 -17 60 -5 -191 211 -33 70 -143 210 -240 -62 -107 5 74 -91 -42 -83 -79 -157 -15 -139 88 240 147 44 38 23 -110 -148 -97 -57 -203 -118 249 98 -225 6 73 205 -214 221 194 242 -202 244 -87 227 -115 105 237 -72 -119 102 -223 94 30 -108 -238 65 33 192 226 233 180 -81 183 -137 13 177 245 -213 -244 110 -101 -204 179 -224 126 -162 -2 -111 -227 -82 -135 186 -209 224 -106 -170 99 -92 216 193 175 -93 61 234 -187 -35 -47 -99 59 -43 -226 -245 -71 29 2 -63 -163 -51 -200 168 -54 218 -155 -50 217 112 121 -249 142 174 7 69 115 163 119 89 -131 131 -120 58 -180 128 172 159 -30 -75 116 155 -234 -76 1 -174 -103 -182 -197 -52 77 -211 181 149 201 -61 45 -160 148 -65 103 -158 -221 -112 152 72 80 182 -185 68 -3 200 167 124 -172 -48 0 137 127 -153 187 -133 -166 -98 20 -102 162 -23 198 203 -26 -49 132 109 -121 -116 41 -175 213 108 26 -201 -44 209 -77 -45 -184 34 50 -113 107 -188 -69 71 212 -189 39 81 -129 202 -140 -156 -241 -37 -117 52 139 -53 -94 -145 -237 -13 -168 -177 -27 232 -88 -243 204 -216 -78 -207 -73 -20 -164 101 -16 199 -18 -25 129 185 -242 -100 -169 67 -24 -7 -128 229 -55 104 236 231 17 24 21 -150 -230 -38 22 82 140 10 114 247 -34 -10 -250 165 -104 190 -127 -122 -86 -165 -144 -173 -219 228 -198 -181 8 64 -199 120 -134 87 -217 130 -132 -123 -183 -161 248 -126 230 -138 -9 -215 57 235 -149 171 154 -235 118 113 -67 -142 48 220 93 -228 16 238 188 -56 -12 -186 -236 -218 241 43 -154 27 111 19 143 161 219 97 9 56 -190 35 164 -28 53 3 -192 -58 -109 117 66 -90 49 62 141 -31 -176 138 184 195 
TEST 151 ARG:142 -31 -105 -111 75 -204 -173 27 107 -64 95 -190 -87 -115 -3 177 -221 137 151 -30 82 -89 -113 -8 -182 228 -39 -34 246 -73 86 68 -139 59 -133 79 -132 110 81 -156 102 33 150 -240 -207 209 80 -210 158 108 -42 174 -19 222 181 -32 -248 -97 49 25 -71 -20 -236 -80 -109 77 -177 -59 -241 234 -176 -224 -104 -14 -58 238 140 89 97 155 136 -93 30 28 23 55 -202 16 212 14 -23 -165 69 194 206 126 -244 188 -136 -233 124 -153 233 -120 215 18 44 -6 41 -28 -52 105 161 -60 179 -140 92 -155 -152 127 -2 -171 -51 219 -83 -101 235 -211 98 19 91 -116 203 -85 -102 157 71 10 113 109 -174 -196 121 67 237 -76 46 214 243 -24 -161 153 131 -10 -37 -145 -40 230 195 7 -249 63 -243 111 167 50 -208 -53 94 0 218 -201 103 224 139 -123 -217 159 114 -21 229 -48 184 -186 -84 -197 3 117 -228 -147 232 149 -65 -162 160 -142 135 -81 -179 -13 115 130 -226 -169 52 -78 -62 -17 53 128 166 -229 -237 -96 57 -150 45 -63 96 248 -163 -212 -119 -144 93 -118 -103 87 -157 198 -239 12 47 141 22 122 -220 -180 54 34 66 191 -146 -94 -9 -26 -203 247 -45 -5 -141 -198 -95 -124 -181 120 208 185 173 31 -44 -15 2 118 204 -27 5 74 144 -149 -151 70 -137 200 4 83 -72 -106 147 -185 -77 162 -100 231 76 99 -199 35 168 -148 -16 -57 13 -47 -41 187 -172 -231 164 -11 -200 32 20 -187 -92 6 -98 39 -158 26 -25 -4 -99 -213 -222 227 85 56 -33 -117 -90 48 -36 -107 116 -223 193 163 73 -55 9 -29 211 -49 -188 11 -68 90 -178 -131 65 -205 -168 -1 -127 36 51 -194 178 154 202 210 -219 -214 220 8 119 -129 -128 -91 -195 152 -135 196 -134 84 199 -38 221 133 236 -250 172 21 -75 -167 -43 123 -108 -54 -114 132 -245 17 -125 217 -184 170 29 182 -69 106 104 171 -121 62 156 -88 -209 -230 -170 -159 -227 223 240 -18 138 249 -225 58 24 -183 -216 -193 100 180 176 216 -82 -22 125 -247 -35 -160 -67 186 134 -143 37 239 -74 -70 -46 129 -246 -130 183 -191 175 189 192 78 207 -7 42 101 241 165 213 -154 -189 242 72 205 148 -50 -215 -192 -218 146 -126 143 -138 40 -242 145 -86 169 -235 -56 -112 201 60 15 64 -175 190 1 244 61 -234 226 43 -164 -110 -232 225 -12 -122 38 -66 -166 112 197 -79 -61 -238 245 88 -206 
TEST 152 ARG:-164 105 115 -192 -157 116 -12 55 -92 204 136 175 -165 -89 -78 -151 124 -143 -214 -82 172 91 -169 3 -180 25 -104 133 121 69 -179 -226 16 165 -159 -8 -69 108 -247 143 -114 60 -73 -31 139 233 -199 -233 186 65 188 -140 -55 -121 -250 -230 208 -208 94 -94 170 181 -1 132 -52 -232 -13 -14 -46 -130 -103 -116 205 -181 -207 119 -131 193 -75 137 162 207 9 46 -37 180 50 -125 -158 -189 -25 35 89 213 142 -26 82 245 152 -3 104 -102 -76 -64 203 -36 98 20 -241 -225 72 -210 112 42 -147 120 -50 212 -183 34 -58 -195 111 117 -111 -240 113 134 -5 214 -149 -9 185 79 -106 -120 240 123 192 0 216 -34 -110 90 206 -128 -224 -191 -178 129 -162 93 59 -79 -40 -109 101 95 238 -248 130 166 70 47 -205 -18 24 -57 -105 140 -132 38 -44 -176 77 191 29 -98 -62 -35 138 92 -21 187 159 -100 71 222 -223 -217 -194 76 -17 8 -108 -27 -156 26 -127 -115 83 64 -134 -150 -218 -54 -174 40 -126 156 -228 135 197 239 196 229 -88 -203 -193 -48 -177 78 -11 -188 141 182 13 209 -29 7 80 198 242 -10 237 223 -33 67 -135 -138 244 -204 -45 -219 -235 144 -39 -144 234 107 1 122 183 68 -97 -118 -93 150 97 14 -244 85 157 31 4 -65 -170 -24 202 100 -231 61 -83 -245 -152 -99 -221 -51 -72 -81 -85 169 -19 241 62 224 -239 -173 33 17 -167 219 74 168 88 -197 -61 -206 177 53 -186 -47 -136 2 -95 -141 -74 57 -107 -60 -49 44 -198 -38 114 -117 -70 66 126 146 86 87 -242 218 118 199 -23 194 11 232 -209 -63 163 -77 -28 -168 -84 81 171 200 -238 52 -90 246 -119 -66 39 27 128 18 -202 -216 109 -16 154 -161 -145 -42 -236 243 12 -137 -187 155 30 -172 -2 -86 96 -200 -87 -91 -142 164 210 -101 -146 -129 158 -175 -213 -153 -96 84 189 15 -237 51 37 131 -22 221 -163 -201 -212 148 5 -229 -41 195 103 102 -160 184 58 -32 -139 36 -246 228 248 -112 -243 -123 -122 45 178 -68 -222 201 -184 161 56 173 -148 106 153 147 73 6 160 174 -67 247 235 167 -20 -227 10 21 22 -166 145 -220 249 -80 151 19 217 226 41 215 75 110 176 149 -4 28 -133 -113 -234 220 125 -182 -190 -53 -6 211 190 32 48 227 -59 -56 127 231 49 -185 179 -30 -154 99 -171 -43 -15 236 43 230 54 225 -124 63 -211 -215 -71 -7 23 -196 -155 -249 
TEST 153 ARG:-77 -123 78 -52 49 24 194 -186 43 -220 -31 -229 -209 106 -56 67 2 -203 -191 -176 83 191 -75 -105 -221 173 175 -62 -190 64 235 -177 139 -83 -151 195 100 -178 -227 69 -39 -149 -241 88 26 -180 30 132 160 -68 -114 -219 -173 184 -243 -36 -66 182 159 55 158 77 -21 -113 119 -204 -70 -76 31 233 130 -13 25 -15 53 -26 -231 -41 -1 -93 249 -106 92 103 -183 -174 213 -239 -207 58 6 89 -5 -94 236 91 -143 50 105 104 -42 137 87 179 -139 42 148 20 -65 -225 -63 162 -46 -244 0 237 -152 142 73 61 80 224 40 -198 200 -208 -127 220 116 -120 122 202 -157 99 -189 -202 209 -111 177 -85 153 86 -8 133 -163 -131 207 208 -193 -172 190 -54 -165 65 -84 -95 5 -45 17 -170 185 -141 15 126 -236 -6 245 -23 123 66 113 -59 143 -135 112 212 74 85 230 23 -223 215 -195 -116 12 76 -133 1 95 -9 -196 -161 -14 -34 193 199 176 149 157 -214 81 -24 247 -164 82 -55 -206 108 170 -61 110 172 228 -126 36 -29 244 216 -162 -112 75 -110 226 27 96 248 204 239 -11 3 211 109 -51 47 -140 -67 -237 93 -130 -232 -99 181 -194 68 -234 225 -156 198 57 34 -87 -22 -40 -159 -185 -154 -33 -213 238 222 -228 240 -142 22 -50 196 -2 -245 -230 13 -153 21 -60 59 -97 -74 -129 -216 214 -25 134 52 -248 -242 94 -71 227 16 39 138 -53 114 71 -212 10 -224 -89 48 -169 33 -72 -138 -211 -132 -217 -182 125 -158 -58 97 -96 -79 32 117 -118 174 -166 -181 -205 164 246 -44 -47 -86 63 115 -80 -119 -115 72 -37 18 -101 -171 56 131 70 120 -197 242 144 140 -233 -104 -78 8 168 79 165 11 101 -108 -73 203 -124 84 243 178 -92 28 -246 171 -148 102 -128 9 -81 -20 221 -43 169 -226 167 189 -137 -103 234 -18 150 -100 151 -102 127 107 -28 -107 -64 118 38 -3 -200 -134 -136 180 19 218 -69 -147 154 -19 231 -27 147 -240 186 210 161 -4 -98 29 232 128 183 62 229 241 124 46 -201 -32 192 -215 197 -17 35 -82 205 187 90 188 -168 -10 146 111 121 -7 60 98 -238 -145 141 -144 -175 -218 -122 -35 -160 -167 -88 -121 156 41 44 -187 -49 -210 -125 -38 -117 54 -247 -150 155 136 -30 -249 -250 -222 37 45 -192 51 206 -109 217 145 201 163 -235 -16 -90 135 -91 -146 -12 4 -184 -179 -199 129 14 166 7 223 -57 -188 152 -155 219 -48 
TEST 154 ARG:86 -189 -236 -102 -6 -239 94 -95 239 -137 9 143 -7 201 64 142 108 156 -48 43 -82 236 115 -171 -44 36 220 -24 13 -159 -74 -235 93 -249 235 105 -106 -85 69 98 -232 -177 -234 38 -123 65 107 129 -203 46 -69 130 136 -201 199 21 -231 -20 153 -148 171 -140 202 53 -164 140 68 72 -116 145 162 51 -68 237 70 -152 154 -75 -163 19 117 -198 3 -150 -9 66 120 -51 -192 158 1 -211 -127 -80 161 48 109 -73 -212 -225 -115 -214 -87 -26 -157 172 168 -52 39 104 56 228 22 -155 213 -169 -145 -78 218 -39 -227 -126 90 -170 111 208 -97 131 -153 27 -90 186 -13 -112 -22 58 122 -244 210 52 181 91 183 -120 -204 47 -216 -176 -5 41 33 -138 26 2 141 123 112 -77 249 211 -104 185 -45 223 54 -55 71 -167 -143 -113 -21 126 -109 -54 -154 49 -183 209 -89 -196 6 -64 196 -76 -31 4 246 219 -53 -185 -114 232 -248 -8 -70 -147 -243 133 167 5 -139 -229 138 15 28 -105 -144 205 -29 -103 128 221 -129 76 -222 193 -57 -10 -162 97 -23 119 195 -12 187 83 -245 -250 -241 0 7 160 -221 -58 192 163 -99 222 -187 -224 194 -88 -3 45 -220 88 164 -60 35 -110 -35 81 134 -207 215 -223 238 24 -98 -117 127 -38 240 61 248 67 -49 -134 25 -166 -175 10 125 18 96 -186 89 -173 152 77 -27 -125 139 -160 184 113 -247 245 244 29 -130 137 -79 -18 -71 190 -193 12 -131 -238 -200 189 -228 -93 -86 -108 226 -219 -165 121 191 -195 -199 -215 -2 157 101 16 -184 44 -19 -149 55 165 23 -65 -237 -194 -226 -146 -61 -32 -16 -4 -182 -206 170 234 180 132 188 -72 118 242 203 -135 144 177 -91 -92 -230 -59 -124 -84 176 -107 224 169 -141 -213 -174 63 85 -179 -47 79 -17 212 60 -42 -240 -205 -100 32 73 -172 -180 -217 243 -121 -37 -218 -168 -36 200 78 225 241 30 147 -28 182 204 159 197 -33 103 114 -62 -25 -67 -119 -94 75 198 -118 -197 20 106 110 178 -50 179 -188 84 -136 11 -128 92 82 -246 14 -191 -151 166 -181 -178 214 -158 -122 37 227 -41 -101 57 17 -208 -209 -202 206 95 149 -161 -210 -43 216 -15 -63 74 34 87 100 -190 62 173 217 116 -66 247 -46 -11 175 -233 -242 124 150 -34 -14 8 -156 151 -30 230 233 -111 -96 -81 50 80 155 40 -83 102 -132 135 -133 174 42 -56 -1 207 31 -142 229 -40 231 99 148 146 59 
TEST 155 ARG:193 -229 -250 99 242 -149 144 -27 -57 -152 -12 -100 146 -65 231 35 12 -230 227 -189 186 -179 30 138 -224 -11 71 44 -84 38 68 -78 -203 22 215 41 175 -45 -124 -82 -182 169 -193 -135 -153 -156 82 -56 237 195 -167 168 -110 31 183 248 -120 -184 -218 185 207 69 8 -32 -145 89 -222 -162 -197 -54 73 120 194 152 34 -8 -192 -89 21 57 -221 -75 238 105 -95 -93 92 -242 -248 59 9 -185 -62 222 203 80 3 83 -139 165 -194 19 -114 -102 -151 -154 48 98 153 -202 117 -38 154 182 -63 125 -207 49 -26 -68 -59 -130 213 201 163 -86 46 -97 -158 -77 -79 -117 128 -22 -29 -234 196 67 -211 84 124 -88 172 214 -132 -180 -33 176 189 142 -1 -143 141 85 171 197 75 78 200 -46 64 10 164 28 -42 23 0 20 -216 -214 -101 225 -34 -137 137 116 42 72 -15 -213 -55 -128 -85 55 -14 -219 239 -183 -170 104 33 24 79 -165 -144 170 -50 63 2 90 -141 232 -136 -9 -105 -37 -127 -48 167 -19 -23 174 244 81 157 -40 247 118 -71 113 249 -140 94 -98 161 91 -238 126 66 53 158 159 -61 -126 -195 -245 246 143 -60 -241 -217 179 133 74 -16 -204 -208 -6 -160 241 -190 199 245 -232 103 65 233 -155 -25 47 -51 -41 5 149 130 -81 -129 107 148 -99 -187 27 -246 110 -87 224 87 108 184 -18 6 -74 234 -227 229 191 -13 -164 -188 132 -10 -106 209 205 -249 218 -30 61 114 -80 219 -150 178 211 -69 40 -67 102 50 221 -131 -17 -39 220 122 -91 160 112 -201 206 -198 -191 212 15 37 16 -115 52 -3 -148 51 -233 -2 -92 60 -243 -226 -175 115 58 147 155 -236 188 -239 -205 216 -181 -223 -104 -142 29 -20 139 62 -157 -200 145 45 -116 -70 -212 230 198 -73 151 39 -4 11 -35 14 1 -173 190 -163 243 76 -210 -125 -44 18 181 -83 -147 -220 43 -7 -196 -121 -43 129 56 -146 -119 -58 150 -47 -122 121 235 134 -64 -108 -72 177 32 -171 70 240 -123 93 -53 -209 97 123 226 96 -231 -118 -177 -172 127 106 111 -90 88 86 -24 -109 136 77 109 217 -138 13 -225 95 -199 140 173 36 -5 131 -36 4 -169 -215 -168 202 223 17 -31 -178 7 162 -107 -66 -159 -240 -103 156 -206 180 192 236 -237 -52 -94 25 119 -113 -96 54 -134 -111 204 101 -21 228 -244 -228 -112 135 208 -166 26 -174 100 -161 -76 166 -247 -28 187 -133 -186 210 -49 -235 -176 
TEST 156 ARG:-247 12 193 -221 67 -61 8 -48 229 -147 -179 -132 19 217 15 -237 -94 216 -119 28 174 -228 -81 -194 -135 80 -176 -191 156 -114 -216 92 -57 -110 -72 242 172 -52 -27 47 -79 187 -138 143 87 -145 35 -206 -104 -214 -151 -34 -185 178 -38 -68 238 188 -93 -244 53 -161 -44 0 95 56 223 -24 -129 9 30 220 198 -60 -158 195 48 -56 186 131 -230 -108 -78 233 34 -98 -12 -41 -212 -250 -144 -84 52 -69 192 240 -71 -82 -30 -23 -53 -218 196 94 -45 -155 -51 219 -224 -14 63 -222 58 -102 177 -220 105 145 170 -46 -168 -233 -13 11 26 90 65 83 -209 -146 205 191 239 -62 -120 -156 -197 226 189 -33 204 -42 75 -20 -203 100 22 -234 96 -226 166 132 66 141 213 202 -22 164 -127 -174 -76 -16 -181 -124 -19 181 78 206 222 -165 -31 -131 203 39 114 -126 -66 31 81 -193 180 69 109 243 74 125 -134 221 249 224 -115 -242 -65 -91 -103 -240 -88 23 162 -35 -118 -142 185 161 -136 136 88 -25 232 -105 -219 57 -97 128 -59 227 -196 -117 -170 -83 -245 86 184 190 -169 -208 -6 130 10 -106 -163 -239 -246 135 -241 -154 103 -63 46 -122 -217 -73 168 44 102 241 72 97 118 40 -80 -32 -10 107 17 37 -205 150 147 -95 85 -90 5 -167 -225 -128 18 -107 -96 60 -177 -164 77 157 134 -9 -113 -125 137 197 42 -249 -40 16 -160 -236 -152 119 -1 32 235 176 -183 -211 237 218 175 244 120 116 207 -64 146 110 210 -15 4 64 -100 73 -202 7 -109 -172 -47 -141 54 113 6 -173 -184 169 201 140 -137 -223 -153 -5 -3 -28 138 20 228 -162 -192 93 -11 -133 -157 -39 -227 -213 59 158 133 121 106 -8 124 49 -199 -243 167 -186 62 2 -55 212 24 50 247 -231 160 148 -74 -180 200 25 -148 -70 70 246 -2 21 127 -116 -248 -229 153 214 154 -50 -4 68 -123 155 13 -143 209 236 -86 82 -140 248 99 -37 -130 -21 -159 139 -89 -175 -29 -207 -112 -198 112 55 129 -77 144 14 29 3 79 -58 -26 98 -18 -121 -101 -99 245 -166 -75 1 117 -188 111 71 142 -36 38 -200 -7 -210 230 234 -17 91 165 -235 -49 45 -190 -171 159 122 -238 225 -187 33 231 -204 84 215 -232 61 104 183 76 -182 -92 208 199 101 149 -150 27 43 152 115 -54 173 -178 163 -87 -43 -189 -111 108 171 211 179 123 -201 151 -67 -85 182 89 -149 -139 41 -215 36 126 194 -195 51 
TEST 157 ARG:-179 -99 -16 167 61 -37 -121 -35 -13 -197 -203 67 -143 97 169 -200 -189 159 -213 69 121 -238 -205 212 -7 230 -139 -202 180 42 7 120 -126 118 -172 174 172 -141 -76 66 -15 -229 13 39 195 -51 -169 48 86 193 186 119 -79 -62 -235 -80 203 -144 -181 165 -152 41 215 -75 -177 202 -5 -107 214 -77 9 -187 -208 -44 -160 -91 44 64 -88 -73 -207 -234 237 -134 -218 154 -209 -175 11 -244 -199 135 -28 -64 217 163 179 168 133 -100 -33 -42 -10 127 34 -194 -6 58 244 -83 152 -89 102 232 -55 -96 -225 236 59 21 -245 -116 171 88 49 -173 79 -184 87 -57 -221 -162 234 -17 164 199 -30 151 83 -123 189 -142 -233 -226 -115 -147 249 -212 105 47 -27 -47 -158 182 40 134 -90 -109 184 -9 137 -69 149 51 126 -101 -239 -41 106 -31 144 3 -84 -87 89 -2 -150 112 -72 -132 -54 -211 139 35 60 43 -180 -214 84 140 -45 18 143 196 116 46 209 235 -12 211 24 32 207 -70 78 14 -224 132 109 240 101 -93 -117 -192 4 210 -18 226 -24 183 -131 117 114 -4 100 242 12 201 173 -127 -95 91 -19 -120 73 166 -190 187 8 231 -148 -114 29 198 -135 -170 -22 185 94 227 229 162 -241 128 -1 129 33 -110 62 104 -247 -29 96 -36 23 216 -53 16 -119 -159 25 -59 213 148 191 131 -103 -137 57 157 -58 1 -242 53 17 19 -34 -174 200 225 -38 31 123 -94 125 223 70 108 -63 -21 63 -133 155 -146 246 -154 141 68 80 -32 -210 190 45 197 115 -178 -67 -86 -20 26 -157 -26 95 -206 81 2 146 181 -52 -140 107 76 -128 158 54 0 -81 71 -145 -166 10 20 -248 -149 -49 5 -163 -48 156 -196 52 160 233 -60 113 -204 65 -151 -217 176 -231 -182 75 55 -249 6 -195 -188 22 -61 -105 175 -219 -156 99 -112 243 247 -138 -165 82 -243 103 -164 -153 161 -78 124 -23 -98 224 147 153 -193 177 30 27 15 -223 -113 72 37 -129 -97 218 -216 178 110 130 28 -39 -250 205 138 -185 248 -161 -167 -66 -168 90 -74 122 -155 -46 -191 -125 206 -246 192 -171 -215 -118 -102 -130 -40 -227 145 -124 220 -240 -65 -82 -136 -237 -92 -230 -56 150 188 -85 93 228 -43 85 -111 239 208 36 194 -68 -14 245 50 -236 -186 -8 204 -122 -198 219 136 -228 92 74 -220 -108 238 -25 -222 -232 77 221 142 222 98 56 -71 -201 111 -104 -11 -3 -50 -176 38 -106 241 -183 170 
TEST 158 ARG:153 69 -227 54 75 227 -103 -222 -31 165 183 138 -188 -205 -125 103 -183 151 32 -189 41 150 -218 145 -160 -102 -248 208 161 -61 -28 -10 -72 -244 -69 -96 107 85 -239 114 -4 186 133 -140 80 194 187 -2 228 -80 236 95 -223 -51 33 37 199 136 -123 87 179 -191 55 60 230 90 -62 22 -58 -54 36 92 117 -172 215 -3 -94 162 188 192 -228 89 -93 118 -235 -95 174 57 -219 -68 127 173 35 -143 64 -165 154 -107 121 -52 -133 -99 190 -147 5 7 12 147 -5 106 -178 -193 -108 -27 -75 58 109 56 -59 204 -83 -249 -1 -41 28 -150 222 -114 -184 -115 3 -229 -21 -217 -14 223 26 -234 115 219 94 -151 -32 -226 158 -232 -104 -149 -46 -13 -70 -74 122 25 178 -173 189 211 -152 184 -196 213 163 100 181 -176 70 -57 -182 78 -106 248 110 -38 -97 -179 129 101 -137 -146 232 146 66 -209 221 19 120 24 -117 -35 113 98 -78 -230 -163 218 169 59 38 99 155 -89 -16 -79 -6 -129 31 200 76 -118 159 220 -40 185 -110 -241 -48 -192 241 -77 16 91 -100 148 -159 62 -224 -22 105 134 -127 -126 -17 -203 191 207 -236 -169 167 102 -198 -211 9 202 -131 61 143 243 -156 -29 -19 63 209 205 53 45 -42 244 171 -86 242 -34 93 65 233 -145 201 -240 112 -91 -24 1 144 72 -174 -199 245 -180 -175 20 229 225 206 -47 152 -242 124 -187 -190 111 160 196 -168 217 -225 119 231 -116 -201 68 -206 139 234 -44 235 0 -73 15 175 -49 88 44 -9 149 -113 14 -53 -120 -134 -124 -208 -55 137 -101 18 -243 214 83 4 43 -81 180 116 -82 -92 -246 157 42 -119 67 34 -195 74 164 197 -231 -45 -216 -112 -167 10 -177 -202 -162 82 240 -111 79 130 -76 -171 -87 6 176 13 193 47 71 73 49 142 -88 -210 -142 -158 -250 -155 2 239 -20 -64 39 -60 81 172 123 -194 17 108 -185 77 216 -15 168 170 40 -12 203 97 156 52 -247 131 249 126 -237 -98 -43 177 -164 -138 -26 -215 210 125 -130 135 -8 51 166 -23 48 224 -132 -18 195 -213 -128 -63 -220 96 -148 -39 -161 -122 128 -66 -7 -166 -67 -105 212 27 -50 46 -36 -71 86 -121 29 -109 198 -37 -157 104 21 140 -214 8 237 -212 141 -139 246 -153 23 -204 -181 -144 -141 238 50 -30 -136 -238 -154 -207 226 -84 -170 -245 -186 -197 -200 132 -135 30 -85 -56 -25 84 11 -221 182 -11 -233 -65 -33 -90 247 
TEST 159 ARG:-153 240 -61 -51 243 182 76 44 24 -57 7 230 32 233 -70 -75 -109 132 19 137 175 57 -94 185 -217 -122 -185 6 235 75 -228 -72 -74 -149 63 79 178 169 96 -107 207 -226 232 -159 78 80 245 -80 -54 -182 -212 113 58 239 86 -139 -87 -179 161 -11 213 -48 -233 -173 -89 33 -244 187 -187 184 -135 122 -4 221 -236 2 28 -49 -178 92 114 71 -133 200 -8 39 -130 116 186 -186 4 205 64 -136 -166 43 135 -55 162 45 -26 119 217 165 -145 120 -249 228 -77 210 46 147 -171 93 -5 -2 140 151 0 179 181 102 -84 -204 -152 143 -106 -115 234 13 -250 -43 -198 51 129 -31 168 88 41 -184 247 190 -207 67 103 231 -15 -181 98 74 9 212 211 31 197 177 -85 130 159 -134 -202 -141 -190 11 -110 56 81 -119 -220 -35 155 25 -246 8 -36 -46 215 -104 -81 -151 -241 -86 -99 204 22 -58 149 36 123 -18 188 246 -13 157 -56 72 105 -197 148 238 -113 -22 -205 -199 209 244 176 -9 218 -127 37 -123 110 163 -219 -16 104 -82 227 156 -92 -116 -206 77 -213 -59 223 -34 139 -91 -30 -65 -239 17 -97 -138 100 53 -17 202 -148 54 29 -225 193 -194 106 115 -126 -165 131 85 111 249 90 -235 -158 -208 -221 152 -10 91 -101 -247 -155 -242 220 -162 21 -98 173 -222 35 128 48 142 154 -157 118 -37 127 229 -183 -12 109 30 95 89 -248 -112 -224 12 65 -168 -124 -62 70 34 68 219 82 -196 222 -73 216 -160 26 -188 196 -215 -33 -245 225 -67 -232 -229 -177 -120 -1 121 144 195 -230 -14 -223 -240 198 237 52 -132 -189 -193 1 42 -19 -50 -100 -53 -211 -161 164 138 194 -21 -191 125 -108 166 -164 -76 -41 -47 -163 -142 -66 -68 23 83 5 -180 -195 203 101 -227 -216 59 94 18 -69 191 -105 -78 236 -147 84 -42 27 50 40 -125 -238 134 126 38 -214 214 -71 97 -64 145 49 -156 158 14 -111 -95 189 -52 -93 174 -174 226 170 -140 -144 -38 160 -131 10 -25 180 248 -237 -39 -20 -243 206 -175 -63 -79 16 -128 199 69 66 61 -45 242 -23 -210 -176 -103 87 -88 -201 -234 -192 -117 -137 -114 208 -150 -169 -90 -29 -203 -143 183 133 -60 -218 20 -154 -172 153 108 -7 -44 -146 47 241 55 3 -24 -118 -231 192 -6 62 -167 -209 -121 146 167 99 136 -83 -96 -40 117 201 15 124 112 171 60 107 224 -27 -129 150 -200 141 -170 -32 -28 73 -102 -3 172 
TEST 160 ARG:134 -96 -123 -57 -24 208 187 9 -239 85 49 214 89 138 129 -153 74 -29 -71 120 -112 237 -98 -164 51 117 224 -130 95 140 -65 -173 114 48 -31 35 -196 68 -77 -33 198 -128 65 -16 179 118 143 -161 -157 -219 -120 -221 191 216 -17 23 248 -185 -247 192 -131 222 -143 -149 225 104 -187 60 -51 235 172 158 195 152 183 28 81 -20 -217 99 -23 16 75 178 54 -238 -75 -244 -78 -28 83 -52 -236 50 -233 -150 184 246 -118 -115 -35 -7 52 17 69 210 -85 4 -116 34 55 40 -203 -72 219 213 126 -45 -129 197 30 -172 -246 -49 142 14 78 -134 176 147 72 -44 -90 77 242 107 211 -159 6 137 -142 175 -155 -127 127 -138 203 108 171 201 167 226 -21 -108 -84 -2 -105 -18 -202 66 -95 -5 -144 -15 169 240 162 45 19 182 -146 39 110 25 -119 -156 -62 236 -133 165 0 -39 -74 -14 8 249 -215 -231 233 -106 -176 -206 24 -216 190 112 91 -191 100 174 -175 79 163 -121 229 -58 -104 -170 -80 -224 -178 -163 -103 15 221 63 -154 116 -158 10 -10 -152 86 -91 -235 76 -208 90 -92 82 130 -68 -198 3 56 194 228 -94 64 170 -12 -76 26 41 231 1 125 244 -9 -97 206 215 -36 106 111 -139 42 223 -145 102 -183 5 -64 53 -1 47 -48 -63 31 -125 159 -166 -230 207 -87 -171 2 -50 202 -13 80 122 -222 234 -11 180 -168 -43 196 141 -180 70 -22 232 150 -82 71 38 -93 -177 -212 -124 58 131 -207 -225 -242 -113 -46 -136 154 -241 -186 -188 148 -160 -165 -132 -81 -162 188 145 -226 155 87 -193 153 -205 98 -60 33 185 103 124 -190 93 109 -111 173 -4 177 -100 132 21 32 -32 -200 -223 -42 94 -179 123 121 36 59 -79 133 -240 -137 136 -117 144 -54 199 -102 -194 -237 -220 -182 151 13 -73 -109 22 209 119 -167 92 -228 160 61 -53 -30 166 115 -3 -8 84 101 146 243 113 -34 7 -83 -70 -151 -148 -38 168 200 -69 27 156 193 -218 73 88 -141 -89 -210 227 -232 135 -25 29 46 -213 -67 -204 212 241 -209 96 161 -86 186 245 -27 217 -41 -189 44 230 -140 149 -243 157 -135 218 -126 -184 57 -234 11 -147 105 220 -66 -201 -101 62 189 204 -99 -195 205 37 -214 -181 239 -61 -250 12 247 139 -26 -229 -197 -88 -199 -227 238 -37 -55 -245 20 -174 -19 -59 18 164 67 181 -40 -114 -47 -107 -56 -248 97 -192 -169 43 -110 -211 128 -6 -122 -249 
TEST 161 ARG:130 -132 -94 -203 80 20 -239 -190 201 187 -200 -61 232 156 -186 219 86 -237 -68 6 -49 151 235 213 -99 124 108 60 -5 -240 -170 -222 95 22 -116 -173 -92 -137 140 221 230 -46 -225 203 -44 -21 -34 49 -54 212 71 238 -139 111 243 -67 10 45 14 -79 50 101 192 -249 -182 191 52 -113 -175 -231 84 74 177 -63 215 -223 -28 66 -159 -84 153 -158 188 -85 116 -229 67 217 -241 -122 -3 237 -185 76 69 242 -127 121 150 241 239 -129 -14 23 225 -167 -47 -22 168 48 -136 211 117 -60 11 2 -242 -112 12 -39 -103 -111 133 228 218 -131 -227 196 -197 -143 -184 -198 182 245 -133 113 -74 -78 195 -243 185 135 -221 -118 -56 -48 21 -16 246 -215 -115 -192 -117 179 114 59 -157 -205 -208 233 -62 -217 -15 -43 87 174 -20 42 155 223 -45 162 -195 83 127 -105 -204 -82 25 183 -181 112 91 167 35 118 -64 -196 -230 248 47 94 64 186 -58 158 119 79 -71 175 226 -134 107 149 -154 70 -209 55 -102 131 -193 53 224 170 142 -189 56 92 -52 16 33 63 163 61 200 65 58 -101 -90 -88 -37 234 -73 -156 44 -12 193 -188 -106 -211 -107 249 28 13 171 -59 -97 -98 244 1 24 216 -147 199 -244 30 165 181 -218 38 -89 -91 -236 136 209 -180 -4 -220 39 -9 -35 15 190 123 -125 146 -183 -207 5 -161 57 125 -219 104 -166 -81 -57 134 -33 154 197 -124 -8 176 -126 -163 -108 103 137 -235 222 82 -30 78 144 240 -145 36 214 -135 -234 -168 198 -80 139 -164 -140 231 -172 227 -31 3 -171 -150 -194 0 122 43 89 100 -119 31 -121 166 -176 -38 -212 -142 17 54 -69 -95 161 8 180 -238 -250 81 -86 -41 99 -10 -87 -72 -75 46 -100 -174 202 236 -141 -153 34 75 -40 -50 194 -144 93 -53 -160 -247 -104 -24 207 -76 126 -162 -29 -148 -65 -179 40 -114 178 -224 132 138 -19 -17 41 -165 173 -70 159 109 -245 -42 -36 90 208 120 -178 164 -83 -109 -7 105 27 -123 128 -155 -27 -187 157 -32 51 189 19 7 -2 -77 -23 98 -232 88 62 148 68 -51 -128 220 -6 115 -177 -93 18 -110 169 102 -25 -214 -191 184 -55 26 97 -152 -130 4 172 -226 152 73 -151 -18 -233 -120 -201 -202 72 96 -13 -66 -210 37 -146 141 145 247 -246 229 160 147 -248 -138 -199 77 143 -206 32 85 204 210 9 129 -169 -228 -216 29 106 -1 -26 -213 205 -11 -149 206 110 -96 
TEST 162 ARG:-231 -143 -234 -164 -183 -66 -206 -65 -155 -225 187 -131 -50 108 -61 84 233 -89 222 -161 198 60 -67 -97 -98 16 -240 106 -53 113 -13 -170 -168 82 -12 143 76 -49 67 4 -36 1 146 -189 130 -113 -86 -64 0 177 -128 -248 -6 192 78 -125 -165 65 -2 35 245 -223 80 229 -209 179 44 139 -26 -33 53 94 -162 -232 -208 221 -142 -84 -116 107 -71 121 -153 117 -193 132 224 -85 57 2 28 -79 216 -197 223 -107 -169 24 134 -214 -220 92 3 -134 157 -213 220 -102 140 -21 61 -175 -229 236 -101 123 66 -57 25 242 -14 -22 -24 32 33 -196 128 -243 160 210 243 85 189 237 238 -194 -212 199 58 15 207 -239 -244 -29 -227 97 -83 114 21 -226 -139 -185 -137 -93 219 218 136 -236 240 -90 -43 23 166 246 -180 -123 -178 -55 202 -41 186 43 100 13 -205 81 -152 149 17 213 -242 93 -25 135 -207 -44 -37 244 141 7 -95 226 -250 62 -104 91 -146 -195 -136 -216 -63 -54 72 227 205 137 144 196 116 142 -81 -73 206 83 69 188 30 209 170 -34 -80 87 -184 145 122 98 249 -31 162 8 -181 -59 -149 46 -23 79 18 -109 -127 241 12 102 103 -129 -122 -215 75 56 161 234 -60 64 185 -69 217 -151 9 195 -99 -245 230 -192 203 -166 -188 204 6 -191 131 148 54 211 153 110 -211 228 -28 -190 -132 19 -126 180 -8 -154 165 89 -177 156 27 172 -106 -110 247 -199 175 -124 152 -115 -52 155 -235 171 71 -1 -201 -224 -58 239 51 -120 138 77 -238 -138 40 36 63 38 -51 154 -27 -46 -218 49 -230 -96 -174 -219 164 -237 -88 -200 109 191 173 -15 48 147 129 112 -77 -182 74 -147 -119 133 101 125 -148 11 120 -114 96 73 -91 124 -39 -249 -19 -135 -145 -62 29 -56 -202 151 -246 -133 -112 -75 -45 -217 -32 -17 86 104 -20 -210 -157 -176 174 -76 -70 197 163 -179 70 -221 194 5 167 -74 90 -100 47 -167 150 -111 -18 -171 95 -121 215 225 178 -16 -140 50 -78 127 -105 -35 168 -87 158 52 119 -130 201 -5 -48 -40 190 235 126 -38 31 -68 -173 -222 184 -198 -203 181 -204 -117 -158 41 159 -141 176 -156 193 -103 55 -10 -4 231 -118 214 169 111 -30 183 20 -11 -7 37 -94 22 -150 -3 -247 14 -159 248 -108 -42 39 115 -82 118 208 -228 42 -241 -163 -160 -92 59 26 34 10 88 -47 -187 68 99 -144 -233 -9 182 232 -172 -72 200 45 -186 105 212 
TEST 163 ARG:-75 -163 -148 -55 196 -33 -7 -51 -156 139 177 -117 -67 -102 76 230 -93 55 62 -192 26 -17 143 -80 142 189 3 222 -14 -65 187 -95 -34 106 -98 -38 42 -42 150 -152 191 153 48 -183 -134 118 232 -229 -43 -155 -236 -2 166 124 218 107 206 61 -239 160 183 98 -193 -120 174 -107 15 224 -25 247 72 -136 -225 90 -23 29 -237 -47 138 -111 -240 135 -161 194 126 -210 -37 -235 146 -4 242 -127 88 -116 -204 57 -165 -59 171 -56 152 223 210 134 -186 193 151 -143 211 7 119 87 -249 -215 -74 27 -85 69 -13 -217 200 54 13 -9 131 167 -21 141 22 -128 103 231 81 -76 162 82 6 43 19 -132 -160 113 -197 117 112 -31 -170 -213 70 -177 -176 -103 8 132 -189 68 -182 -205 2 -199 -108 185 -91 -196 52 219 63 -110 182 -141 77 16 1 -242 198 91 -119 -105 -86 49 34 -232 67 175 228 -121 93 -3 -178 -157 -118 239 -99 -233 -173 -90 202 -203 101 114 -96 39 -220 -39 176 -153 -223 66 21 221 -216 -97 -61 38 204 -154 238 -166 -10 -198 148 173 -241 40 73 97 -81 85 -218 -222 -167 -164 -41 -191 -133 -87 -248 -36 -123 33 78 -68 -46 -79 46 105 248 -92 95 157 89 -35 -139 186 -54 -227 -168 -78 -246 -15 136 -69 -184 159 37 -64 44 240 184 233 45 236 -84 -28 -101 -52 -131 237 -201 122 -125 -159 -40 -146 -83 -212 -228 243 -11 229 -88 -82 -221 -73 104 79 -174 56 -144 -58 249 80 115 -150 50 -94 -208 24 125 -180 205 -100 -19 -62 234 -169 -24 188 -114 -20 195 -185 11 -12 111 -231 -187 -29 -234 -115 36 12 -113 116 -250 -106 145 30 -53 154 32 216 181 -89 71 213 -63 -209 53 83 4 -30 35 128 168 -175 130 9 244 65 -126 214 -245 -5 -104 217 92 -224 215 20 60 163 -70 -230 235 -122 -6 100 58 -50 -48 156 -32 31 178 64 59 164 18 -112 137 -130 199 197 133 -181 -16 147 -226 -137 23 212 84 192 209 17 120 94 108 -149 41 -57 99 121 190 203 241 -66 -172 149 -45 51 -162 86 -200 25 140 -8 0 172 -211 170 -238 -138 225 -214 127 10 -27 -190 -77 201 -1 161 -109 28 155 123 75 180 -207 220 -72 102 -49 -194 -151 179 -247 74 -22 47 -18 165 -140 -171 144 14 -179 110 -135 246 -124 -71 109 -219 169 207 -195 -206 158 -44 -142 208 -145 -188 -244 96 -158 -147 129 5 227 226 245 -26 -60 -129 -243 -202 
TEST 164 ARG:-200 -238 204 -33 125 -48 217 -173 85 54 -229 13 26 -114 183 -120 -132 -75 246 -246 202 243 -144 -6 7 -153 50 155 212 63 -25 18 91 94 51 -90 75 199 47 -150 -96 200 -212 214 -239 -221 175 -91 81 218 172 -84 163 201 -141 185 -16 12 -63 -56 159 -223 -247 34 -192 2 -70 -130 136 -216 178 187 -106 -43 140 -26 62 46 -28 -20 -15 -122 -112 -156 249 -109 -82 24 28 151 -113 23 -129 197 234 -71 17 -240 -180 -107 156 -116 -157 166 0 141 -34 -242 -38 118 130 -184 -102 -183 232 -194 -49 -12 56 -136 221 158 -92 -7 -62 186 -87 -231 76 -2 -51 -191 -210 -220 113 -35 225 -174 -235 -57 49 111 102 66 110 88 -9 -218 -248 -137 -205 -211 90 171 10 -182 92 -110 207 -40 247 203 -31 -52 31 -5 105 -55 233 73 -101 184 211 72 -3 -215 224 106 241 228 -158 -170 148 38 227 -125 120 174 -118 195 -76 189 89 84 -134 236 -190 15 21 -77 -209 64 9 22 -14 -193 139 123 55 67 222 -241 -236 237 216 205 240 78 104 16 27 35 82 100 -80 -160 25 -181 -81 169 -78 101 190 173 98 -202 5 127 -36 -197 -115 -155 -69 152 -39 -119 162 6 43 -23 53 242 -179 -169 -185 121 97 192 -143 132 45 248 -68 -151 -13 230 40 206 -135 167 93 -154 -27 -10 -219 -45 -74 -1 143 -64 108 -175 79 11 -41 48 -186 -168 68 116 -22 -128 -232 -204 133 87 198 -152 -226 96 -177 238 -121 -172 193 129 -50 115 -245 154 42 219 -54 -161 119 74 -123 235 170 114 229 -243 149 -95 77 -66 -85 215 -73 37 135 177 69 124 -117 61 142 223 -60 99 -233 -187 122 -145 -105 -88 117 231 -159 146 209 157 -178 -65 -196 128 -140 36 -103 -163 -98 179 -244 -188 -93 -67 -206 -250 -19 20 -83 -230 -199 -59 -203 -217 138 112 -146 -42 164 -207 213 -222 57 -89 19 -201 -148 60 -104 39 -72 -17 32 -111 -164 71 -167 58 -46 -176 4 52 194 210 -53 8 -131 144 1 -47 150 -171 -37 188 176 103 196 -58 95 134 -138 -142 -44 -127 -147 80 165 -30 -24 -4 -108 168 -234 239 83 -227 -99 70 161 107 -224 220 -189 -97 -225 -32 44 109 59 153 208 145 -133 -214 244 -139 -165 -18 245 181 131 14 -29 -249 226 191 -100 -61 -8 -166 65 160 -86 -149 3 41 -228 126 30 -237 -126 182 33 -208 -21 -162 29 -213 -79 -11 180 137 -198 -94 -195 86 -124 147 
TEST 165 ARG:89 -161 -2 -153 203 213 -154 -29 183 26 -100 81 -208 -93 80 -20 -216 43 -63 -27 -240 24 68 -205 167 38 171 -127 135 -56 74 155 -109 131 114 -202 249 -207 152 231 100 242 2 122 21 -206 -96 179 -26 86 -225 -149 -178 -193 -223 -39 186 -244 -121 -28 -47 -94 54 -104 44 -198 32 -230 -233 -224 31 -136 -12 -179 92 -172 63 -52 190 10 58 -114 -146 -91 -16 -203 212 -197 225 237 76 224 127 194 -78 14 -140 145 -236 49 -41 4 164 -34 -134 -150 217 -70 -217 -188 -122 -152 -182 99 -199 -118 -105 -246 -173 -204 5 239 112 128 -76 3 -219 -69 -241 153 -7 -221 -67 27 192 248 -48 18 -174 219 -58 132 -168 47 170 -22 176 -169 -40 85 98 55 139 147 -75 199 197 116 243 137 39 -171 -156 -86 15 65 168 138 17 -53 -45 158 -117 56 -81 193 -102 232 -243 -126 59 144 246 -38 215 45 11 -92 -147 87 201 -35 165 71 83 72 -235 -11 -66 69 195 -64 208 121 -74 -5 123 209 8 -72 185 -195 53 238 84 -43 174 134 -95 143 -68 184 35 221 204 -191 -3 -6 -33 157 -237 148 16 107 211 -229 202 -137 214 22 -9 -51 -201 -83 -31 120 -151 230 101 -90 133 222 -107 187 52 -166 75 -144 -138 7 -116 -15 175 -85 -148 191 126 -131 111 1 -167 -98 -177 -23 -24 -123 -165 -49 -186 228 -61 129 73 37 245 -142 -1 -145 46 48 -108 -222 206 104 161 -176 -212 -17 23 -211 -155 -101 -231 -170 169 -124 77 -226 -84 159 105 -164 -189 196 -250 178 149 -25 -60 6 -135 106 95 94 227 82 200 142 244 146 102 -249 -111 -125 -21 -184 -129 -130 119 -80 -82 -99 -37 216 -32 93 12 210 34 -183 -54 -113 25 141 -46 57 64 88 -187 20 -209 -227 96 67 -210 -132 19 -141 -10 -248 -181 163 41 -192 234 -239 -238 -18 -97 115 -13 -158 91 -19 -71 -143 235 -213 -180 207 160 -30 42 -185 -157 247 13 50 -162 -88 166 -115 -79 223 61 40 198 125 -218 -112 62 -232 33 156 -200 -175 180 226 -214 -228 9 66 -55 117 172 154 -119 136 220 188 -215 108 124 182 205 -44 -87 -106 110 -50 90 -159 -163 241 233 103 -4 28 118 -59 -196 -194 -242 162 -120 177 -62 -220 229 36 -14 -77 -89 130 78 113 140 -160 109 -65 151 218 70 -133 236 150 -103 -234 240 189 79 -247 60 0 29 -139 -42 173 51 30 181 97 -128 -245 -8 -110 -190 -73 -36 -57 
TEST 166 ARG:45 191 200 -135 91 -220 178 -52 168 77 -94 50 -119 64 208 -46 -179 247 175 179 58 -177 249 -249 -56 112 114 138 -228 63 -195 -14 150 166 183 -196 -161 -122 -117 83 48 -225 -72 -76 -145 215 1 121 35 -85 -84 155 11 246 55 -127 -148 231 3 106 -109 59 -150 165 8 89 221 -34 2 -206 199 -239 -185 -136 157 15 -172 105 -31 116 -115 73 -238 -124 -81 176 26 -65 -63 -108 -199 -114 172 -45 22 -74 96 69 -153 -165 -51 160 -178 209 167 -53 243 -175 141 117 137 -113 -158 128 87 39 232 12 139 -68 152 28 -240 201 41 -66 -215 9 -160 102 -77 234 115 -61 23 -89 -112 -28 109 -58 79 211 74 193 40 -16 -123 -22 -166 103 81 -189 -107 -194 -75 192 0 76 -97 -156 188 -149 33 -54 -134 240 -132 119 226 230 222 -19 -202 108 30 52 56 -222 46 135 190 130 219 -125 99 -139 -67 -126 239 129 -168 -5 248 -129 -171 66 125 7 182 181 161 153 111 177 204 -105 -11 -35 -162 -111 13 88 -49 90 144 -232 -231 -216 -9 227 171 233 86 94 -6 -205 -4 136 -23 57 -98 184 -188 -7 -247 -104 241 -154 -86 -24 34 -93 244 162 -70 10 -71 43 154 164 -59 212 217 173 -82 149 235 -88 -169 -182 75 -48 151 -79 72 -147 -246 -204 -187 44 216 -95 -144 207 -152 -116 220 224 -20 -197 14 -143 -244 -243 -151 98 -40 37 62 198 -10 -18 71 -233 -38 -2 189 -237 -26 -55 -146 -62 159 142 -41 214 -1 -3 228 180 147 38 -12 148 -218 223 -164 -174 51 -248 -236 107 -120 195 -191 145 -91 -17 237 -230 93 6 -101 170 120 36 -83 -159 -99 -103 -211 -90 95 156 92 -181 61 -200 202 84 218 -96 -210 -209 -227 29 -180 47 110 -13 -30 -242 49 124 236 158 187 -193 -167 -245 -173 -241 -128 210 -190 -131 21 -57 -92 53 -37 -43 -207 -42 229 97 70 203 67 32 31 -27 -198 -47 118 -201 225 -80 -219 -15 -121 25 126 -226 -102 134 104 242 20 174 19 185 60 122 196 42 78 -25 -69 54 -50 -8 18 -157 -110 -73 -140 4 -106 163 80 -192 140 65 213 -234 143 -87 113 -60 -33 238 133 -138 169 -21 -217 -78 82 206 131 -142 -213 -137 -203 -223 194 -155 -64 -118 5 16 -212 -184 24 -100 245 -186 85 -221 -176 -224 -133 -32 -229 -235 -36 -141 -214 -29 -183 -208 -39 146 -170 132 101 100 127 27 -250 17 197 186 68 -44 205 -163 -130 123 
TEST 167 ARG:-167 -169 121 -122 21 -162 -142 123 -59 -32 18 -120 27 41 -198 -211 129 -108 -249 192 215 -35 51 38 44 -182 -21 147 145 -166 158 -30 -126 -80 108 87 96 -29 -114 170 3 25 -23 88 -54 -42 196 23 -146 -214 132 122 -225 -89 228 103 208 -219 169 62 -112 183 -117 143 -143 224 -237 0 -38 -128 70 -41 152 59 -85 -245 -161 94 -17 -95 115 135 -202 106 -102 -49 -113 -216 230 -26 165 -87 -150 191 -106 126 -179 -27 161 74 227 -133 -111 127 -40 231 212 195 -183 -64 -153 168 29 -91 -149 9 91 -240 164 -47 109 83 -197 249 -11 203 112 -116 60 -70 -60 10 -9 -250 244 144 110 163 226 -168 36 199 -242 -190 46 55 -36 -61 -177 -96 142 -13 -92 -201 -246 167 22 49 73 -79 28 78 97 146 105 53 -172 218 -71 -140 137 173 11 71 30 -129 -159 75 239 -1 235 76 -147 -14 -83 -244 -188 -51 -75 -84 120 77 54 200 -62 -78 185 116 104 150 -154 -8 -248 -170 180 -123 -195 -138 139 -241 16 -10 -4 -28 193 -205 -238 -52 130 72 -173 -204 -164 50 -135 35 166 -94 99 177 -234 181 -107 24 149 -18 -192 219 141 26 -217 -144 248 -233 -131 -127 13 14 -12 -220 -82 175 -212 5 -63 -185 242 101 -191 136 179 -25 -88 204 -39 119 33 -180 64 2 236 -228 69 -69 -93 229 -155 -3 95 43 102 232 -90 92 237 84 63 117 -165 211 -186 -189 151 -232 -24 -67 -109 93 -43 -65 56 81 -130 -50 -229 -157 12 153 -141 134 172 184 -163 -124 -139 98 100 124 217 194 -176 -156 -44 -77 225 -98 -174 19 -239 -2 -7 -136 -15 -118 47 -68 -196 52 247 20 223 -45 209 182 -33 -66 -160 80 -97 159 174 -193 -125 -81 -178 214 -209 148 233 40 246 111 -134 -119 -34 -210 189 -6 -224 205 67 31 82 86 -57 65 140 42 154 206 -48 221 -218 -137 39 162 -151 -46 -37 113 213 -213 -184 -247 222 -148 220 61 85 -175 48 -226 -145 -99 -208 -243 201 190 32 -22 156 -223 -103 -53 79 -115 -235 198 138 -86 -72 -227 114 -222 68 -56 -101 155 -16 238 240 186 -207 57 125 -132 -215 210 90 37 -171 66 -19 176 -181 1 -100 157 128 243 89 8 -203 187 118 107 234 160 -236 -231 34 241 -73 188 -31 171 -206 58 4 -158 202 131 197 -74 -121 -58 17 -194 -104 -20 -152 7 133 245 216 -230 -199 178 -5 -187 -55 -221 207 -200 -105 -76 6 -110 45 15 
TEST 168 ARG:-72 117 132 161 76 -121 -226 -75 -139 213 59 170 27 25 -53 -201 -193 -214 114 16 209 178 -29 220 235 -181 35 -138 68 239 233 51 -116 -27 -205 -14 109 -8 149 219 91 -213 24 -174 -60 -235 26 182 8 -197 -148 56 -190 -225 205 217 -216 96 57 201 -247 -123 228 197 -152 108 159 157 3 33 -45 145 -42 -6 11 -83 196 165 192 84 144 45 164 -113 119 204 30 -43 214 -221 75 112 133 44 128 -105 -160 -177 -66 31 167 -149 104 14 -10 -220 -249 174 -5 -234 -59 -186 218 99 125 -7 166 -248 123 -56 179 -176 -132 82 -169 -115 185 211 4 177 225 40 223 22 43 -237 -232 163 -200 234 120 63 17 -196 -118 -39 -47 93 242 71 -209 -188 232 98 70 -185 92 -46 -125 -55 10 131 -173 65 181 -215 -211 -21 -73 -99 172 -50 -82 -93 184 156 -182 248 89 -1 -91 80 19 -137 7 -13 95 247 60 90 230 152 -243 -57 -145 -151 67 -246 158 -157 -81 -68 62 -204 0 18 238 54 160 -58 227 -63 -217 244 224 198 -208 -250 72 154 210 21 87 -199 -150 -164 180 122 -78 153 138 47 121 79 231 -86 -239 -159 226 -153 -48 74 203 39 69 -85 -26 -135 -15 143 -18 243 -244 -130 -41 -192 -228 -4 146 53 118 -108 194 -87 101 162 -36 186 -236 -65 1 -162 208 77 -187 -141 -61 -84 15 -166 110 9 191 -158 28 -67 -245 -49 107 -154 -92 -104 -240 215 -175 -20 127 -114 -202 202 -189 106 -222 -101 5 189 64 -89 -19 -133 111 173 -35 -179 169 85 78 -184 151 -107 -98 134 241 130 126 245 49 -106 -24 -9 -136 94 229 246 -79 -131 137 100 175 207 147 -134 -17 -206 -194 -143 -172 -218 -210 -70 -140 46 -112 -23 -34 -25 -195 -198 13 140 187 -168 -117 -103 -109 -231 -30 183 -230 -64 -77 -94 -127 240 38 83 41 129 36 -54 -96 199 -80 -219 -40 -100 -31 -126 -146 249 -144 -212 -51 97 -22 -128 103 -12 -124 176 136 66 52 42 88 -44 -71 -3 150 -2 135 -163 206 236 -11 148 -90 86 -88 -180 -203 34 55 237 -32 216 73 -238 20 6 -155 -227 105 50 -223 -110 -142 -16 222 200 -102 141 -167 37 -69 -37 124 188 29 -241 142 -191 -95 -183 -74 -33 -62 102 -156 116 193 113 61 32 -122 -38 12 -119 -129 -97 221 -161 168 -224 -76 -170 -171 139 -120 -52 212 -165 81 58 -28 155 -147 195 -229 -207 -233 171 23 -178 115 -242 48 2 -111 190 
TEST 169 ARG:12 -80 2 200 -213 -50 -238 -120 231 -27 -228 52 42 -149 -95 -229 5 -166 -237 -7 216 44 94 18 217 145 -169 73 -96 -93 -244 6 51 -108 238 170 -191 34 103 -11 -173 -6 -16 -156 43 98 233 29 123 66 -58 56 144 -113 -126 93 156 37 195 -181 -86 215 246 108 -103 -67 147 -227 65 150 214 -52 -242 172 -135 -159 -4 -20 -92 120 84 158 9 121 -78 89 -63 -177 -186 191 -35 -141 -61 -3 239 141 143 -140 -31 -146 198 155 10 96 -122 -232 55 211 142 -1 162 127 -128 19 -247 225 218 -163 68 161 35 36 -220 -176 15 97 -147 -136 128 107 -99 82 -160 -102 -142 76 -8 188 13 41 -198 136 -145 -101 244 17 -214 185 180 111 -139 30 -190 49 151 -180 -115 -34 -225 -57 243 1 148 -85 177 87 -42 -196 -187 16 -25 105 219 169 40 235 125 202 -127 -81 47 -112 -94 -189 -40 117 -245 -19 -70 205 3 -162 182 -89 -206 -51 -134 122 -82 -22 242 -21 -106 -123 -130 -60 45 -87 176 0 -212 22 -171 -230 -243 124 64 46 -144 -36 140 8 -49 -2 -151 -29 -210 194 149 -47 178 -109 157 -154 247 248 -77 -208 -68 -129 -182 -56 -105 81 192 221 163 175 86 -98 -161 139 207 -48 -65 -167 -175 -10 -168 90 109 -97 -124 -90 130 -234 -174 -100 27 220 28 20 95 24 -28 118 -249 236 -17 -179 4 -137 210 181 -118 208 -223 -197 102 31 232 -59 -185 -33 -71 -117 224 -235 -211 112 -54 -69 -32 62 -164 196 171 33 -74 -172 -224 -192 -221 203 226 -200 184 -55 222 159 -193 -170 -9 110 -15 -219 206 14 78 -43 -107 -152 77 83 173 -75 -239 38 -233 85 -24 165 209 -203 -222 -184 -236 -131 -204 -18 199 63 152 186 164 138 75 -133 201 -194 -114 -143 -199 -116 -62 197 54 116 229 -83 -218 137 -217 -246 -155 146 7 99 70 -241 241 -53 135 187 245 153 -188 -150 39 -248 -250 223 -178 69 100 -215 -38 53 -111 227 -132 11 183 -226 204 67 -44 -157 -23 -39 -202 32 228 -240 133 57 132 174 114 212 59 -158 154 -121 88 -88 80 -45 -12 115 -26 101 113 -195 50 106 -84 -76 134 119 237 129 72 26 -72 -37 -64 167 -66 -231 166 79 -205 179 -138 -104 71 -73 193 25 -119 -46 -148 -91 131 213 160 -5 91 249 -201 230 189 -110 -30 -207 -209 92 -79 126 -13 61 -153 168 58 -216 -14 -183 104 60 23 48 74 240 190 234 -165 -125 21 -41 
TEST 170 ARG:-81 -238 -213 16 -198 -52 -185 80 191 95 229 -50 59 -197 -242 50 -206 -91 -248 -71 183 218 -214 17 -144 3 -84 74 -209 169 -113 -35 181 -128 -136 101 -76 115 -98 185 -221 -61 73 126 -10 -191 220 -162 -193 -58 -117 184 143 -178 142 24 -17 100 -27 63 145 83 -54 87 219 -40 -233 -93 88 133 49 238 -151 -5 -105 139 -176 212 170 -141 -106 -55 -135 85 121 47 -49 66 -19 -181 -103 -92 192 -234 -24 176 -194 12 -39 226 -102 86 60 197 135 -204 -217 243 -159 -45 -172 245 -202 -227 -82 -13 -192 -9 -108 67 209 195 -16 -119 -137 148 -199 -215 77 -212 235 140 -110 33 -89 225 131 149 -68 -219 -96 249 102 180 -126 155 216 75 -59 -29 -23 54 156 -237 203 215 162 105 163 -78 57 141 214 14 4 -224 -205 161 26 186 116 -86 246 90 -14 217 -107 231 40 -64 247 208 -51 84 -152 160 -44 94 21 11 221 -134 130 62 -196 147 -218 -21 -33 -1 32 123 -56 153 -111 -145 127 111 213 189 152 -186 108 224 13 -156 51 -34 9 -124 36 202 -188 56 227 -31 48 31 232 -87 134 -170 81 198 -239 -116 196 -164 -153 -37 150 -104 -167 242 -179 -236 34 129 179 45 -211 -173 -207 204 -146 190 -60 230 -47 -147 -148 234 207 69 89 -30 -149 -230 82 -32 27 -70 173 -114 -187 167 248 -65 15 199 61 -18 112 64 55 99 132 35 103 168 146 118 -67 -175 -249 104 144 -132 -208 -97 106 -210 114 -216 -183 -121 -22 -133 52 -100 237 -168 65 -72 -53 188 18 2 -155 200 -142 -139 -228 53 -165 -63 171 -73 128 107 -2 165 -28 -182 -11 -157 194 109 96 -101 178 39 -120 -118 -125 71 210 7 -79 138 -195 -6 113 -140 -95 211 29 38 120 151 -190 -77 -241 -38 92 44 -15 30 -46 119 -232 -222 -138 -74 157 42 72 22 233 -169 193 117 -48 158 -127 -57 -3 -62 -244 -223 -174 110 -42 -246 177 172 164 -177 -85 -154 205 -66 240 239 -7 1 -166 43 -43 91 -83 -8 -4 154 222 -240 25 -245 -201 -171 79 -250 241 -130 -122 98 -123 166 93 -225 125 236 -88 -189 -41 -36 37 -99 228 122 -131 6 -235 174 -226 -161 201 -69 -94 28 5 76 8 46 -231 -150 -25 -26 -129 19 223 41 0 -143 159 -80 -203 -180 -75 182 -115 244 206 -20 10 97 20 58 137 -12 -200 -109 -160 187 70 -163 -220 68 -243 -229 -184 -112 -247 23 78 175 136 124 -90 -158 
TEST 171 ARG:231 49 -232 228 -112 157 170 183 -192 111 58 164 200 -79 51 -205 -64 -86 -148 108 -164 -68 104 -18 -118 80 34 23 -50 -4 -135 -226 -159 -21 -23 -15 -2 -233 191 62 -124 8 116 17 -51 -94 47 207 -241 7 212 35 189 -62 146 52 160 -108 30 -207 48 13 79 204 85 106 9 25 -225 -203 -160 -240 -11 143 88 -14 162 -24 37 217 -228 -147 -91 -66 153 166 186 156 123 -210 -44 -130 196 127 139 -95 -219 245 -177 -249 -222 -190 -96 -182 38 41 -171 -34 76 -113 77 -138 -167 -194 15 96 -162 155 239 219 68 46 -107 238 140 110 -142 184 -185 -85 -53 -55 175 137 206 192 -149 18 114 5 120 194 -116 -42 -38 233 -80 91 172 -173 -137 -10 -206 -40 -115 65 -22 -172 82 168 -67 199 -168 -33 74 -246 -126 249 -70 78 92 159 1 -52 66 56 -43 -131 -139 -63 -100 102 235 -175 90 144 -213 195 -19 12 237 205 -250 229 -184 -196 -87 61 241 -36 -49 117 138 -216 84 -238 193 248 36 -69 208 113 64 135 197 225 -128 -140 -59 -114 32 -153 -224 -48 43 81 53 -161 86 -78 -90 -73 29 -103 -201 125 -98 -202 -125 244 -156 158 -117 -46 -81 -12 -120 240 149 -47 72 119 73 -110 190 -235 220 -60 -28 185 -158 154 -211 19 -57 -144 6 210 -163 103 -61 -16 109 71 147 -187 60 129 -56 94 101 24 -237 -181 87 -92 211 -143 33 70 169 -29 223 136 -109 -166 4 -97 -76 59 -20 -218 209 -58 131 215 -75 -231 10 -13 -84 75 -243 -122 232 -234 97 -199 -248 -134 221 247 165 -236 -39 224 132 -27 -74 44 -212 115 42 216 -195 -209 -170 180 148 173 -151 67 20 -83 177 -214 -178 128 188 3 -239 99 100 98 -88 26 -111 182 178 -183 -132 -176 57 -17 -71 -127 152 -35 -204 -72 -152 -6 -217 107 16 150 -188 -165 -221 -54 45 -180 151 95 -123 -106 142 -197 -25 -8 -247 203 -65 -191 230 21 -104 226 134 -141 28 2 163 181 -146 -169 -30 -150 14 122 218 55 202 -229 -7 -5 234 -102 141 167 130 161 -157 -244 -230 31 -133 54 174 -145 -119 -223 -208 236 -215 -227 -1 -89 105 27 124 -155 40 -179 -99 222 -77 187 83 63 -45 39 -129 -186 -189 133 -105 176 -3 213 -82 118 214 -245 -242 -32 50 89 -200 93 -220 243 112 179 246 227 171 -9 145 -101 -26 0 -93 22 198 -121 -31 -193 126 -37 121 11 69 -136 242 201 -174 -198 -154 -41 
TEST 172 ARG:15 169 -37 175 79 240 -76 -138 -193 -154 100 120 186 -190 19 65 84 -221 166 -100 192 153 -87 181 -188 108 -159 161 125 4 -82 142 197 225 200 224 136 -240 67 -68 -16 230 198 -91 -83 215 131 -48 -42 -29 -28 -226 -206 158 143 -1 191 -32 -131 -245 86 -126 78 68 213 -113 -117 235 183 162 160 227 76 -43 -67 -139 -112 73 -229 -73 223 25 -242 234 -209 101 -166 247 167 96 10 -69 80 -230 -172 -239 89 70 77 -243 -231 146 111 48 -19 124 106 -105 -215 23 -189 130 193 -34 110 44 -222 51 -200 -45 -98 105 6 210 109 -54 236 138 8 149 -186 -236 226 -44 18 238 81 95 148 -179 -23 -22 -181 66 176 -174 -164 22 -184 -250 92 1 -33 237 -15 -183 -94 123 170 150 -178 -35 195 47 -8 -75 203 -14 211 132 72 -71 -210 -137 -47 58 75 -119 91 222 -111 163 -223 207 145 -11 -90 -13 -168 173 -24 114 199 28 82 90 -31 53 21 -21 45 147 -195 71 -52 182 -41 216 -101 -56 -205 196 -246 206 40 129 -234 -177 -148 -55 221 -144 -175 128 134 249 -72 -160 -80 -227 -225 -224 168 -135 -194 -182 -121 -123 155 -10 -25 -211 -103 -77 31 14 184 103 179 -108 26 220 -167 -109 -232 -228 -128 17 -46 -152 -38 188 54 -84 231 -58 -217 -81 190 38 7 133 -176 -96 39 -170 98 244 185 -118 -208 -53 -20 -163 -140 5 -247 -198 97 3 -233 -151 -133 13 171 -89 144 209 -12 46 229 -173 219 127 43 83 241 228 -62 -219 -197 -79 -191 -213 -40 178 151 -127 -26 -235 135 -156 -115 -5 -187 64 -237 -153 -141 201 -202 -130 -92 -49 -158 -132 -157 29 119 36 165 -78 -86 126 208 -180 -196 -146 42 -169 246 50 -95 24 41 -218 -129 -147 -149 152 -106 -150 -155 35 -110 -120 -50 -64 245 107 -201 60 242 33 -63 -30 -3 20 87 -66 -238 -161 157 180 12 9 -249 -104 218 93 -203 189 137 172 -204 16 -70 -99 -165 57 122 -65 -244 164 233 -9 156 -162 177 159 -97 116 212 217 -136 141 0 -145 154 204 -4 49 -171 -185 55 59 32 -93 239 69 -60 85 -214 214 202 194 -142 -18 74 34 117 30 -212 -134 -114 -61 -2 118 -199 112 -248 -7 11 -51 139 -107 121 140 243 -6 -88 52 -216 -17 56 -192 -116 62 -125 -102 205 -220 99 27 -74 63 -39 -122 -27 88 232 187 104 -143 -36 37 113 -59 -85 -124 102 -207 248 174 115 2 -241 61 94 -57 
TEST 173 ARG:-241 56 -27 -164 -248 -14 231 241 20 -29 -53 -10 -2 -32 163 237 207 -16 101 216 130 226 -243 235 40 133 14 -15 37 -106 105 74 -239 233 197 -126 135 167 44 -112 68 1 -154 -122 52 -36 148 69 -231 28 170 -66 -146 -65 -170 -214 29 -247 116 54 128 -192 94 -161 -238 -64 -156 -223 -52 203 -202 156 -12 -205 -182 -100 76 -60 -67 27 -79 60 -224 215 -45 63 -13 -250 -119 18 5 7 -137 19 198 245 -134 220 -116 -11 -183 218 219 -162 -61 -115 145 -90 -190 179 88 38 -4 66 50 186 -232 -43 199 -51 -237 -5 -96 -86 -25 107 -127 34 225 67 84 122 30 -107 115 -103 -21 -157 184 -72 205 -218 152 -114 190 110 -209 -56 -145 -77 183 83 -50 -128 -91 201 -111 -204 2 73 -1 -83 -210 -3 -176 -185 -246 -49 -244 -18 -24 -143 -89 36 -168 -203 138 -37 -48 -78 212 158 12 -171 178 143 -159 -194 126 87 243 91 -123 103 -71 155 -20 79 17 150 -167 166 222 -47 -249 -120 -70 23 239 221 93 -69 129 26 -98 -201 -139 82 246 -73 -109 161 16 154 -191 -207 160 21 90 172 96 22 -101 134 -39 32 48 6 175 -165 47 -189 -26 11 -166 -147 -198 -130 -23 77 -152 78 64 242 13 -219 -213 -59 -140 159 -151 33 112 204 -85 -142 188 193 234 238 -31 157 -34 -160 185 59 125 223 57 -75 -102 -118 173 177 -87 132 -124 228 42 -180 98 -33 89 -178 -113 95 139 -181 -163 165 15 211 -63 -177 192 55 -148 -135 -215 230 -8 127 -58 151 214 202 -242 -44 -80 -179 124 -197 -46 -158 -76 -196 72 146 -95 97 -133 -82 86 61 10 -200 -99 99 227 -141 209 -220 35 -155 123 -175 -211 9 104 -186 -208 -222 108 -30 136 8 -92 -54 100 -225 -187 3 -221 92 174 -144 31 -88 4 41 -153 -17 196 -105 168 109 176 80 -132 120 140 -188 106 169 0 71 -108 -129 -55 75 -226 43 -74 -236 229 -57 70 240 -227 -19 -121 -245 -228 117 147 -195 -7 118 51 137 114 -84 39 232 -173 187 213 -62 171 -97 149 164 121 -212 247 182 -40 -169 46 195 131 144 -149 -81 -229 53 249 -233 191 -234 224 181 142 -110 85 -131 -172 -6 -230 -38 189 62 -9 -68 81 153 -235 25 -138 -125 -94 -22 -150 200 217 -206 -216 -174 -28 -240 244 111 -93 49 208 113 -117 -217 236 -136 248 -104 210 141 -184 -193 -199 102 -35 206 194 58 -41 119 65 180 24 -42 45 162 
TEST 174 ARG:81 222 62 135 -145 -57 177 98 155 -226 -164 -185 243 71 -128 61 175 30 15 -143 189 86 -22 -243 -66 18 65 -135 -71 224 39 -100 -213 -5 -154 242 63 139 -249 140 246 79 126 132 46 -42 44 134 -35 116 -123 112 -140 -211 193 157 84 -223 186 183 -163 -218 -139 96 -171 -198 120 77 -191 -101 144 215 217 196 239 33 231 248 -152 -178 -112 80 119 -170 95 143 170 -115 22 -43 244 93 -161 -33 103 206 -85 3 -51 122 -103 -45 -108 -93 90 38 -136 -188 -176 55 -53 -1 -217 225 -201 -208 -156 -231 -88 185 -189 118 203 97 -13 173 -74 1 -141 92 36 -134 57 10 -8 -177 -2 -36 101 -72 245 82 219 -114 117 -73 -127 234 127 99 64 -118 -244 223 29 218 94 -34 214 -234 238 -202 12 -216 220 138 -70 192 73 152 24 -220 -40 -111 89 -83 40 -46 -205 -61 -187 148 -10 -179 -230 -180 162 108 -94 9 -87 -54 -92 -214 -239 -19 229 -155 41 -80 -64 -21 -227 66 -107 -225 -102 227 176 74 180 235 165 168 -196 -6 88 -26 -50 -41 -167 7 159 -79 28 200 -233 -132 -16 56 -212 237 191 -47 145 136 -160 -131 121 -181 -65 -39 -27 -241 -30 199 21 -28 -29 48 -142 209 -104 161 131 27 102 -97 -192 -15 -105 16 216 -168 163 -224 -78 -133 -166 68 -60 43 -199 -138 -98 -59 169 150 111 -197 249 -63 53 109 -222 -91 49 -165 -172 105 35 -14 75 76 -12 -120 -190 160 -4 -194 174 172 -193 -221 146 194 114 -24 -240 -228 42 142 -215 226 187 37 13 -117 -122 78 -62 -232 47 -174 -169 213 -147 158 5 -150 -250 241 -186 -76 -248 125 -242 115 113 -23 -90 72 -195 -58 147 123 171 124 184 197 -69 85 20 211 -144 -110 -173 -121 70 154 -82 202 60 221 188 -20 236 -9 -204 4 207 128 50 240 164 133 -158 -119 45 149 141 -31 205 91 -246 -7 210 -77 -11 -116 -25 51 -209 0 -48 110 195 -18 -130 107 67 -56 -157 156 25 -99 -55 19 -17 181 87 -3 54 -175 -235 -89 166 2 34 -245 190 100 182 151 59 -67 69 179 -125 6 -96 -210 -149 -68 -203 -106 -44 -37 -151 26 -84 247 17 201 208 -49 -86 -75 -219 -146 -124 31 137 130 -137 -148 -182 -129 167 -207 -81 -206 -237 104 -32 -126 -153 233 -247 14 23 -183 58 83 -200 -184 52 -229 -238 -159 -109 -52 32 -113 228 -162 11 -38 178 8 204 232 198 -95 129 230 -236 153 212 106 
TEST 175 ARG:169 134 -139 131 105 -170 191 41 -18 -143 180 154 128 161 32 -238 -16 184 148 -24 -33 127 156 -90 129 249 -61 -149 -212 -28 111 218 36 13 207 -103 110 237 216 29 18 174 51 104 -131 6 54 146 -40 -15 -20 -177 192 28 -249 -137 -68 53 86 -175 -119 103 -230 90 21 -186 152 49 72 25 55 -80 -69 -207 -50 24 -179 226 -6 -243 -172 19 113 -44 -110 198 -128 115 -213 172 -113 -229 -205 33 155 -222 80 -201 -8 -159 -232 62 -86 -4 138 108 232 -233 -7 248 -123 -88 14 100 231 133 -38 217 -178 -73 -93 -67 16 -118 35 -197 -121 140 -109 75 -246 -239 89 247 68 -94 -153 -99 -214 -81 204 -66 173 3 87 151 -49 -70 -57 -10 -95 114 -22 126 -224 39 23 121 -36 -183 240 -75 -203 -194 97 -210 -240 224 241 15 158 135 -53 -141 123 -191 -84 -96 117 -165 -51 -127 -52 -204 12 211 -115 52 -105 59 181 -43 101 -120 201 238 -26 -223 71 245 -241 0 -161 188 -106 137 48 -152 -156 -47 -169 78 159 -196 -32 -92 215 239 -98 43 -166 -3 -25 -226 153 95 -56 149 124 -59 -162 -221 47 166 -133 -101 58 -107 199 -209 -248 66 96 205 -79 -182 163 77 116 106 -112 182 -102 26 -136 22 -218 -227 -42 9 -91 120 42 -122 -187 -48 79 -151 11 130 -185 34 220 -87 85 -111 118 -45 132 227 208 -171 -1 -173 228 88 30 37 -211 144 73 142 -14 -200 1 -85 -78 -180 209 141 -176 -144 82 67 242 93 -234 122 -242 -54 167 64 -13 213 -17 -154 81 143 -135 -134 -58 -108 200 -5 -216 -206 -157 65 91 190 236 -247 -116 -190 -158 -215 -140 196 -97 189 -72 -83 -236 -126 60 176 5 212 -65 -231 -77 -250 244 193 -9 -23 -189 74 -35 76 17 50 -19 -199 61 44 -130 -217 162 -114 10 -147 206 203 -225 194 92 -237 -184 223 230 -235 94 178 -132 109 221 31 -148 165 -202 38 187 20 160 4 -21 112 -163 69 -150 214 -220 147 107 -2 -62 -63 -168 -181 -228 98 -192 -39 -124 -31 56 186 -245 119 -167 70 195 -142 125 -129 99 -89 235 233 150 -125 170 -74 -29 27 -55 183 -82 210 197 -60 8 -100 40 222 -11 177 102 175 7 -198 202 179 139 -244 219 -160 243 -34 -37 171 185 157 46 136 84 45 -146 -76 2 -41 -138 -145 63 -164 -30 145 -104 -155 -195 164 -64 -12 -46 83 -71 -193 -27 -208 225 57 246 -219 -174 229 234 -188 -117 168 
TEST 176 ARG:32 120 2 -118 -140 -236 118 -18 -82 -126 -136 104 149 -128 -48 156 174 183 -42 157 248 211 48 -112 -147 -130 110 228 153 15 181 -146 119 -226 -64 -200 -123 6 -34 -248 35 -3 12 -223 -205 -173 150 -11 184 19 45 68 -187 219 -85 209 -154 233 194 60 -129 56 -13 195 -33 -197 -105 97 62 -16 -183 147 116 -4 115 16 -148 -77 -180 -120 46 -81 188 -233 243 239 -61 7 -76 39 -249 200 190 -225 -106 -190 145 -122 -29 -124 65 98 -215 87 -52 -26 165 -38 226 189 -224 222 125 -161 93 -88 -211 9 163 229 25 214 164 -8 -9 57 36 -37 185 -5 -250 95 -131 -127 -246 122 77 51 -172 -116 11 0 106 201 245 -54 117 -144 -28 172 -241 -119 -121 34 160 -218 -170 -68 113 -138 73 -12 152 216 79 126 92 -242 -198 -7 -78 -174 58 -90 220 -135 230 84 -113 -201 134 148 -10 -74 69 -72 -191 137 133 94 -125 -86 -169 203 -245 -46 -209 -102 -158 -212 127 204 187 -96 -109 -155 -221 131 -43 141 -238 -196 42 38 -240 166 -97 86 129 -100 -70 -150 30 -164 75 138 99 215 21 55 101 -71 -151 -185 102 240 114 76 37 154 171 135 180 -160 85 -139 109 -115 -182 -58 100 -117 -189 -104 3 -20 44 41 -163 -137 -227 80 -1 151 -35 217 -237 27 159 -44 -15 -98 -133 -92 186 -55 192 -153 -73 235 -6 -69 155 -132 -134 232 -206 210 33 67 212 105 173 237 182 121 -234 225 81 199 143 78 -216 161 -24 89 -53 218 177 -21 175 -152 -107 -45 13 61 128 18 -175 26 -57 -177 -184 91 -40 -41 -222 -59 -162 74 70 -239 241 64 -219 193 59 -203 247 -214 71 -232 234 170 206 -51 24 -79 -194 52 -47 -67 -188 1 249 -202 -80 -103 72 -30 197 -143 14 -2 -62 -84 22 -156 191 112 47 49 -31 -229 -159 179 -83 -228 -247 -89 -141 -65 29 -199 -149 224 231 -66 -204 50 20 132 -167 -114 -186 238 82 -168 88 236 54 -165 90 -101 -210 -217 140 -111 142 -142 -87 108 -95 -14 -171 227 144 -157 176 -23 244 96 -60 66 -220 -235 111 -181 -36 202 -25 208 107 -32 205 -208 8 -166 124 242 -22 28 136 -145 158 -93 168 -94 -99 223 43 146 5 207 -110 -243 -27 169 139 -195 -17 -193 -56 167 63 130 -192 10 4 -213 -50 246 -179 162 17 103 23 -244 -75 -39 -231 -176 40 221 -63 178 213 -178 123 -230 198 -207 53 31 -49 196 83 -91 -108 -19 
TEST 177 ARG:13 -48 5 -211 184 -108 -185 176 91 -119 153 -175 -236 -243 36 172 -130 68 180 215 64 134 6 -131 -24 244 194 -30 2 -87 -57 -65 88 85 42 52 103 148 -167 -80 -145 -49 151 -77 -192 -72 0 55 -3 150 -193 44 1 227 -142 -91 -113 -9 111 177 -56 145 -105 136 -116 240 135 87 169 127 104 27 60 -1 -207 -76 -110 249 -8 -83 -14 -78 -66 79 -135 24 -20 154 205 65 -231 -18 -10 -124 -198 -157 133 74 -138 99 -85 209 94 -59 -230 -97 -215 -212 106 170 -153 -245 16 -96 -181 -94 -115 196 181 -25 -41 -227 -22 11 -86 226 174 -234 210 245 -107 -232 -132 75 -45 -134 4 -100 -11 -141 -95 164 165 38 248 -152 -137 -15 246 178 141 122 213 159 -54 -237 76 -183 -92 -205 166 191 -44 203 -151 152 -42 142 71 -31 118 -178 -82 -197 -37 26 67 -199 -201 -75 137 96 204 124 28 -173 -156 -73 146 110 -184 -219 157 -144 -7 182 224 -43 117 37 187 147 138 -61 202 233 120 89 -147 98 186 9 -6 -133 -123 35 84 -21 -240 -125 46 132 -233 -68 -139 -55 -209 -89 -74 -99 -19 -160 59 -150 73 -195 31 90 -17 247 54 95 -129 58 -58 -126 -98 80 216 -177 82 -12 22 -146 -222 93 20 -210 123 -81 -158 167 -191 -122 18 -118 -104 223 70 21 -170 -249 66 -64 -202 193 -203 -220 114 -168 -101 190 -169 -235 -229 -188 19 109 3 -171 -39 -52 207 208 30 -34 218 201 162 160 115 112 139 235 -117 -228 -28 78 81 149 -136 163 -121 -51 -159 -2 -166 -63 212 130 -27 -90 155 200 214 92 -165 57 -103 -154 228 -162 -71 -161 107 -204 -102 97 43 -149 12 -217 34 121 -238 144 -196 241 219 -40 -50 29 -67 171 188 197 -84 -36 -194 -114 45 72 -226 225 32 206 39 234 158 -33 -248 129 50 195 63 102 -93 -109 -164 179 220 125 -16 7 -190 -60 230 -70 -241 161 175 25 -223 143 -213 61 217 189 -218 -32 -174 -140 23 238 -239 8 -143 -246 173 229 47 -189 101 41 -47 86 -200 -106 -187 -112 126 -13 -128 -221 222 -46 51 10 221 -208 56 -176 232 -225 237 -250 15 198 -163 -53 33 -88 -247 53 140 108 77 116 168 199 -179 -79 239 183 119 17 -224 -127 -69 -206 -216 49 14 -111 231 -23 -182 62 243 113 100 -242 -29 69 -180 128 211 -148 -120 -26 40 -4 242 -155 -62 105 185 -214 -5 -38 -35 131 83 156 236 192 -172 -186 -244 48 
TEST 178 ARG:-95 44 -229 25 128 41 -25 -81 -156 34 80 -21 240 -177 121 184 234 -194 129 224 138 93 -203 -190 -114 -197 -188 -94 39 244 211 -84 -165 -220 136 -172 -211 -17 -199 134 -205 100 -171 186 96 21 24 125 -3 -121 -29 -146 70 132 15 13 -202 -247 -60 158 130 -50 204 81 45 -180 -161 143 183 195 212 168 220 -243 171 78 14 -113 247 -237 -124 -57 -133 -85 59 198 -58 -234 7 47 -154 -13 -92 -193 -242 -44 109 -250 -27 -219 -145 -91 36 -55 -150 -110 230 -240 -136 43 -4 -112 83 141 179 185 163 112 -148 167 9 12 -189 -12 -208 -70 -116 -24 -166 176 228 4 -241 160 225 -232 162 17 -170 1 -138 233 238 199 -227 -43 188 95 -235 -155 -87 216 -137 140 174 -2 69 -9 114 16 74 33 156 213 181 91 -32 -233 -118 29 229 -151 200 38 -61 113 236 -164 -11 -221 142 -174 -131 -181 -178 215 -89 201 -158 -222 127 237 -72 -153 104 144 -28 208 -179 -132 75 30 54 8 -45 -97 193 239 79 -128 -109 -125 -141 145 -244 -10 -48 191 -223 -157 22 73 61 173 -71 -175 48 26 116 -35 86 -101 155 -33 -204 -216 -66 -5 248 20 -159 175 -126 84 -248 206 152 -62 -63 189 -163 65 -22 -213 -6 -111 170 221 60 -115 -200 19 117 214 2 46 159 -100 107 -192 124 -224 -119 -176 66 164 106 -90 165 -225 150 166 94 -130 245 -191 235 -149 -168 82 149 -142 -53 -209 10 -67 -102 -39 -79 -127 28 120 115 -36 -56 -75 3 -196 210 -214 -231 -47 85 122 -186 63 -40 202 -65 -134 194 -226 -82 52 154 111 92 246 -104 11 -59 -160 55 -38 -139 161 -64 131 64 -185 -80 -123 -182 -187 -246 169 197 -30 -41 178 -105 -103 123 102 249 -31 67 196 -99 -184 133 -26 110 -19 -76 -147 -73 -162 -78 -46 37 205 -228 207 58 27 222 88 -23 57 -68 -215 -143 187 151 98 -230 -236 147 227 -51 -135 -1 -238 -77 -108 157 -173 6 -129 172 182 118 35 62 53 -239 -14 217 242 -69 231 223 49 -34 -52 -212 192 56 232 -117 -120 -122 105 -83 72 51 -88 241 226 40 -106 76 -42 219 -210 -74 101 5 -98 108 -18 203 90 177 50 -206 137 153 -140 243 89 -93 -245 -217 -86 -20 218 -198 135 -218 23 -37 103 99 119 148 180 -169 -96 139 126 42 -152 209 -15 -8 32 0 68 97 -7 31 146 -249 190 -49 -107 71 18 77 87 -16 -183 -195 -207 -144 -54 -167 -201 
TEST 179 ARG:-31 144 183 -168 42 -94 208 136 178 -227 -119 108 -79 -182 179 -163 -86 -1 -179 -229 157 6 -212 -13 -233 69 176 162 152 -172 48 -12 -38 37 -192 226 -250 133 143 215 -125 -34 -23 -105 184 -220 -232 -196 80 -98 -66 -82 -237 -61 64 -15 76 -239 -123 233 223 29 -213 49 -53 -89 -129 -216 -18 203 -37 131 -215 -202 -69 231 -201 -167 166 -42 -74 218 -185 216 -174 115 -50 -59 159 -72 -169 -33 -20 141 -5 -135 -223 171 -189 -147 204 40 -177 58 229 -159 247 116 -4 -164 -97 -219 -102 103 21 220 -183 -225 39 61 -92 41 -231 175 207 46 38 -191 34 -203 -16 -186 154 -134 138 79 -146 68 30 -122 219 -44 24 242 158 -76 -132 -210 -111 -160 -247 20 -32 -246 16 101 -149 149 -39 186 57 -93 -249 -214 132 -63 -222 128 227 62 -110 -140 -52 -113 -128 35 -40 -197 181 148 -78 114 234 146 27 244 -64 2 89 173 -49 -194 225 -90 -99 239 31 -240 -10 -131 182 -188 -47 188 -28 110 168 117 -152 -51 151 -14 135 22 60 -2 63 -234 -17 -112 85 245 -103 -127 139 81 -173 -70 -114 -95 91 -80 153 -120 92 59 -200 109 -151 199 126 161 -109 -57 -118 26 32 -143 246 36 -181 230 -150 222 177 -58 97 -162 124 -165 87 191 -230 1 12 -161 -46 -106 111 100 71 -81 129 194 -11 28 -204 237 -226 -55 -71 221 17 193 18 -56 196 -217 -145 -21 165 -54 10 78 243 -154 -199 -8 -241 -158 -104 -60 -178 206 -27 211 -117 195 174 189 -221 44 249 -224 -124 77 -36 200 -88 205 -208 0 -84 -218 -107 -243 137 -29 75 -87 67 -157 217 185 -65 -133 8 -26 66 7 119 -206 19 82 145 130 -156 -190 -195 142 190 150 125 90 -9 54 164 65 -236 -155 -238 -198 -144 -138 -166 -35 212 -136 209 52 192 -22 25 -48 -141 160 107 5 180 134 163 -176 -25 172 94 83 93 240 112 105 -153 73 -7 210 4 88 -24 47 -175 201 241 -170 98 232 14 -137 -187 213 -126 11 -209 -85 -100 155 -248 74 -83 95 -121 202 -205 56 33 -62 -3 -148 214 147 -207 121 113 -68 -244 140 23 187 102 -130 224 84 106 43 -73 -67 -142 120 -171 -245 55 118 123 96 -43 -139 -235 169 99 -30 122 -184 127 -101 45 228 -77 70 167 -193 50 72 170 104 -116 -211 -6 -19 -41 51 -228 248 -75 198 -180 156 -108 15 235 -242 -45 -115 -91 53 9 86 3 -96 236 197 13 238 
TEST 180 ARG:-96 10 155 -43 -201 1 -190 -240 165 -114 -148 -30 -120 60 -235 -198 240 -169 28 166 -65 -132 204 -123 -226 -10 -81 -1 227 154 238 150 -207 183 -40 -195 143 -100 -3 142 220 228 -153 -26 144 -9 -202 -239 -128 69 108 34 -143 -219 111 5 -242 129 -85 -24 -146 -113 119 -156 -16 237 -211 -214 56 244 72 -50 -163 -31 225 115 -45 160 -160 162 92 -72 217 -19 134 17 135 -189 133 -237 186 -36 -217 -164 -149 74 21 -89 -69 174 209 -221 40 -70 -177 -182 11 -34 -138 224 235 52 -57 -224 73 132 -205 -116 -87 191 -22 26 -145 219 -204 -185 157 79 148 177 -108 77 -158 -139 -28 -88 101 218 61 2 -170 -192 131 -122 -44 82 -203 90 76 195 30 194 70 0 -119 152 110 -76 -155 206 -172 -247 141 247 7 -230 -168 229 176 -183 -2 -6 -102 -49 -66 55 -32 -111 120 -91 232 193 80 -39 64 -208 -68 -222 -71 -46 15 -23 -97 212 -134 -234 22 -227 201 151 207 -175 145 -144 98 -181 173 -12 -83 -142 96 164 29 -161 146 234 -117 123 81 -236 8 -220 -99 -98 89 126 149 -133 24 46 128 -92 179 -63 -137 -56 172 -17 -48 -159 -152 109 -41 -95 -55 171 -231 32 19 184 124 147 94 -47 -193 -42 213 -229 200 163 66 -125 68 -166 43 -33 51 -131 -157 121 58 117 -80 181 75 -248 4 -118 -154 16 210 223 241 214 20 248 87 180 -13 85 -179 -110 189 122 -250 216 49 -112 44 -245 23 78 84 -115 -167 -25 167 -94 -101 245 36 -58 31 -150 -129 -216 208 215 99 205 -109 104 63 -64 178 93 53 -126 -232 -194 -21 -173 202 116 236 153 196 -171 -238 33 54 -74 -27 -162 -249 105 39 -59 -82 -213 112 -215 -200 -35 -210 139 -186 91 127 12 -174 -103 97 140 -180 -77 -184 221 -165 -105 114 -223 -52 102 -14 -11 -104 -197 136 -124 -188 -90 47 -5 182 86 231 169 211 203 -62 -79 -4 199 -54 103 -228 9 35 -15 198 185 -218 113 -20 226 42 -53 125 222 -244 95 100 -176 -241 159 -121 67 45 -196 88 -233 -107 -130 57 -29 -84 -38 -199 -106 -191 -187 175 -93 -147 -75 107 187 -37 14 -246 -243 161 -136 -73 118 38 -51 233 6 242 158 3 18 -206 -141 -18 -8 71 156 -61 -225 -86 41 27 239 249 -135 83 25 50 -212 246 -60 37 192 -78 106 -127 -209 13 230 65 -151 137 188 -67 243 190 -178 62 130 138 48 -7 168 -140 59 170 197 
TEST 181 ARG:-180 -249 -209 -62 247 -59 138 208 -244 44 224 -188 -197 -24 -133 63 -106 190 50 186 85 -131 -33 -211 32 -143 -155 206 -102 171 -31 9 188 236 -118 122 -41 127 -187 -231 -215 -206 80 177 -44 -57 231 -17 -179 95 242 88 207 215 -172 124 141 246 -220 15 209 -134 166 -248 45 168 74 -9 -124 4 36 46 78 191 -130 199 41 -42 -159 107 -194 -12 0 -227 -116 93 -83 121 228 -144 -53 -151 -184 82 -204 -51 162 18 -236 -142 33 165 102 96 27 -250 -84 -75 40 -175 176 86 48 153 212 170 -73 60 -237 79 -141 234 169 149 -34 -92 -23 -195 130 115 -105 113 26 -37 200 69 -149 -173 -46 150 -5 -192 -229 19 1 -147 -240 -10 -45 -154 -30 116 167 30 49 218 126 -32 213 -216 -199 225 -205 -61 -189 194 202 -238 -146 205 -25 42 61 -96 31 28 -114 -140 -94 -14 -242 -139 -1 -177 -80 -127 -156 120 35 248 112 -243 34 -138 164 -196 -85 89 237 -246 -121 -203 91 189 -47 -200 -8 -158 29 143 -145 -166 11 23 152 132 -35 -181 -135 214 38 -72 -60 97 -27 -210 20 -20 133 -125 -103 -225 -100 142 71 -115 -88 -55 76 -97 201 77 -38 -77 43 10 230 100 123 -89 -202 192 12 118 146 -174 -108 117 -153 197 57 -6 243 -219 241 70 94 114 -56 -201 137 -87 14 108 73 203 -7 103 204 -168 173 -122 -207 -49 -234 -213 39 249 -167 -4 -67 98 -65 -15 229 -162 245 -95 21 -152 -212 -22 -214 -222 17 104 101 178 65 58 232 160 144 -99 119 151 -170 -43 -69 -164 83 111 55 37 174 92 210 125 -93 175 159 -191 -18 62 99 -48 -218 172 -90 -76 233 -157 66 -178 128 -110 -91 184 221 -2 131 -68 222 196 136 217 -29 -136 -11 211 67 -63 68 -230 16 56 75 -148 -50 -217 -16 -182 -78 -190 226 223 185 -19 140 147 -185 -126 -232 -64 -119 -241 84 59 193 -71 105 -161 -82 53 -13 244 -193 -113 -3 -66 179 154 182 -160 -171 -79 -109 134 139 181 -165 -221 -104 220 -128 -86 -239 135 -235 52 -101 129 -40 81 7 145 24 -112 180 -123 -150 -129 240 109 161 148 -186 110 -58 155 -247 235 195 -74 187 -70 -226 5 54 64 219 51 -81 47 239 -224 -208 -137 25 -117 87 183 2 6 -120 3 8 -163 -245 216 22 -198 -183 163 13 -169 -21 157 -26 -36 198 -107 238 -233 90 72 -223 -54 -176 156 -111 227 -39 -28 158 -52 -228 -132 -98 106 
TEST 182 ARG:5 168 227 95 -152 140 12 229 -209 16 -45 -185 -211 24 136 51 -179 198 -7 -47 74 112 -37 105 -195 -109 -158 -231 -17 30 165 -136 -20 39 -182 -33 174 22 -145 -90 14 82 178 157 -115 220 190 15 -142 88 -171 -153 -129 158 -46 -48 -224 4 -89 -205 -10 150 -147 -199 -210 -21 94 34 59 -13 -167 200 18 130 -234 -69 222 -164 -34 -200 -138 166 205 126 91 80 212 -137 33 -163 -63 53 11 -114 -103 133 134 -125 156 68 -106 -83 204 -203 50 -217 152 -181 2 -162 125 -237 -241 -59 89 131 -131 -16 1 -43 -84 -159 -213 236 -154 -23 208 246 141 -74 -15 -80 35 3 -52 182 -97 -36 -68 116 -238 -168 228 -105 176 -27 -29 -240 -79 -62 27 26 -155 8 -2 151 20 9 -71 -54 65 -100 -42 -206 234 159 114 -70 -219 46 124 213 -126 231 19 -119 48 -141 -139 -98 -110 -157 -72 -144 242 139 17 240 -65 -99 169 -177 97 -229 -107 -183 -198 0 180 137 -174 -194 170 -223 115 148 -165 -4 230 -14 -40 187 202 6 179 129 -150 107 118 119 70 -30 -82 86 32 62 -156 69 111 100 175 -73 -96 249 54 -207 -9 -176 41 -113 -112 -196 44 -93 123 -178 -204 -193 -247 196 37 81 -60 43 233 235 -3 23 -148 85 -151 64 207 -25 -95 -160 -111 162 45 181 221 155 -91 -5 -104 -191 -55 75 218 -12 117 128 216 106 60 195 -169 -246 -6 84 71 -64 -19 79 63 203 120 224 226 -78 -208 -39 67 61 -38 -222 238 217 -44 -81 -166 177 160 -188 232 -187 142 -130 36 145 -221 29 -244 -51 -212 194 90 -50 -143 214 104 -28 25 40 199 -87 55 -8 210 113 -161 147 -239 143 -243 -230 189 219 -220 -175 -86 -250 21 109 -77 191 13 -180 -76 -215 237 188 167 83 -26 -134 -146 201 -32 -170 77 215 47 144 -120 171 -101 101 -11 92 172 -122 66 -172 56 -85 239 98 248 185 -173 -61 -88 164 -236 163 -227 -121 93 -248 -75 241 209 -202 -56 121 102 184 -1 -116 138 -232 28 186 38 173 -249 122 -108 -190 -228 247 206 76 245 -135 110 -49 -117 108 -216 -24 -140 -226 7 -127 -35 -197 193 31 -184 78 -123 -245 103 225 -66 183 -242 -214 -233 135 99 -94 73 72 -192 -41 192 -225 146 153 -53 197 132 -58 57 -128 -118 49 -22 243 52 -218 244 42 10 -57 154 -149 -124 96 -235 149 161 -31 -18 -189 -102 87 223 -132 -92 -133 211 58 -186 127 -67 -201 
TEST 183 ARG:-119 -210 99 59 92 -71 -248 -41 19 -78 193 75 -3 -124 198 91 86 243 -115 8 -9 170 -52 -57 244 -118 -25 -89 -66 -208 175 -99 14 188 15 -174 132 -87 69 33 -86 5 95 -163 68 -233 152 -175 169 106 -43 -28 -242 -170 -228 156 88 -224 -39 -102 79 -154 235 133 -202 -110 213 -29 -151 58 -64 178 141 183 -37 -12 172 -131 -8 53 218 -219 248 94 39 225 247 -231 -203 -205 -117 134 -150 129 -1 211 -235 -15 145 -138 -120 82 20 124 212 177 -5 -20 -47 122 76 -222 81 -161 -166 128 -116 67 36 239 -126 -61 -32 -239 73 135 -44 49 -195 -96 -27 -216 -38 221 87 100 7 83 217 -58 -104 93 -176 196 101 -75 -180 3 -249 72 -31 -136 -42 46 -157 104 52 63 38 -214 -160 -146 -26 -227 -130 -140 -56 35 168 231 -129 209 238 -79 -108 23 -53 -2 -199 136 -250 180 -127 -128 113 -91 -211 150 232 89 -179 158 -237 185 -84 143 228 18 192 9 103 120 204 11 -206 -85 44 166 -147 -19 149 -24 -196 -155 -186 -207 78 127 -40 -34 -192 66 -77 -200 25 98 60 214 -111 116 164 -238 6 119 131 -159 -18 249 62 191 -226 -139 -169 -221 111 -13 1 -213 -220 21 215 171 -22 0 161 90 233 190 -145 -4 142 194 105 -11 -63 -74 -14 -182 41 61 -54 97 -35 -101 -103 174 246 -6 115 -183 219 200 47 -73 -109 223 -7 57 -156 -189 179 -16 189 -188 112 -93 28 182 -197 -94 155 51 26 -177 -60 96 207 4 230 55 -172 -95 29 -153 -81 -55 -45 159 -184 -240 -114 -51 -244 17 -168 126 187 144 42 -152 208 -112 -178 -229 -10 240 -33 -149 -164 32 184 148 -142 199 154 186 162 195 -158 176 137 56 -246 -198 -134 163 -46 45 216 224 -23 -70 167 31 -69 205 34 -193 125 77 -243 165 -167 64 201 108 71 -82 118 -106 -98 -171 48 22 -236 -241 -212 30 50 -190 -173 -204 -21 117 -68 -125 -113 -122 -65 -30 -83 138 -90 -17 210 110 241 147 84 -36 197 -76 -209 173 245 -148 -88 -181 -121 -135 -72 121 206 -105 160 107 -48 -165 220 242 -194 -97 -232 -80 54 -141 40 -132 -230 229 -123 -185 70 123 130 13 -218 -245 65 234 222 -62 -143 146 203 237 16 37 140 85 27 2 -223 12 202 -201 181 24 109 -234 -100 -247 10 226 -67 -215 -49 -162 -107 236 -144 227 114 -92 102 -187 139 153 151 80 -133 43 -217 -225 -191 -137 -50 74 157 -59 
TEST 184 ARG:-61 -88 -14 135 200 -122 -94 -43 89 -2 155 -85 -235 193 -144 42 -86 49 69 -147 -154 -178 -189 10 70 -197 -126 219 -79 73 -12 -145 -46 -244 175 139 222 -51 -179 48 201 218 235 -228 -34 -39 -137 53 -5 -138 23 128 220 172 -56 110 2 198 -220 7 125 -27 141 197 -132 -190 -114 202 61 -80 -129 -91 1 203 183 -78 -19 230 -70 178 214 191 98 -106 -116 -104 5 72 102 28 153 248 237 106 -53 118 140 82 157 67 -247 -83 80 -92 199 147 -173 130 -66 -98 192 -225 -207 -217 -55 -68 158 185 83 -215 63 -50 93 195 17 -63 114 -103 189 -3 -176 -134 -82 -74 -192 -123 126 -159 209 -62 165 33 213 -160 -200 68 226 -169 -180 196 -249 -113 -172 -107 -17 120 -58 -90 13 -7 -182 162 54 227 -54 145 -194 45 77 -57 133 56 -41 -187 136 174 160 134 206 -170 -69 51 -230 0 8 -65 75 245 -243 -29 -201 -143 143 -133 -162 -120 -118 -153 -240 -23 108 164 -96 71 194 29 -214 -112 -216 -213 149 216 55 119 -161 24 210 4 -140 38 -158 -60 88 -75 170 -102 179 -109 85 240 -31 -219 142 -206 20 -185 81 -165 168 -11 57 -81 -101 247 105 -237 99 117 225 -128 22 76 -136 -35 169 92 15 -142 -157 -40 -146 -110 -193 -117 -9 -155 -100 182 212 16 26 -139 3 -191 109 -232 173 87 159 19 46 6 144 -22 231 -49 211 -177 -150 -188 -111 -16 243 -25 -245 -239 -15 122 -250 234 78 154 -242 -209 104 177 205 -131 65 -125 -130 -222 -36 -45 -87 181 -20 131 -6 -151 -234 129 -218 246 -42 -30 -149 -199 112 -73 -67 74 50 242 -37 32 137 64 190 249 -4 -71 -52 -148 244 107 -47 -13 -24 -210 -105 -26 97 11 -84 -198 -152 -33 -119 12 127 -89 14 146 -127 66 41 -212 -231 62 132 187 163 -72 148 123 44 -221 36 -32 -233 60 -211 138 -175 -124 215 9 -238 180 86 207 95 -203 -38 -166 166 -184 239 111 -95 -135 -224 94 204 -77 217 -246 37 186 -168 -18 -141 232 -196 -1 150 101 -229 161 59 -59 58 -223 91 -8 236 -164 -226 -115 -28 -208 31 156 228 79 151 -174 -93 176 -10 35 233 224 30 27 -204 124 -21 229 -236 100 84 -186 -64 -205 167 39 241 -167 43 -99 25 -183 34 152 21 -202 96 113 116 -76 -97 47 18 -248 238 90 188 -227 -108 208 -48 52 -241 -181 -171 -156 223 -163 -121 -195 -44 121 184 103 40 115 221 171 
TEST 185 ARG:-182 133 84 158 -14 -183 29 -65 206 -4 -195 180 89 -223 167 111 -238 -97 228 -221 -100 43 12 -125 -16 -144 -115 115 -5 191 -2 241 108 -28 239 -132 162 152 -90 97 44 -177 199 -138 -119 -213 2 -35 212 -10 -63 215 77 -34 -62 64 -155 82 -185 153 -148 -154 -245 -101 75 -201 -136 -206 146 -74 86 -39 227 -233 -124 -141 -209 96 220 -106 -71 -236 -152 -197 37 -184 19 141 79 71 224 -159 229 -160 -170 -162 -249 219 127 -123 80 132 178 -153 8 -128 -232 -105 60 144 68 16 145 -139 164 245 205 101 54 74 125 -102 244 -178 209 236 -15 249 -42 237 214 177 170 -81 72 -20 208 66 -150 -220 217 -173 -58 100 197 161 -147 -219 174 -54 190 196 -32 90 234 248 -222 58 -31 -143 126 -130 -60 85 -250 -114 -193 -187 70 -231 24 31 -239 41 -92 25 140 46 -208 -67 -161 -50 0 109 246 -243 63 -77 121 116 36 -199 130 -179 222 34 -19 -181 -64 172 189 -235 159 40 -126 203 -36 233 113 -140 -55 67 -110 -200 -171 131 188 -158 95 -52 137 -109 -98 -145 -26 143 -66 42 -226 -7 176 -59 151 -244 27 83 -82 110 20 14 -57 179 49 103 -127 -180 193 -45 73 198 15 55 247 114 230 -79 -189 171 -166 91 -21 -27 207 -70 -151 -217 -40 112 -216 -48 52 -174 185 -211 -118 149 -53 98 38 -149 -134 -108 -133 -24 62 -76 -30 53 122 -203 -122 129 120 106 -137 105 -228 -194 -240 23 33 -214 -17 51 -87 165 157 235 -121 124 -73 -68 128 -242 -8 -33 142 163 192 78 -167 -218 -192 -11 -207 -95 210 -25 200 -83 7 223 -165 87 45 -175 -247 -91 -38 -44 -196 -49 -164 -78 -210 -96 18 -237 135 139 -56 201 94 -230 195 35 226 39 238 211 169 186 117 -204 17 -120 32 216 150 13 183 -212 -202 -129 -169 -246 160 -94 22 -43 -107 221 50 59 107 -229 -72 168 119 123 48 -99 -1 243 -61 -84 -103 -227 99 -186 134 -37 92 65 -157 -51 102 181 26 138 175 213 -248 9 -190 147 -47 -191 56 -112 -46 -6 173 -89 -9 -142 -146 -224 1 -86 28 10 6 -111 88 242 118 154 -205 61 204 -163 -156 184 166 -18 -168 -13 -88 -116 57 -104 -215 182 -234 -113 11 69 -93 -135 5 -131 76 232 194 -85 -12 -69 -3 -80 -241 93 4 225 231 30 -41 -188 -75 -117 81 -176 136 -225 21 187 155 156 3 104 47 148 -23 -172 202 -22 218 -29 240 -198 
TEST 186 ARG:234 37 182 -124 106 -52 117 40 127 222 -12 98 -173 -43 -13 134 197 -233 -15 233 24 157 146 -217 -245 -166 136 -249 186 -104 -64 133 236 44 175 -118 -156 -171 6 -199 -58 94 246 100 -169 103 138 227 81 -110 -53 -195 193 74 9 -135 68 -27 -10 -210 -186 4 31 66 172 -56 105 131 -216 3 -212 -151 -224 -243 -172 202 29 25 -181 -247 -36 -179 73 178 15 -187 -84 -50 -73 -91 -65 156 210 -23 170 189 242 -176 111 -228 -108 96 -79 82 -140 230 -82 214 54 -101 -86 72 -182 -88 165 57 -178 38 141 59 196 -125 158 -78 -14 49 132 -113 36 -158 122 -19 60 92 -191 -42 190 -238 52 -185 -139 -99 187 -165 -205 70 148 63 -206 50 -211 76 142 225 -154 34 12 123 -60 -133 164 -232 -209 -240 143 -32 -213 -20 173 191 -59 166 -26 43 181 218 -90 -236 71 -97 88 -174 102 -161 -183 113 2 180 -163 -2 -121 213 -98 228 0 152 13 -92 7 -242 162 -47 -57 -147 -134 -66 -168 114 115 -44 -29 -7 -105 -149 168 90 -72 -80 91 195 -46 22 -37 -175 80 -41 -234 -164 -170 -197 240 26 -231 -190 -123 -162 99 28 -218 -55 -152 184 221 -194 17 8 30 -76 -244 -214 -229 69 -35 53 147 -227 -31 -201 151 33 -28 -126 62 -131 -62 -219 -17 243 -16 -77 -8 64 -237 -45 5 -198 47 -200 -115 -111 -51 78 209 171 -49 -100 -189 -83 79 -250 65 167 -33 238 -248 -89 -177 -24 249 -40 -225 87 -138 -119 1 -167 41 -150 160 27 -196 58 232 229 120 -215 -202 245 -74 83 118 -193 23 -141 61 -143 -127 -129 216 154 -71 139 -155 125 140 48 -192 248 219 185 176 -222 -70 163 -145 46 169 45 124 -109 -61 -25 -120 -48 215 -5 -96 -157 128 199 -69 55 -241 16 -102 -18 95 247 -11 217 -85 -103 150 188 86 -87 161 211 85 -204 -30 -153 109 -159 144 -235 -95 237 206 -132 192 108 35 116 -63 226 -4 -220 119 241 32 201 149 -6 39 89 194 212 -67 20 177 -137 11 97 75 -146 -122 51 -93 -130 183 112 205 135 129 104 -38 -116 137 -21 -114 67 -34 110 -1 -223 10 174 -230 19 130 223 -142 -75 231 153 -239 207 -54 -226 220 198 -39 155 107 159 -68 -106 208 -180 93 84 235 -117 -208 -148 203 101 18 -94 -112 -203 -9 -81 -246 -144 121 244 224 -221 -188 -184 77 126 145 -207 -136 179 239 -160 56 -107 -3 42 21 200 -128 -22 14 204 
TEST 187 ARG:146 101 44 -4 54 -180 -161 -239 -37 82 159 -171 127 -208 163 78 -7 187 -76 70 119 1 237 14 -129 -105 109 -104 207 58 56 -167 -205 32 -137 -249 -33 132 -114 98 211 -210 -144 216 83 177 206 37 236 222 234 176 55 224 218 27 -94 -68 -34 -35 -138 226 165 -218 -47 -111 140 -193 -142 29 -118 -197 -88 -202 107 -13 166 -189 73 168 -192 214 203 42 22 197 171 24 129 -84 -203 53 -163 -153 -237 48 -23 111 49 63 40 156 -108 64 -95 -110 34 10 15 205 -131 -211 -166 -75 -178 -12 -235 -74 -190 -50 -10 195 -155 -133 -36 -173 13 -221 72 95 -43 133 -245 -11 97 -199 139 -135 -158 193 20 93 -67 148 -149 -113 -219 185 -64 -59 150 -27 -132 -116 152 -56 -169 -61 105 145 -176 -80 192 -184 -162 173 219 212 -156 -217 227 -48 -17 -134 141 -121 -16 -78 238 -45 -71 -25 -143 153 130 18 -29 -109 120 -119 175 -72 104 -42 -18 240 -107 235 169 201 -214 -204 57 225 -225 -63 182 154 -231 -6 217 36 -222 84 66 -52 25 -220 -77 -207 167 -242 -5 -96 69 11 -69 -175 -14 233 -148 -247 108 194 -172 220 239 -130 213 21 180 -159 -46 -22 88 -139 68 103 -97 -206 -51 -198 162 113 23 -195 -70 -246 -181 -227 -147 190 149 -212 16 71 -152 -238 -65 -85 -44 -32 -66 -232 -115 151 174 -122 -194 99 17 137 -86 -125 -183 -151 -92 -2 249 -30 45 51 60 241 -90 -91 -15 114 245 184 -186 67 -58 128 -128 -229 242 -100 116 -117 221 41 199 -8 126 135 -54 186 -224 91 136 164 157 35 232 -248 204 188 8 -49 230 228 -41 198 122 -243 100 -124 -223 147 -1 131 -73 76 196 -244 -185 80 106 143 62 247 -177 -213 77 38 118 -234 248 223 6 -38 -174 7 110 -168 -19 -154 -216 96 -165 -146 -126 -26 -79 33 39 -3 52 172 -145 -230 -112 92 28 5 -28 -215 9 -40 -120 -87 50 -160 -170 -24 -81 46 65 161 125 -157 -164 -53 87 117 -31 -82 229 12 -187 -179 -196 244 -240 -93 74 -98 -123 26 189 -228 121 142 138 -140 181 102 59 124 155 -102 75 179 178 -141 -83 30 94 -106 31 -55 -99 -226 90 -127 -60 209 -103 -209 -21 246 85 210 -188 208 -89 -250 -200 158 144 -150 112 115 79 191 -39 -101 -191 61 2 215 19 -20 43 -236 89 160 -182 134 4 -136 200 81 243 -241 123 183 86 202 -201 -62 47 -233 231 -57 3 170 0 -9 
TEST 188 ARG:246 88 -213 49 249 -20 204 117 -171 -224 236 -181 -66 121 93 -248 -226 111 -33 -166 13 -147 71 -94 -208 -159 -234 127 -27 180 203 -117 32 -209 -48 76 -112 -163 -101 45 -169 -86 -65 -143 -43 -134 82 -104 -204 -162 -6 35 -95 -56 183 221 23 53 -247 100 -168 -190 -71 -72 59 234 -118 -116 84 201 -206 -154 -170 -36 -220 110 16 31 218 -109 227 220 36 -173 -185 -54 -145 230 37 191 86 226 54 151 -150 25 213 -44 72 -35 -177 -119 -136 -42 134 -26 171 -99 96 98 -51 125 33 41 -232 68 -83 242 -215 29 -194 181 247 -97 138 240 -187 -105 -84 190 55 126 129 -132 -139 90 44 2 47 -12 -78 173 212 -152 188 119 -79 -88 145 -250 142 20 198 -89 -228 167 -155 48 233 39 -96 -121 34 -245 -144 -157 -92 -100 210 155 -46 -39 -115 -172 -156 -85 -53 135 131 -45 80 64 -62 -183 -126 -80 -179 61 94 -236 -124 17 179 -122 189 -153 -24 -73 200 -216 -227 166 6 83 140 60 152 -68 244 -34 -167 -30 79 -57 243 208 149 -200 -182 194 74 -2 -77 28 -178 -76 177 -64 214 9 222 -23 144 -217 -225 116 -50 -151 -52 217 -81 -237 178 89 -120 -114 -243 -106 -219 -10 199 -60 70 -103 -180 -231 11 67 -18 46 161 -90 -19 -138 216 -196 104 -186 -238 176 -211 248 99 -130 24 241 42 168 103 -235 -32 207 -69 -22 -161 -221 150 196 91 95 57 1 133 -31 -55 219 -199 -207 156 19 75 3 -9 -13 -142 -91 30 5 -4 77 -111 -149 114 18 -29 211 -198 105 -229 -49 51 186 169 10 -135 231 92 102 238 12 -8 -197 0 43 106 -15 174 -214 7 235 -210 -25 66 160 -203 73 -40 108 81 -174 27 -75 63 -93 -110 -195 -125 21 206 -192 -176 69 -41 -7 -193 -107 109 -222 -175 122 -133 -82 26 -191 87 40 -1 -165 143 202 -223 101 -160 185 139 -188 164 -246 -47 -189 -128 -230 157 -158 136 -17 137 228 52 -205 56 -239 -102 -21 -146 50 14 -202 115 -5 146 -70 -108 -140 -28 -249 165 -201 147 -131 193 107 -141 65 239 -67 -3 -98 172 78 -148 170 130 -218 113 223 -11 8 -212 -87 97 58 -233 175 -58 120 162 -129 62 15 197 187 209 -240 22 237 182 -184 4 184 -164 -59 158 -113 -127 112 232 154 -137 153 148 163 205 -241 128 -61 192 -38 195 -63 224 -16 -37 85 215 118 159 -123 -74 124 245 123 -242 132 38 -244 225 141 -14 229 
TEST 189 ARG:87 41 242 -222 26 78 -247 144 -61 199 -74 -20 80 -72 -44 176 6 97 -147 107 219 84 9 36 156 -105 -67 -114 -58 116 -151 170 169 16 46 -98 249 -70 -182 13 183 216 -82 39 -101 -238 160 135 -94 245 -206 230 86 -141 -201 19 -153 127 -202 63 -85 248 -185 -240 -12 -249 -245 -71 125 -50 -174 -136 -83 -190 -205 40 165 -113 -177 110 73 113 -103 -19 -178 -154 -120 -203 77 204 -181 -87 -78 178 -179 -10 -227 -4 -221 -1 -46 153 140 55 114 -63 98 -212 238 -112 203 -192 -38 118 -220 177 -231 139 209 -32 -241 -22 179 192 82 143 85 161 67 -123 -187 1 37 -176 134 -230 83 14 -237 -160 70 -65 -139 -121 68 220 142 15 53 48 -133 52 -142 -35 164 -165 -62 138 59 28 240 205 112 -110 137 246 197 -34 226 -235 42 -40 38 -173 106 -215 29 185 -96 -158 -191 191 136 236 64 -194 -99 -164 -233 172 94 -47 -161 190 -172 -29 -100 -198 -195 237 -138 -48 -7 -24 -5 101 -11 27 51 -51 -6 56 -95 99 181 150 211 -193 215 -37 96 -15 188 -196 117 171 -156 166 -88 -157 213 -117 -199 -125 -52 247 141 -13 119 217 -89 44 234 32 33 -155 69 100 -30 43 -33 -77 -59 -107 -162 57 152 -134 -111 -131 -42 -102 -31 -23 -75 81 187 50 -175 88 -122 201 -234 241 130 235 -137 -17 -76 -57 -210 -69 206 102 233 121 -41 -146 -216 -244 -92 -167 -8 -115 -36 155 -140 -16 -143 227 3 212 -49 -25 122 -56 -43 65 207 104 -188 224 105 123 -127 115 49 58 163 210 200 92 23 -26 -126 93 -159 -128 -148 -55 -189 -218 -180 239 -242 -217 -223 -144 158 -225 -209 -64 168 -9 -219 -169 -246 90 232 -97 214 131 -118 -104 -109 -60 74 221 244 -135 -93 243 108 5 -86 -250 -213 120 -211 -84 208 -27 231 194 -171 12 -81 193 -132 71 126 180 202 -226 174 30 149 -45 -236 145 54 228 -166 -208 189 109 -119 222 -152 -18 -170 4 182 -106 -108 146 -129 62 -207 223 45 -90 -66 -168 162 -184 11 76 -204 195 20 61 -228 -145 198 -53 133 -28 -239 8 34 -229 -21 -79 -80 75 225 -150 -73 -163 89 -224 -39 157 2 -248 218 18 148 22 -243 -214 -197 0 -200 -2 173 -232 151 175 -91 24 159 -116 147 72 91 186 66 -183 79 129 -149 35 196 95 17 124 128 -54 229 -14 -186 184 10 167 7 -3 25 47 31 -68 154 -124 21 111 60 103 -130 132 
TEST 190 ARG:-233 51 -66 -20 -250 46 -96 177 -111 137 -125 -95 245 65 -13 160 135 85 -140 -83 179 210 -230 -54 59 107 130 81 140 89 80 134 -248 -74 120 -120 -28 165 49 143 202 -188 162 -208 -17 -46 -143 -37 33 -222 232 -191 78 -77 5 -79 219 57 -190 -80 -216 110 174 247 -163 206 -166 233 -189 21 1 195 229 -232 73 -23 -97 -197 -195 7 4 10 100 244 -146 139 -171 -131 -240 118 230 -55 8 -25 19 102 171 -203 -168 76 34 -211 150 -21 -59 99 -62 -182 -31 204 -173 79 145 -51 188 113 -103 207 116 246 163 2 234 -82 54 -152 -42 -12 -219 152 -194 -207 128 -68 -170 39 203 58 12 151 90 111 -115 -69 -40 211 -43 26 -245 -81 20 -92 -75 183 221 226 -139 -4 176 -231 231 -45 -94 17 83 -11 235 18 156 182 -201 190 15 -144 149 -122 -243 -108 -176 -124 -149 216 -142 72 -158 147 -237 178 70 192 -38 -100 -175 -135 -179 -153 239 -41 -56 122 44 47 153 6 -2 -169 208 41 180 -22 -164 82 189 -98 238 -209 -192 108 -64 45 -130 75 28 -35 242 -218 185 157 196 -212 16 -132 227 131 138 -18 66 -224 223 125 -72 0 -223 9 159 184 23 22 68 -241 -156 91 -126 -157 -76 -71 -93 -148 -228 212 -247 48 -50 -24 -63 -109 -150 -3 -10 42 14 194 -113 -238 -242 -226 31 224 -204 30 119 95 -27 25 -104 86 166 -137 -159 -33 112 173 -160 142 -116 -57 217 240 141 -61 -89 -184 24 71 -246 -90 -249 -133 169 214 213 -161 38 -73 -167 -165 115 84 -181 -180 241 -5 -88 -34 -6 -213 123 -52 -121 67 -183 -138 -30 -147 -199 161 63 98 -70 -110 -155 248 -234 -215 -225 -235 -101 -29 -8 148 62 -205 -32 -154 -36 -141 -200 -177 198 55 -58 -85 -118 -105 193 29 201 -244 154 36 237 -172 -196 -44 155 3 209 -239 -185 92 225 -123 -217 136 228 96 222 132 186 -48 -87 -78 -129 -214 94 -114 -178 43 236 -186 205 52 -49 105 11 -128 -14 121 40 -210 -119 -187 -127 -16 -102 129 199 104 -47 53 175 60 -67 -7 106 158 127 170 88 218 215 -193 -39 -174 -145 -9 50 168 74 243 87 -229 103 -15 109 -60 -220 69 -206 -136 -221 197 191 97 -198 -26 117 -151 32 187 101 126 -202 64 -134 -107 -91 -84 172 -1 -65 220 181 -99 -106 249 93 -19 200 167 133 -236 56 61 77 146 35 -227 27 124 -117 37 13 164 -53 -86 -162 114 144 -112 
TEST 191 ARG:38 -98 -4 -201 -11 -246 -120 242 200 105 -118 198 -219 -145 83 224 203 -124 13 247 -141 -233 58 -146 -195 -66 -156 12 -75 223 208 231 123 -2 -228 -196 0 -160 128 -122 -125 240 136 -216 183 -17 121 -31 23 59 -35 78 -61 122 166 187 16 -166 196 226 249 132 103 142 -138 8 -65 217 -46 210 22 -82 75 96 -163 17 206 -159 222 -54 185 69 -102 50 -185 -226 64 159 39 97 202 57 221 158 -36 -77 -250 -40 -73 -173 -74 -110 -217 -177 85 -117 36 147 -242 216 -165 14 100 -212 -21 149 20 98 -19 -208 156 151 67 -60 -155 139 -221 -45 -210 -175 -207 -48 26 197 -76 -100 -39 127 -190 -150 -243 -97 -108 28 160 162 -59 -180 81 -176 207 -69 82 182 -88 152 -7 -20 -248 -174 -87 76 -129 -238 -109 241 -158 -186 161 -189 236 -148 79 233 -211 -227 37 -119 93 228 173 -154 -232 134 -149 21 68 120 -92 -209 140 168 55 195 31 -107 135 229 -6 145 -95 3 112 43 -53 41 -204 -55 -136 30 181 -90 -198 -170 -50 -140 34 -38 239 -183 235 49 213 -24 178 -128 44 -193 176 114 99 -18 113 -86 -235 -1 -67 -13 -68 11 -96 174 138 234 66 -58 -99 -81 243 -168 -143 -78 -236 45 -164 -22 61 209 -5 245 246 -179 143 -171 -188 -28 9 -70 244 10 -49 -71 7 -104 -225 131 191 220 -205 -106 133 118 163 -25 218 153 95 137 18 -43 211 141 70 87 15 189 -239 25 238 111 -64 -172 -112 175 -220 -63 124 -57 -234 130 54 -3 -139 -89 -14 154 -229 119 -15 214 -231 -202 -83 190 -103 -84 73 237 40 -115 -237 -126 129 91 -199 74 -142 -12 219 126 194 225 165 72 6 35 117 -153 86 -23 -93 -244 102 108 179 92 248 193 -91 -157 -113 205 215 157 52 -247 104 -116 -192 63 177 -169 -167 88 46 -62 171 188 -101 -47 201 29 -131 212 -161 -241 24 148 -29 107 109 33 230 -213 65 -132 184 -56 -114 53 42 -27 -51 -151 -200 -181 -206 -37 80 -144 172 -52 48 167 -191 115 -130 84 186 -44 -80 51 -187 -137 -162 204 -152 -72 -16 232 164 -85 110 -8 -215 -134 180 170 -184 -9 -249 -218 -105 -194 -178 -214 2 101 -127 27 -111 1 19 -10 -224 -222 -147 62 199 -197 56 94 -133 -135 90 71 47 -230 192 5 -30 -223 -245 -182 116 -94 60 -79 32 169 -240 -123 -203 125 -32 227 146 106 144 -34 89 4 150 155 -41 -33 -121 -26 -42 77 
TEST 192 ARG:-81 -18 249 168 114 -14 -128 -154 -89 -10 145 -54 132 228 198 -85 100 147 12 -46 106 -133 -70 81 37 -232 -177 -181 -125 25 65 -204 21 -167 120 -42 155 -224 -193 -107 -218 66 -71 -113 -170 -53 189 199 174 173 95 -105 177 140 233 61 -244 152 62 -176 108 26 227 63 -24 211 -103 235 88 204 -67 180 -16 167 -192 200 -120 47 -108 -140 148 -5 130 -137 246 -27 -209 -214 112 183 -52 -142 202 -123 -40 72 -135 -190 225 -208 -9 214 -238 -91 -77 232 209 -240 -172 217 -207 -74 137 105 3 -169 16 -23 -118 -2 -79 24 -191 -173 -7 -87 -223 -96 -17 -99 206 32 40 149 -88 -234 -12 7 201 90 136 -11 162 242 212 -61 44 -188 -161 -149 -134 -152 -189 190 -205 -84 -109 171 115 -20 -80 78 109 20 176 -233 -58 142 27 -213 141 -155 192 59 -249 46 203 99 121 -93 127 -147 -62 -220 170 4 -227 208 -45 216 -75 241 126 23 70 30 57 -55 156 157 -163 36 -50 163 -198 182 -148 205 -212 -51 41 -174 77 -57 178 103 188 143 146 230 185 -241 194 231 229 89 31 -187 17 73 -124 -32 -13 181 93 -203 -228 -226 -183 -157 -78 -21 -179 -237 10 11 -201 74 -196 -72 -121 -171 -22 -68 56 87 -110 -47 -175 -100 -160 248 165 161 33 131 -144 -199 -59 -76 -131 124 226 237 14 80 -34 213 -106 150 86 68 -206 117 42 160 -243 207 116 38 118 -236 54 -127 76 159 224 243 101 221 75 -63 53 52 138 104 -82 -219 -56 -29 -185 49 239 55 48 -139 98 186 28 96 -235 2 6 -97 -130 133 -248 -146 -141 -153 -19 -41 -44 -49 -145 18 -132 -25 19 -83 125 -33 -86 187 -210 -239 -247 184 -242 34 164 -64 153 -168 -92 -1 35 191 166 67 84 -164 218 247 60 135 82 -4 -129 1 -37 -95 51 107 -178 -43 -225 193 22 134 215 -38 91 119 -217 -102 -231 172 45 144 154 -111 -98 -65 -60 -31 39 123 -94 223 -202 -143 -246 -250 -115 43 -39 -126 -159 -194 238 -122 -119 -36 50 -73 -195 -166 -15 71 -162 -156 -151 195 -197 -114 -104 -26 -8 219 -215 -182 234 -186 111 -184 83 -230 -30 222 9 -245 97 175 -165 -69 0 220 -211 245 129 -117 240 -28 -90 -138 58 236 -48 -222 -116 -158 -112 -6 -35 -136 158 -150 79 5 196 179 29 244 110 8 -101 92 151 69 15 -216 113 102 -3 -66 94 13 169 64 197 -229 -200 -180 122 -221 128 85 139 210 
TEST 193 ARG:-38 -71 -107 209 -97 161 -165 -89 7 105 -193 37 -186 -45 -68 -166 87 -243 44 -218 -18 -129 -24 60 -172 83 -63 -238 53 242 64 -75 125 -120 -72 -95 -85 69 73 180 -31 144 45 -96 36 -116 4 153 -36 -230 -141 -231 -130 176 -205 127 109 175 -133 -137 117 201 222 -207 68 -156 21 210 -84 -105 -126 -167 10 236 -150 -246 78 245 -217 -160 -62 47 -26 193 206 108 -171 -220 208 -147 -227 205 -22 -43 -1 237 192 -134 246 -29 -225 -177 163 -237 97 -80 -57 146 65 -53 -5 -162 172 101 99 106 -213 -98 238 67 -92 159 -110 -242 -58 56 223 174 -87 156 -19 59 -55 -102 204 -93 -201 181 31 182 -245 149 166 -122 -189 -51 207 28 241 15 94 -216 -164 66 160 71 -235 -99 77 -81 -212 -20 89 -112 -86 -202 -41 -232 -198 -42 203 -182 35 -229 -52 25 198 -234 213 -223 235 -10 22 162 -197 140 -33 231 -240 -168 228 -30 -142 34 214 98 -144 23 86 70 -228 -215 -25 -13 46 165 -131 -32 123 148 -76 -60 -114 -16 191 195 -6 -108 16 2 215 -157 76 82 -224 170 -209 190 -183 151 -132 139 197 -214 152 -181 -226 39 95 232 229 41 -208 107 -148 -66 96 137 -210 100 -11 -123 -173 -83 50 154 -48 240 -67 227 -100 -249 61 -174 248 80 -8 110 -195 -154 -241 -103 219 -27 141 132 -115 239 199 200 188 243 -40 -190 38 216 -138 226 -39 -119 74 -17 -149 90 158 40 -199 33 88 111 18 -21 124 -128 -161 -37 220 233 234 249 75 194 136 85 -47 102 -23 -135 177 116 -175 -206 212 1 -28 -49 -46 -14 112 93 -69 5 -124 54 157 57 104 -152 -15 -91 -196 155 145 196 187 168 3 -111 51 120 -211 202 143 -233 128 135 -179 -125 -82 -59 -34 247 43 32 -188 13 79 -185 84 -77 178 -239 55 -146 -159 -143 -44 14 173 -56 -192 -7 -106 -155 -248 169 -163 -145 126 -187 133 -180 -250 -221 -101 49 -236 81 27 -113 218 12 -176 91 -64 189 230 42 -104 63 138 130 26 129 186 114 -78 -70 -140 -204 -73 24 -35 167 -139 179 -203 62 164 -194 11 -169 -74 -65 224 103 171 30 17 58 8 52 -90 -136 19 184 142 -117 115 -79 122 -3 -9 131 -247 9 -151 118 92 -94 244 0 121 211 20 185 217 113 -244 -54 -12 -170 119 -153 -200 183 72 -121 134 -178 -4 -61 -219 6 150 225 48 -118 221 -2 -50 29 -191 -184 -109 -158 -88 -222 -127 147 
TEST 194 ARG:-20 41 -53 48 -50 -227 88 36 -242 130 54 -207 144 214 -7 -118 186 116 -119 -28 -143 -233 -243 -168 156 16 -140 -35 -126 -115 -59 77 -229 -23 39 197 -170 103 18 191 -163 76 63 -164 101 176 -117 -73 234 -36 187 143 -156 -33 9 23 249 -109 -184 104 -165 56 189 57 221 174 80 -206 151 129 1 -2 -214 89 -131 165 -218 -77 -188 114 28 -24 74 -216 -127 -211 248 15 194 245 206 241 233 -61 5 -91 237 -22 105 -6 -153 87 -191 -99 -125 137 -104 199 183 73 242 -80 -5 100 -66 98 -132 -89 -57 213 -55 -14 -105 200 -107 -52 110 210 -124 -128 225 78 196 215 44 -74 -12 131 126 -240 122 -175 -183 84 61 72 134 -215 95 112 -166 108 -114 -154 69 99 -87 162 135 -90 33 -40 106 209 -146 -81 146 -203 -31 150 141 -248 -45 -133 -93 65 136 -84 149 -162 -51 -29 27 -79 51 -100 184 -155 -18 243 -160 -186 -172 -110 -223 0 13 -212 -72 179 111 -44 -130 -201 64 -70 85 181 -94 66 -96 113 229 75 218 11 -200 -247 47 -113 -69 230 -151 173 220 46 203 96 58 -230 -180 7 223 154 -149 42 -76 37 -26 -152 32 49 -235 -148 123 97 -158 59 20 128 -190 55 -135 -37 -144 -8 231 -83 -111 168 -108 24 158 -226 -65 -205 -39 71 -9 40 -120 -38 -147 138 132 -122 17 -177 -194 208 53 35 -150 -197 -238 133 21 -43 -224 190 175 -48 -13 148 -169 177 -67 -60 160 142 145 -136 167 -116 -250 -174 3 10 -92 -221 -213 94 227 -220 244 -137 -208 -145 -1 -62 120 -217 107 -193 -179 239 91 -30 -195 -237 38 193 -78 -234 170 45 171 -157 185 -167 198 222 -192 -189 -16 31 226 166 -82 121 -34 182 -173 -202 -123 -185 -25 140 232 -3 118 247 -245 -58 12 79 -129 -4 202 22 -63 -97 -49 -32 -103 153 -75 -178 211 60 152 -187 -196 -176 125 192 169 235 201 217 43 109 -21 -198 93 30 -239 -17 62 -182 188 -10 -42 -142 -222 147 68 163 207 67 -141 195 -47 161 216 -139 124 -232 228 92 180 -98 70 -46 34 205 117 178 83 -161 -241 -56 29 155 -102 -228 -11 139 -15 -101 2 -88 -27 -209 240 159 -181 212 -134 236 -85 -121 127 -19 -219 26 -249 81 -246 90 204 -41 -204 119 -244 -71 -138 -106 238 82 -54 102 4 -68 224 -86 50 25 -112 -159 -64 -236 -171 164 115 19 -225 172 246 86 14 52 -210 8 -199 -231 157 -95 219 6 
TEST 195 ARG:-124 -46 -233 66 101 -128 -152 -219 -73 143 32 55 -66 -162 9 -20 128 -53 -132 50 67 231 135 -122 40 171 -118 104 -126 -112 89 -97 -59 152 -135 -137 -80 -141 -227 -212 -38 234 1 -123 78 245 173 -185 -99 2 58 -1 -248 129 -121 99 192 -245 93 186 68 -61 213 22 -199 169 84 -242 13 -186 12 -153 -175 97 178 -244 -202 -183 18 -240 -111 79 -216 196 168 -25 -133 82 -188 106 182 243 160 -72 -204 -98 179 27 -235 149 -237 8 -69 -129 91 -131 28 195 -6 -120 -13 174 -145 -246 187 -83 71 -37 153 172 -180 110 -70 102 -239 -119 -201 219 46 16 -214 39 206 -57 15 224 -45 117 161 -42 155 127 233 -74 136 -117 -170 -3 -178 -206 -184 -142 197 -104 5 -4 -172 -82 -41 190 246 238 109 10 203 -110 73 -232 220 -29 122 -30 -8 -107 145 -51 -16 -241 23 -54 -44 121 19 236 -168 -250 165 -195 51 -238 37 -11 -79 120 -159 -218 193 146 180 -23 209 -55 -91 75 -150 59 -197 -143 -40 205 -217 141 -10 -90 31 -169 248 -34 -229 107 80 -221 185 -21 0 -231 247 -210 60 244 175 29 47 -138 -151 111 -194 105 189 -173 -171 124 -192 96 207 49 -103 130 -102 95 62 -187 199 -234 -113 -200 -63 94 -226 -181 -228 81 -60 242 43 -125 -65 -36 -85 223 -100 11 139 -155 -223 -166 42 -156 98 54 134 183 -87 -236 52 176 159 -215 -15 -48 112 215 -95 -182 36 137 20 -78 -62 26 -67 -161 -193 -176 -9 -22 103 225 -127 -114 228 -75 -58 -139 -154 -31 -116 177 181 147 140 -225 210 -14 34 -81 -7 144 -157 204 -39 -211 -140 -5 138 83 -149 -147 -88 -43 41 -105 14 -196 114 3 123 -89 -76 167 -93 -222 57 6 -19 237 115 53 208 64 92 214 -160 -134 -64 65 113 -86 156 44 217 -243 158 212 70 -94 100 211 -191 119 48 -179 232 -18 77 164 -27 -167 -205 133 -158 -35 222 76 218 142 150 -177 -24 -17 125 241 200 -12 30 90 -247 108 118 -33 24 -115 -108 4 -209 191 229 -136 -130 -189 -249 25 -165 201 74 -213 -32 226 88 85 61 239 -56 227 -109 -2 194 235 17 -148 -106 -198 202 240 -146 166 154 35 86 -47 188 21 198 -220 116 216 -28 132 126 7 56 45 131 184 87 163 151 157 148 -26 -190 38 -68 162 -71 170 -144 -77 63 -50 221 -174 33 -92 -207 -52 -49 -230 69 -203 -164 -96 230 -208 -163 -84 -101 72 -224 249 
TEST 196 ARG:120 -188 187 8 -189 -105 108 231 95 4 -162 -240 12 198 -173 -208 75 107 -134 -58 -44 -172 171 -211 -184 -34 -244 18 -5 -174 220 229 -39 180 -150 236 -86 217 -176 -237 -207 -157 121 195 -231 -81 248 -228 -8 -221 41 17 199 -185 -83 -28 34 130 -235 -31 -36 128 2 -238 30 38 -130 -107 26 249 145 -22 146 -195 245 -50 137 -222 21 -146 -90 -59 33 -227 -226 163 93 246 -7 78 68 238 209 -71 -3 35 201 -181 90 154 6 9 -248 -62 49 -220 -118 37 70 184 -186 206 177 -16 -245 -75 72 -114 216 -131 -106 -179 -183 -66 -210 -199 -212 59 158 -20 213 -113 165 10 7 67 138 -9 -98 132 32 -40 31 -78 -201 -21 -217 193 40 -141 -26 43 140 16 -151 106 -197 23 113 103 116 112 105 109 80 134 -203 122 58 81 -92 57 -73 -10 -206 -229 115 65 -110 25 247 54 221 125 -64 240 71 164 162 230 161 -187 -196 -138 -80 127 94 225 -194 82 167 -125 -171 -236 -70 189 -43 27 192 -198 -120 118 166 13 -219 3 242 211 197 -191 -23 202 101 -239 -193 50 -38 47 224 66 150 -165 63 -143 -163 123 114 190 11 -56 -95 99 -115 24 -177 -243 214 -182 -51 -89 239 39 129 -104 -135 194 36 110 -246 -46 -209 102 204 -32 89 83 151 -175 -215 -202 133 219 -67 -168 61 -123 156 148 -109 -24 74 -37 45 -124 203 218 46 -4 -178 -96 -49 135 -250 136 -140 126 -94 52 -200 186 -55 -147 -117 97 -139 19 48 157 131 28 173 100 -85 226 119 -159 -42 -233 -154 -65 -97 159 -84 -63 88 234 -234 170 -148 -6 -180 -230 -112 -232 179 -12 -214 84 -87 232 96 22 -128 20 -76 -45 -213 56 -33 176 155 53 -91 235 -101 29 -170 -204 244 -247 14 -19 228 92 64 -218 5 -27 -52 62 243 -119 -30 -144 -132 -249 -11 124 147 44 51 215 -153 -82 86 183 -18 -161 174 76 241 200 -25 223 212 1 -61 -126 207 -155 -57 -79 -166 15 237 79 222 185 -35 142 117 210 -47 -72 -190 -121 153 -158 91 77 205 -54 -53 -142 87 -60 -17 191 -224 -192 196 -223 -152 -160 -41 -164 -68 73 -99 181 -156 178 55 -1 42 -169 -93 160 -241 -29 172 168 -74 149 98 141 -48 169 152 -129 -149 144 227 -111 -225 -242 143 -167 233 -15 -14 188 -77 182 -103 -145 -69 -2 104 -205 0 -100 -88 139 69 -133 175 -116 -13 -108 -102 -122 85 -136 -137 -216 208 111 -127 60 
TEST 197 ARG:-151 190 170 -40 182 219 -100 -109 176 -158 -215 -161 -177 167 -190 -170 151 169 81 -6 119 -36 -83 -88 -239 44 -217 111 102 -105 146 208 -85 157 179 1 -94 -140 -249 188 186 -2 -232 -113 -4 11 33 -226 -9 -176 -173 -203 -122 -111 166 -236 50 -47 47 227 110 -205 -77 -33 -19 -31 229 -30 224 193 232 -164 -195 -228 217 68 0 23 -110 70 -106 -160 97 -202 -60 140 -58 185 15 174 -159 18 -16 5 74 60 30 199 239 240 57 54 27 -204 -82 -221 247 230 160 135 153 -95 -112 233 145 136 -127 -246 -175 -11 -75 26 -230 87 141 154 -229 -137 245 96 -79 -39 -231 215 76 -74 -120 92 -42 72 -26 216 171 93 -67 -237 82 7 3 -27 -219 20 -25 209 -37 -192 -132 248 94 12 73 -131 -119 -145 25 133 -89 221 -141 -165 -62 -222 104 -130 43 -20 91 -68 243 -225 21 65 61 204 -90 -162 164 107 36 -18 -48 128 -101 -102 -80 34 -223 -153 139 189 -114 150 -200 -146 122 14 -29 59 131 -81 -10 -199 -104 -14 -108 53 -136 -208 37 -197 -167 -1 -12 -46 64 149 198 -118 112 86 -91 -116 -126 24 -8 -216 -21 -166 49 -41 109 126 -174 85 39 234 -180 -93 -15 -54 -148 32 177 -213 -115 -181 -45 134 192 -139 -147 213 218 -238 -23 183 -138 158 121 156 -92 -142 62 4 -57 22 88 -78 -64 120 142 -32 152 29 -188 52 180 -169 -155 -107 147 84 191 66 143 -123 17 35 -220 187 172 223 19 -43 -70 -183 197 42 16 -134 246 211 203 -193 238 -52 -187 207 -135 75 55 -206 -22 -240 118 116 40 -71 -182 -163 -65 -50 89 228 114 -51 -196 8 78 -133 168 -3 103 -87 -98 101 -241 -103 -144 9 159 -157 -86 202 108 -214 130 -224 -55 -24 205 195 -207 67 222 200 178 -168 -178 236 165 -99 71 137 144 83 41 214 -150 -212 237 -38 -76 -72 45 196 194 -211 -250 148 10 -35 -143 117 138 244 -129 -189 -125 -49 -5 -247 2 -66 63 -117 -234 -73 -245 206 184 127 -194 163 242 58 113 -56 -128 95 -156 155 225 38 100 -191 31 -44 -186 173 -149 161 -7 90 13 79 -152 98 51 -185 201 105 212 241 -233 -227 99 249 -96 80 -59 220 -243 -63 226 -121 -218 -61 -242 48 -198 46 -97 123 -248 129 -184 -201 -235 -210 210 181 231 -244 125 124 115 -172 69 -69 -34 77 -17 -154 -28 -209 175 -171 28 56 -179 132 -84 -53 -13 235 -124 6 162 106 
TEST 198 ARG:-235 139 211 24 180 -81 -17 -151 48 143 -128 148 151 -138 243 -131 -10 -40 -42 150 45 174 -172 -36 -164 -84 224 197 -59 3 26 206 -127 87 2 179 245 -21 123 175 -205 -99 126 34 141 -95 -86 182 216 6 221 214 167 215 -54 -218 56 -2 -144 -176 5 -204 108 -237 -5 -85 -11 8 109 38 -50 -104 -197 249 -225 -122 -39 -98 31 162 -185 106 154 61 -228 -216 -88 -68 128 23 -142 -34 -76 -44 -221 63 164 -112 -170 -180 -241 236 53 240 -214 14 169 -94 113 -137 96 -62 102 -83 -119 193 79 -236 57 75 -29 -43 -24 121 222 242 -162 -232 -168 -130 -186 186 39 177 35 -46 196 -230 -15 -12 -67 -105 -248 -247 -192 -196 -120 20 100 -240 -109 -35 -244 88 -157 -129 -26 89 185 -132 219 147 49 -20 127 40 -96 140 107 226 77 90 -177 220 -91 132 176 118 246 -139 104 -41 153 -213 -57 -206 -89 -163 -124 83 -193 117 -14 -72 -108 -64 -82 71 -92 54 80 -191 233 28 -58 142 -224 200 -135 -182 -181 -208 229 17 122 -207 160 44 -143 -38 166 235 218 -239 -134 10 74 124 199 -234 94 210 25 84 -195 -116 145 65 73 170 32 -167 -77 114 -174 -136 51 -160 -53 11 158 -3 -106 -220 9 -183 135 -238 -178 -202 -203 42 -47 91 -166 13 -153 -125 192 -74 247 78 -61 -226 -209 111 209 155 -243 -169 -217 133 -154 -156 -249 -194 -242 -111 -70 232 -100 137 -158 244 191 -146 -107 204 157 -4 -155 237 103 217 30 -231 -78 -28 97 59 -175 136 110 165 -200 68 138 -165 1 161 -148 21 195 119 173 213 -173 207 81 70 52 29 184 -56 -211 171 -30 -90 -23 0 241 -149 -18 -114 -140 146 129 -87 101 -63 -121 22 -152 -79 18 159 187 82 67 16 -97 116 -222 168 41 43 37 134 -25 -198 -51 188 115 -189 98 -37 -65 144 -113 227 33 183 -133 -171 69 66 130 -179 149 234 -8 -27 -233 -215 152 -212 -49 172 -22 93 27 -210 -123 -19 -110 -219 -48 55 190 198 112 -7 -184 -73 95 85 239 105 -80 -147 -141 -9 92 -250 -45 -118 131 72 86 203 -103 15 47 12 -161 231 194 225 76 178 36 -101 212 -223 46 7 228 -117 62 189 -69 -16 -102 58 -60 201 -159 -245 -201 156 230 -126 -66 50 -199 181 -32 -93 -227 -187 205 64 -31 -145 99 4 248 -6 -150 120 -52 -33 202 -71 163 125 223 -1 238 -246 60 19 -190 -115 -188 -13 -55 -75 -229 208 
TEST 199 ARG:-54 106 -182 -82 238 -53 136 86 -186 163 147 -131 -100 14 -22 -59 -104 15 -48 -24 -138 -71 19 21 -3 -28 240 195 237 -219 29 115 -92 35 -101 155 23 222 -201 52 111 207 94 -178 60 -155 -135 -36 -12 -170 187 -122 100 -27 -29 212 26 77 44 -167 50 -45 -49 54 172 -213 -42 235 107 -78 -217 74 176 -127 -188 -190 -216 213 87 108 193 30 180 -183 -228 -132 248 -162 -125 -226 -5 -204 242 -193 93 -229 -136 202 105 -237 -234 114 -76 -89 -159 -21 -141 -154 -30 -80 -105 149 -184 -6 -208 -60 206 103 20 197 -17 183 79 -174 116 -247 -181 22 186 102 -74 -176 153 175 -121 -148 128 -205 -129 76 236 156 -62 -124 81 28 -94 -9 112 -37 109 -179 -203 -10 45 -11 -130 126 249 -187 -67 -152 209 132 -143 2 0 9 -169 228 82 -102 -240 -68 104 98 56 -26 99 -70 133 204 61 -212 -7 71 88 151 -63 -215 168 -20 -18 173 -137 -98 178 192 13 -19 -192 90 191 -103 -236 -145 73 57 152 148 179 66 215 -191 -47 95 8 72 37 -86 131 -177 -214 84 80 -40 130 -34 48 -160 -223 154 -161 -75 78 161 53 -44 -116 -52 -225 -41 -146 27 -126 -38 17 40 43 150 -211 229 91 137 129 89 233 164 134 124 -224 -241 4 144 24 -173 -51 10 184 119 219 216 227 160 241 139 -108 -232 -233 -140 1 -87 -39 -220 -85 -150 -235 -1 121 69 159 -172 64 118 122 201 181 169 -81 49 -117 166 -209 239 -115 230 182 -33 138 97 -56 218 -250 -69 -93 -46 -4 -231 -58 -88 -57 -99 -8 140 -64 142 96 -230 -2 -112 157 59 167 -221 -123 -199 174 -118 -222 -113 -134 7 42 225 -168 -110 3 247 143 232 -23 158 36 -31 5 -218 -171 -90 55 -91 211 -120 -194 208 -166 62 210 101 -97 -139 34 -43 -165 6 -95 -195 51 146 -15 125 145 -196 33 70 -66 32 177 246 -73 12 -133 47 -242 65 196 -25 203 -35 31 234 67 -106 231 244 194 165 -107 16 63 -109 46 -164 -156 162 123 -197 243 -114 38 11 205 -151 -189 -227 -158 -79 190 113 -153 83 117 199 -55 -206 226 -13 -61 127 92 -83 -246 68 221 41 -243 -50 223 58 200 110 -200 -72 -249 224 -175 -144 135 -149 245 198 141 18 185 189 75 -163 -157 -185 85 -65 -239 -142 -128 -32 -147 -245 -202 39 -119 170 -14 -248 25 -238 214 -210 -180 217 171 188 220 -84 -111 -198 -77 -96 -207 -16 -244 120 
TEST 200 ARG:-90 171 95 -127 125 19 -119 -19 80 -158 153 0 151 205 33 25 -163 208 -144 -105 -14 137 -60 249 -96 146 -195 102 28 -35 -89 -231 -43 -48 5 -235 237 -162 -13 136 63 46 -233 209 -249 -209 -207 -34 -45 -122 191 -11 206 71 -245 -64 -81 -15 24 -219 -178 -179 195 112 -80 -50 -72 104 -49 185 207 70 -181 134 175 58 -54 -130 212 -36 -189 36 85 226 38 -22 -248 149 -165 152 135 133 68 158 -97 -186 -103 -87 -175 18 -140 204 -55 -73 128 99 141 140 235 162 53 -53 23 -29 -68 -92 147 -210 -185 238 -148 -157 -25 111 61 -8 181 -229 142 -203 -3 -160 -244 180 -58 88 168 -139 -88 236 -134 193 -184 98 -246 -188 -44 -126 -129 -183 -101 231 165 -106 103 3 -164 -28 -71 -222 12 6 -238 194 201 91 78 87 -42 -161 -2 -167 -208 225 -166 -155 51 127 77 75 43 9 -115 11 -128 179 -16 -230 203 178 -226 -86 -93 -224 -176 -40 83 216 -38 48 15 242 17 169 -110 202 143 227 -187 -82 45 130 -177 20 199 -227 -124 220 -5 -220 92 30 -74 21 -136 -102 -79 -94 -95 -143 198 -77 -174 121 -240 -66 -27 -83 -212 -142 -104 14 184 -172 -21 217 93 -198 35 29 -200 145 31 -76 243 177 -65 124 -69 240 52 -242 218 -214 -243 156 -4 -138 -250 -84 -118 -37 -193 109 84 241 65 -153 100 167 -78 -114 -201 -216 -100 -205 -98 224 1 -125 -133 -237 122 248 -168 -221 -146 107 164 166 -75 132 -91 72 39 -152 34 233 -12 -218 219 -241 66 2 232 116 -191 -18 16 120 50 196 -182 55 -223 -31 234 144 -62 -225 -131 110 113 32 -234 123 131 73 90 49 -26 197 97 -116 82 8 192 -247 41 -137 60 -9 155 229 119 -108 -61 215 114 -33 -24 108 230 210 -39 239 106 -117 76 74 -57 -47 172 -211 -194 -59 221 86 -147 -202 -156 96 247 -204 182 228 -51 -228 10 57 160 89 -145 -150 13 81 -41 -217 118 -113 246 -67 105 62 37 -120 186 79 -52 129 189 47 -171 59 138 -135 170 -154 64 -70 -121 27 22 -232 244 -190 -123 -99 -151 -236 -112 -215 176 -170 4 154 157 -107 54 187 44 115 -196 245 -56 101 -199 -213 117 -20 -17 214 -159 -23 -63 148 -111 150 -206 69 42 163 -7 -32 -192 223 126 94 139 7 -46 -169 213 -173 56 -132 -239 222 161 67 211 -197 190 -180 173 159 -10 26 -30 -141 188 183 -1 40 -85 174 -149 -109 -6 200 
TEST 201 ARG:-231 211 174 180 143 -108 -222 -196 169 -2 -67 -161 -94 245 -17 -38 -115 -179 130 51 -246 -134 -216 26 102 6 241 -97 -191 110 236 165 -195 0 140 156 179 164 -56 163 -121 200 -182 142 -163 81 43 5 72 239 232 -127 2 -188 123 -190 -150 -68 175 -227 -139 95 -52 -18 -224 -91 -128 -95 120 194 -162 -45 151 -10 -7 -31 -84 121 -133 -86 -51 -43 203 244 29 -201 67 187 -70 82 138 -102 199 85 77 -223 -230 -35 -208 -11 -61 -143 -79 7 227 -245 189 -217 -239 -210 -87 -173 -229 58 -171 224 -14 -30 190 222 -247 4 178 61 54 243 22 40 119 -126 219 66 -184 -248 213 87 127 -200 116 19 -122 75 -101 -155 221 -219 176 20 129 -103 86 126 -145 -64 181 -42 193 230 39 185 -147 141 24 -26 -123 229 124 -233 -205 192 -59 -199 188 248 -28 162 68 161 201 226 -234 -228 168 112 171 -187 196 246 -194 216 -55 -218 136 -111 -4 16 38 182 -96 109 -15 -74 -183 -40 153 128 -9 96 71 234 204 -132 34 -176 25 158 122 55 155 70 170 74 249 195 69 99 -90 -250 -241 -81 -159 -197 125 79 84 -34 147 -141 -174 152 108 27 -136 -54 -27 208 149 -78 -249 135 132 -125 -1 -180 220 225 62 33 13 -72 -213 -172 80 -129 -157 -39 88 -166 53 145 -21 -93 -243 -225 63 -153 172 -137 214 -112 -98 -235 -109 65 167 44 -211 -135 97 -32 -170 -198 118 -85 -117 -6 -48 217 36 100 -66 -181 -36 -119 186 89 -19 184 -53 90 92 166 -140 -209 -65 93 -41 131 3 -12 -92 -69 98 -164 159 -63 15 139 154 133 -242 -165 -46 -80 60 14 144 -76 10 -178 9 -244 191 -71 104 -20 73 -124 -13 35 173 -107 -193 231 -24 50 -175 223 103 146 -23 -226 -37 235 94 -120 -88 -73 -146 205 48 -29 -177 -212 212 -192 -158 113 11 49 -89 46 -214 -144 -99 -207 -5 114 150 207 -202 31 21 42 -83 -189 -206 218 -240 209 198 78 37 -149 -100 -110 64 137 17 -142 115 -118 107 -131 -44 -8 -60 247 -156 30 18 -130 -25 -154 202 1 148 183 -237 206 210 12 105 -113 -220 160 -148 -105 -33 -138 -106 233 -116 -238 157 -57 -49 177 -47 -82 -75 59 -152 -236 56 52 -3 111 -77 47 57 -16 -58 83 -168 23 134 45 -104 -215 238 -232 41 215 -22 228 -151 -114 240 -186 -50 -167 32 101 76 242 -185 91 -204 8 -160 -203 -62 106 -221 197 117 28 237 -169 
OK
All size test
